pblancId,seq,url,status,http,content_type,filename,size,path,error
PBLN_000000000125402,0,https://www.bizinfo.go.kr/cmm/fms/getImageFile.do?atchFileId=FILE_000000000768965&fileSn=0,ok,200,application/x-download,붙임1 기업환경 개선사업 공고문.hwpx,92879,api\PBLN_000000000125402\0_붙임1 기업환경 개선사업 공고문.hwpx,
PBLN_000000000125401,0,https://www.bizinfo.go.kr/cmm/fms/getImageFile.do?atchFileId=FILE_000000000768963&fileSn=0,ok,200,application/x-download,1. 2026 경기도 무역위기 대응 K-FOOD 싱가포르 통상촉진단 참가기업 모집 공고.pdf,232998,api\PBLN_000000000125401\0_1. 2026 경기도 무역위기 대응 K-FOOD 싱가포르 통상촉진단 참가기업 모집 공고.pdf,
PBLN_000000000125400,0,https://www.bizinfo.go.kr/cmm/fms/getImageFile.do?atchFileId=FILE_000000000768961&fileSn=1,ok,200,application/x-download,2026 여주시 중화권 해외시장개척단 재공고문.hwpx,83655,api\PBLN_000000000125400\0_2026 여주시 중화권 해외시장개척단 재공고문.hwpx,
PBLN_000000000125399,0,https://www.bizinfo.go.kr/cmm/fms/getImageFile.do?atchFileId=FILE_000000000768947&fileSn=0,ok,200,application/x-download,2027년 기업환경 개선사업 신청 안내.pdf,76041,api\PBLN_000000000125399\0_2027년 기업환경 개선사업 신청 안내.pdf,
PBLN_000000000125398,0,https://www.bizinfo.go.kr/cmm/fms/getImageFile.do?atchFileId=FILE_000000000768945&fileSn=1,ok,200,application/x-download,붙임 1. 김포시 중소기업 국도비 유치 지원사업 추가모집 공고문.hwp,142336,api\PBLN_000000000125398\0_붙임 1. 김포시 중소기업 국도비 유치 지원사업 추가모집 공고문.hwp,
PBLN_000000000125397,0,https://www.bizinfo.go.kr/cmm/fms/getImageFile.do?atchFileId=FILE_000000000768941&fileSn=0,ok,200,application/x-download,2026년 용인시 우수기업 공고문.hwpx,92464,api\PBLN_000000000125397\0_2026년 용인시 우수기업 공고문.hwpx,
PBLN_000000000125396,0,https://www.bizinfo.go.kr/cmm/fms/getImageFile.do?atchFileId=FILE_000000000768910&fileSn=1,ok,200,application/x-download,2026년_사회연대경제_청년_일경험사업_참여_기업_추가(4차)_모집_공고(문).pdf,438620,api\PBLN_000000000125396\0_2026년_사회연대경제_청년_일경험사업_참여_기업_추가(4차)_모집_공고(문).pdf,
PBLN_000000000125395,0,https://www.bizinfo.go.kr/cmm/fms/getImageFile.do?atchFileId=FILE_000000000768906&fileSn=0,ok,200,application/x-download,붙임 1. 인플루언서 추가모집 공고.pdf,1188897,api\PBLN_000000000125395\0_붙임 1. 인플루언서 추가모집 공고.pdf,
PBLN_000000000125394,0,https://www.bizinfo.go.kr/cmm/fms/getImageFile.do?atchFileId=FILE_000000000768937&fileSn=0,ok,200,application/x-download,[공고문] 2027년 기업환경 개선사업 공고문.hwpx,77397,api\PBLN_000000000125394\0_[공고문] 2027년 기업환경 개선사업 공고문.hwpx,
PBLN_000000000125393,0,https://www.bizinfo.go.kr/cmm/fms/getImageFile.do?atchFileId=FILE_000000000768939&fileSn=1,ok,200,application/x-download,[공고] 2026년 메가쇼 시즌2 단체관 참가 지원사업 참가기업 모집 공고+.pdf,244073,api\PBLN_000000000125393\0_[공고] 2026년 메가쇼 시즌2 단체관 참가 지원사업 참가기업 모집 공고+.pdf,
PBLN_000000000125392,0,https://www.bizinfo.go.kr/cmm/fms/getImageFile.do?atchFileId=FILE_000000000768933&fileSn=1,ok,200,application/x-download,참여기업 모집 공고문(기간연장).hwpx,119820,api\PBLN_000000000125392\0_참여기업 모집 공고문(기간연장).hwpx,
PBLN_000000000125391,0,https://www.bizinfo.go.kr/cmm/fms/getImageFile.do?atchFileId=FILE_000000000768904&fileSn=1,ok,200,application/x-download,「중동사태 어업용 면세유 유가연동보조금 지원사업」신청 공고+.pdf,226795,api\PBLN_000000000125391\0_「중동사태 어업용 면세유 유가연동보조금 지원사업」신청 공고+.pdf,
PBLN_000000000125390,0,https://www.bizinfo.go.kr/cmm/fms/getImageFile.do?atchFileId=FILE_000000000768927&fileSn=0,ok,200,application/x-download,[붙임1]3차 추가공모 공고문.pdf,129930,api\PBLN_000000000125390\0_[붙임1]3차 추가공모 공고문.pdf,
PBLN_000000000125389,0,https://www.bizinfo.go.kr/cmm/fms/getImageFile.do?atchFileId=FILE_000000000768929&fileSn=1,ok,200,application/x-download,붙임1. 사업공고문(2026 충북 농식품 호주 무역사절단 파견).hwp,169472,api\PBLN_000000000125389\0_붙임1. 사업공고문(2026 충북 농식품 호주 무역사절단 파견).hwp,
PBLN_000000000125388,0,https://www.bizinfo.go.kr/cmm/fms/getImageFile.do?atchFileId=FILE_000000000768923&fileSn=0,ok,200,application/x-download,[BOUNCE 2026] 스타트업 오픈이노베이션 페스타 참여기업 모집 공고.pdf,107621,api\PBLN_000000000125388\0_[BOUNCE 2026] 스타트업 오픈이노베이션 페스타 참여기업 모집 공고.pdf,
PBLN_000000000125387,0,https://www.bizinfo.go.kr/cmm/fms/getImageFile.do?atchFileId=FILE_000000000768921&fileSn=0,ok,200,application/x-download,2026년 시흥맞춤 명품점포 지원사업 공고문(연장).pdf,462645,api\PBLN_000000000125387\0_2026년 시흥맞춤 명품점포 지원사업 공고문(연장).pdf,
PBLN_000000000125386,0,https://www.bizinfo.go.kr/cmm/fms/getImageFile.do?atchFileId=FILE_000000000768902&fileSn=0,ok,200,application/x-download,붙임 1. 해양기업 맞춤형 역량강화 컨설팅 프로그램 모집공고문.pdf,252626,api\PBLN_000000000125386\0_붙임 1. 해양기업 맞춤형 역량강화 컨설팅 프로그램 모집공고문.pdf,
PBLN_000000000125385,0,https://www.bizinfo.go.kr/cmm/fms/getImageFile.do?atchFileId=FILE_000000000768919&fileSn=1,ok,200,application/x-download,26_하반기_대구경북_공공구매상담회__참가기업_모집_안내.hwpx,99004,api\PBLN_000000000125385\0_26_하반기_대구경북_공공구매상담회__참가기업_모집_안내.hwpx,
PBLN_000000000125384,0,https://www.bizinfo.go.kr/cmm/fms/getImageFile.do?atchFileId=FILE_000000000768917&fileSn=1,ok,200,application/x-download,1. 시흥바이오 소부장 캡스톤 경진대회 참여기업 모집 연장 공고문.hwp,64512,api\PBLN_000000000125384\0_1. 시흥바이오 소부장 캡스톤 경진대회 참여기업 모집 연장 공고문.hwp,
PBLN_000000000125383,0,https://www.bizinfo.go.kr/cmm/fms/getImageFile.do?atchFileId=FILE_000000000768911&fileSn=0,ok,200,application/x-download,2026년 식품안심업소(위생등급제) 청소비 지원사업 모집 공고(2차).pdf,216242,api\PBLN_000000000125383\0_2026년 식품안심업소(위생등급제) 청소비 지원사업 모집 공고(2차).pdf,
PBLN_000000000125382,0,https://www.bizinfo.go.kr/cmm/fms/getImageFile.do?atchFileId=FILE_000000000768870&fileSn=0,ok,200,application/x-download,베트남 D-Global 유망기업 기술교류회 참여기업 모집공고.pdf,315273,api\PBLN_000000000125382\0_베트남 D-Global 유망기업 기술교류회 참여기업 모집공고.pdf,
PBLN_000000000125381,0,https://www.bizinfo.go.kr/cmm/fms/getImageFile.do?atchFileId=FILE_000000000768897&fileSn=0,ok,200,application/x-download,2026년 현장노동자 휴게시설 개선사업 추가 모집 공고문.hwpx,58160,api\PBLN_000000000125381\0_2026년 현장노동자 휴게시설 개선사업 추가 모집 공고문.hwpx,
PBLN_000000000125380,0,https://www.bizinfo.go.kr/cmm/fms/getImageFile.do?atchFileId=FILE_000000000768899&fileSn=2,ok,200,application/x-download,2026년 양산시 해외무역관 지사화 지원사업(추가모집)_.pdf,80828,api\PBLN_000000000125380\0_2026년 양산시 해외무역관 지사화 지원사업(추가모집)_.pdf,
PBLN_000000000125379,0,https://www.bizinfo.go.kr/cmm/fms/getImageFile.do?atchFileId=FILE_000000000768868&fileSn=0,ok,200,application/x-download,붙임1. 「해양수산 창업투자지원사업」 2026년 해양수산 창업투자지원사업 공고문(4차).pdf,116983,api\PBLN_000000000125379\0_붙임1. 「해양수산 창업투자지원사업」 2026년 해양수산 창업투자지원사업 공고문(4차).pdf,
PBLN_000000000125378,0,https://www.bizinfo.go.kr/cmm/fms/getImageFile.do?atchFileId=FILE_000000000768893&fileSn=1,ok,200,application/x-download,2026년 일자리창출 우수 강소기업 모집 공고.hwp,107520,api\PBLN_000000000125378\0_2026년 일자리창출 우수 강소기업 모집 공고.hwp,
PBLN_000000000125377,0,https://www.bizinfo.go.kr/cmm/fms/getImageFile.do?atchFileId=FILE_000000000768889&fileSn=1,ok,200,application/x-download,[붙임_1-1]_2026년_8차_미래환경산업육성융자_온실가스배출저감설비자금_지원사업_공고.pdf,113047,api\PBLN_000000000125377\0_[붙임_1-1]_2026년_8차_미래환경산업육성융자_온실가스배출저감설비자금_지원사업_공고.pdf,
PBLN_000000000125376,0,https://www.bizinfo.go.kr/cmm/fms/getImageFile.do?atchFileId=FILE_000000000768885&fileSn=0,ok,200,application/x-download,공고문_그린바이오 연구협력 아이디어 발굴 모집 공고문_260811.pdf,358644,api\PBLN_000000000125376\0_공고문_그린바이오 연구협력 아이디어 발굴 모집 공고문_260811.pdf,
PBLN_000000000125375,0,https://www.bizinfo.go.kr/cmm/fms/getImageFile.do?atchFileId=FILE_000000000768883&fileSn=1,ok,200,application/x-download,2026 전남광주통합특별시 광주권역 사회적경제기업 해외수출 지원사업 참여기업 모집 연장 공고.pdf,206268,api\PBLN_000000000125375\0_2026 전남광주통합특별시 광주권역 사회적경제기업 해외수출 지원사업 참여기업 모집 연장 공고.pdf,
PBLN_000000000125374,0,https://www.bizinfo.go.kr/cmm/fms/getImageFile.do?atchFileId=FILE_000000000768866&fileSn=0,ok,200,application/x-download,1. [공고문] 2026년 경북 중소기업 정부기술개발 공모사업 선정지원(차년도 R&D컨설팅 지원사업) 참여기업 모집.hwp,75264,api\PBLN_000000000125374\0_1. [공고문] 2026년 경북 중소기업 정부기술개발 공모사업 선정지원(차년도 R&D컨설팅 지원사업) 참여기업 모집.hwp,
PBLN_000000000125373,0,https://www.bizinfo.go.kr/cmm/fms/getImageFile.do?atchFileId=FILE_000000000768864&fileSn=0,ok,200,application/x-download,(공고문)2026년 상주시 중소기업 맞춤형 인재양성 지원사업 하반기 모집공고(추가모집).pdf,542271,api\PBLN_000000000125373\0_(공고문)2026년 상주시 중소기업 맞춤형 인재양성 지원사업 하반기 모집공고(추가모집).pdf,
PBLN_000000000125372,0,https://www.bizinfo.go.kr/cmm/fms/getImageFile.do?atchFileId=FILE_000000000768879&fileSn=1,ok,200,application/x-download,1.+2026년+AI+영상콘텐츠+제작+지원사업(미디어파사드)+추가모집(2차)+공고문.pdf,289269,api\PBLN_000000000125372\0_1.+2026년+AI+영상콘텐츠+제작+지원사업(미디어파사드)+추가모집(2차)+공고문.pdf,
PBLN_000000000125371,0,https://www.bizinfo.go.kr/cmm/fms/getImageFile.do?atchFileId=FILE_000000000768875&fileSn=1,ok,200,application/x-download,2027년 동두천시 기업환경 개선사업 접수 공고_최종.pdf,89765,api\PBLN_000000000125371\0_2027년 동두천시 기업환경 개선사업 접수 공고_최종.pdf,
PBLN_000000000125370,0,https://www.bizinfo.go.kr/cmm/fms/getImageFile.do?atchFileId=FILE_000000000768862&fileSn=0,ok,200,application/x-download,(공고문) 2026년 한-독(2+2) 국제공동기술개발사업 공고문.hwpx,100864,api\PBLN_000000000125370\0_(공고문) 2026년 한-독(2+2) 국제공동기술개발사업 공고문.hwpx,
PBLN_000000000125369,0,https://www.bizinfo.go.kr/cmm/fms/getImageFile.do?atchFileId=FILE_000000000768871&fileSn=1,ok,200,application/x-download,[경기 센터] [경기] 2026년도 글로벌IP스타기업육성 특허기술 홍보영상제작 사업 공고(4차).pdf,85080,api\PBLN_000000000125369\0_[경기 센터] [경기] 2026년도 글로벌IP스타기업육성 특허기술 홍보영상제작 사업 공고(4차).pdf,
PBLN_000000000125368,0,https://www.bizinfo.go.kr/cmm/fms/getImageFile.do?atchFileId=FILE_000000000768850&fileSn=1,ok,200,application/x-download,「민관협력_오픈이노베이션_지원」_‘공공데이터_활용_지원’_공공기관_제안_협업_과제_모집공고.hwpx,301458,api\PBLN_000000000125368\0_「민관협력_오픈이노베이션_지원」_‘공공데이터_활용_지원’_공공기관_제안_협업_과제_모집공고.hwpx,
PBLN_000000000125367,0,https://www.bizinfo.go.kr/cmm/fms/getImageFile.do?atchFileId=FILE_000000000768846&fileSn=0,ok,200,application/x-download,「민관협력_오픈이노베이션_지원」_‘공공데이터_활용_지원’_창업기업_제안_협업_과제_모집공고.hwpx,171656,api\PBLN_000000000125367\0_「민관협력_오픈이노베이션_지원」_‘공공데이터_활용_지원’_창업기업_제안_협업_과제_모집공고.hwpx,
PBLN_000000000125366,0,https://www.bizinfo.go.kr/cmm/fms/getImageFile.do?atchFileId=FILE_000000000768857&fileSn=1,ok,200,application/x-download,[경기 센터] [경기] 2026년도 글로벌IP스타기업육성 기업 IP경영 진단구축 사업 공고(4차).pdf,84637,api\PBLN_000000000125366\0_[경기 센터] [경기] 2026년도 글로벌IP스타기업육성 기업 IP경영 진단구축 사업 공고(4차).pdf,
PBLN_000000000125365,0,https://www.bizinfo.go.kr/cmm/fms/getImageFile.do?atchFileId=FILE_000000000768844&fileSn=0,ok,200,application/x-download,[붙임1] 2026년 온라인 K-SEAFOOD 판매 전용관 운영 사업 입점 제품 하반기 모집공고.pdf,398562,api\PBLN_000000000125365\0_[붙임1] 2026년 온라인 K-SEAFOOD 판매 전용관 운영 사업 입점 제품 하반기 모집공고.pdf,
PBLN_000000000125364,0,https://www.bizinfo.go.kr/cmm/fms/getImageFile.do?atchFileId=FILE_000000000768853&fileSn=1,ok,200,application/x-download,[경기 센터] [경기] 2026년도 글로벌IP스타기업육성 특허맵(해외) 사업 공고(4차).pdf,83489,api\PBLN_000000000125364\0_[경기 센터] [경기] 2026년도 글로벌IP스타기업육성 특허맵(해외) 사업 공고(4차).pdf,
PBLN_000000000125363,0,https://www.bizinfo.go.kr/cmm/fms/getImageFile.do?atchFileId=FILE_000000000768839&fileSn=1,ok,200,application/x-download,1. [공고문] 2026년 지식재산 긴급지원 사업 공고 (4차)최종.hwp,93696,api\PBLN_000000000125363\0_1. [공고문] 2026년 지식재산 긴급지원 사업 공고 (4차)최종.hwp,
PBLN_000000000125362,0,https://www.bizinfo.go.kr/cmm/fms/getImageFile.do?atchFileId=FILE_000000000768842&fileSn=1,ok,200,application/x-download,(첨부1) 제11회 소상공인 쇼케이스데이 참가기업 모집 공고문(신청기간연장).pdf,669560,api\PBLN_000000000125362\0_(첨부1) 제11회 소상공인 쇼케이스데이 참가기업 모집 공고문(신청기간연장).pdf,
PBLN_000000000125361,0,https://www.bizinfo.go.kr/cmm/fms/getImageFile.do?atchFileId=FILE_000000000768818&fileSn=0,ok,200,application/x-download,붙임. 2026년 국내 활‧신선 수조 보관 지원업체 모집공고 및 신청서(3분기).hwp,213504,api\PBLN_000000000125361\0_붙임. 2026년 국내 활‧신선 수조 보관 지원업체 모집공고 및 신청서(3분기).hwp,
PBLN_000000000125360,0,https://www.bizinfo.go.kr/cmm/fms/getImageFile.do?atchFileId=FILE_000000000768835&fileSn=0,ok,200,application/x-download,1. [공고문] 2026년 지식재산 긴급지원 사업 공고.hwp,195072,api\PBLN_000000000125360\0_1. [공고문] 2026년 지식재산 긴급지원 사업 공고.hwp,
PBLN_000000000125359,0,https://www.bizinfo.go.kr/cmm/fms/getImageFile.do?atchFileId=FILE_000000000768833&fileSn=1,ok,200,application/x-download,「민관협력_오픈이노베이션_지원」_2026년_성과기업_후속_지원_창업기업_모집_수정공고.pdf,913321,api\PBLN_000000000125359\0_「민관협력_오픈이노베이션_지원」_2026년_성과기업_후속_지원_창업기업_모집_수정공고.pdf,
PBLN_000000000125358,0,https://www.bizinfo.go.kr/cmm/fms/getImageFile.do?atchFileId=FILE_000000000768829&fileSn=0,ok,200,application/x-download,2026년 수산식품 가공설비 지원사업 사업자 모집 공고+.pdf,458365,api\PBLN_000000000125358\0_2026년 수산식품 가공설비 지원사업 사업자 모집 공고+.pdf,
PBLN_000000000125357,0,https://www.bizinfo.go.kr/cmm/fms/getImageFile.do?atchFileId=FILE_000000000768816&fileSn=0,ok,200,application/x-download,1. 중국 안심수출지원사업 모집공고.pdf,209403,api\PBLN_000000000125357\0_1. 중국 안심수출지원사업 모집공고.pdf,
PBLN_000000000125356,0,https://www.bizinfo.go.kr/cmm/fms/getImageFile.do?atchFileId=FILE_000000000768814&fileSn=0,ok,200,application/x-download,2026년도 부산수출원스톱센터 수출애로 컨설팅.pdf,123509,api\PBLN_000000000125356\0_2026년도 부산수출원스톱센터 수출애로 컨설팅.pdf,
PBLN_000000000125355,0,https://www.bizinfo.go.kr/cmm/fms/getImageFile.do?atchFileId=FILE_000000000768827&fileSn=1,ok,200,application/x-download,고용우수기업 모집 공고문 및 제출서식+.pdf,264785,api\PBLN_000000000125355\0_고용우수기업 모집 공고문 및 제출서식+.pdf,
PBLN_000000000125354,0,https://www.bizinfo.go.kr/cmm/fms/getImageFile.do?atchFileId=FILE_000000000768812&fileSn=0,ok,200,application/x-download,1.기업 직접물류비 지원사업 모집공고(하반기).hwp,79872,api\PBLN_000000000125354\0_1.기업 직접물류비 지원사업 모집공고(하반기).hwp,
PBLN_000000000125353,0,https://www.bizinfo.go.kr/cmm/fms/getImageFile.do?atchFileId=FILE_000000000768823&fileSn=1,ok,200,application/x-download,1_(공고문)_2026년_디지털콘텐츠_융합기업_글로벌_마켓_참가(XR_Fair_Tokyo_Autumn)_지원기업_모집.pdf,226199,api\PBLN_000000000125353\0_1_(공고문)_2026년_디지털콘텐츠_융합기업_글로벌_마켓_참가(XR_Fair_Tokyo_Autumn)_지원기업_모집.pdf,
PBLN_000000000125352,0,https://www.bizinfo.go.kr/cmm/fms/getImageFile.do?atchFileId=FILE_000000000768738&fileSn=0,ok,200,application/x-download,2026년+경상남도+식품진흥기금+융자+지원계획+공고문(하반기).hwpx,98848,api\PBLN_000000000125352\0_2026년+경상남도+식품진흥기금+융자+지원계획+공고문(하반기).hwpx,
PBLN_000000000125351,0,https://www.bizinfo.go.kr/cmm/fms/getImageFile.do?atchFileId=FILE_000000000768735&fileSn=0,ok,200,application/x-download,(추가모집공고문) 2026 강남구 무역사절단(2026 중국 국제수입박람회) 참여기업.pdf,185884,api\PBLN_000000000125351\0_(추가모집공고문) 2026 강남구 무역사절단(2026 중국 국제수입박람회) 참여기업.pdf,
PBLN_000000000125350,0,https://www.bizinfo.go.kr/cmm/fms/getImageFile.do?atchFileId=FILE_000000000768741&fileSn=1,ok,200,application/x-download,(안내문) 2026 관광기업 베트남 오픈 이노베이션 참가기업 모집.pdf,539351,api\PBLN_000000000125350\0_(안내문) 2026 관광기업 베트남 오픈 이노베이션 참가기업 모집.pdf,
PBLN_000000000125348,0,https://www.bizinfo.go.kr/cmm/fms/getImageFile.do?atchFileId=FILE_000000000768733&fileSn=0,ok,200,application/x-download,[공고문]2026년+전북해양수산창업투자지원센터+하반기+국내박람회+참여기업+공고문.hwp,95744,api\PBLN_000000000125348\0_[공고문]2026년+전북해양수산창업투자지원센터+하반기+국내박람회+참여기업+공고문.hwp,
PBLN_000000000125347,0,https://www.bizinfo.go.kr/cmm/fms/getImageFile.do?atchFileId=FILE_000000000768727&fileSn=0,ok,200,application/x-download,2026 K-관광 비즈니스데이 in 나고야 참가자 모집 공고문.pdf,718580,api\PBLN_000000000125347\0_2026 K-관광 비즈니스데이 in 나고야 참가자 모집 공고문.pdf,
PBLN_000000000125346,0,https://www.bizinfo.go.kr/cmm/fms/getImageFile.do?atchFileId=FILE_000000000768719&fileSn=0,ok,200,application/x-download,2026 오픈이노베이션 사업화 지원사업 참여기업 모집공고문.pdf,188419,api\PBLN_000000000125346\0_2026 오픈이노베이션 사업화 지원사업 참여기업 모집공고문.pdf,
PBLN_000000000125345,0,https://www.bizinfo.go.kr/cmm/fms/getImageFile.do?atchFileId=FILE_000000000768725&fileSn=1,ok,200,application/x-download,전남형 신중년 사회연대경제 노동통합 모델 구축사업 참여기업 상시모집 공고문.hwp,101888,api\PBLN_000000000125345\0_전남형 신중년 사회연대경제 노동통합 모델 구축사업 참여기업 상시모집 공고문.hwp,
PBLN_000000000125344,0,https://www.bizinfo.go.kr/cmm/fms/getImageFile.do?atchFileId=FILE_000000000768717&fileSn=0,ok,200,application/x-download,2026 KOREA BUSINESS EXPO SHENZHEN 충북관 참여기업 모집공고.pdf,297339,api\PBLN_000000000125344\0_2026 KOREA BUSINESS EXPO SHENZHEN 충북관 참여기업 모집공고.pdf,
PBLN_000000000125343,0,https://www.bizinfo.go.kr/cmm/fms/getImageFile.do?atchFileId=FILE_000000000768721&fileSn=1,ok,200,application/x-download,[공고문]_2026_서울_콘텐츠_투자협의체_-_투자상담회(1).pdf,168585,api\PBLN_000000000125343\0_[공고문]_2026_서울_콘텐츠_투자협의체_-_투자상담회(1).pdf,
PBLN_000000000125342,0,https://www.bizinfo.go.kr/cmm/fms/getImageFile.do?atchFileId=FILE_000000000768697&fileSn=0,ok,200,application/x-download,[안내] 2026년 경북 북부권 「일자리 잡(JOB)는 날」 참여기업 모집 안내.pdf,123378,api\PBLN_000000000125342\0_[안내] 2026년 경북 북부권 「일자리 잡(JOB)는 날」 참여기업 모집 안내.pdf,
PBLN_000000000125341,0,https://www.bizinfo.go.kr/cmm/fms/getImageFile.do?atchFileId=FILE_000000000768731&fileSn=1,ok,200,application/x-download,[붙임1] (공고-국-제29호) 2026년 국토교통연구기획 사업 제2차 시행 공고문.pdf,137718,api\PBLN_000000000125341\0_[붙임1] (공고-국-제29호) 2026년 국토교통연구기획 사업 제2차 시행 공고문.pdf,
PBLN_000000000125340,0,https://www.bizinfo.go.kr/cmm/fms/getImageFile.do?atchFileId=FILE_000000000768711&fileSn=0,ok,200,application/x-download,[게시본문] 2026년 ATF 연계 방송콘텐츠 해외유통 지원 사업 공고문.hwpx,1974189,api\PBLN_000000000125340\0_[게시본문] 2026년 ATF 연계 방송콘텐츠 해외유통 지원 사업 공고문.hwpx,
PBLN_000000000125339,0,https://www.bizinfo.go.kr/cmm/fms/getImageFile.do?atchFileId=FILE_000000000768713&fileSn=1,ok,200,application/x-download,기업지원+모집공고_2026년_고신뢰(KTL).hwp,620032,api\PBLN_000000000125339\0_기업지원+모집공고_2026년_고신뢰(KTL).hwp,
PBLN_000000000125338,0,https://www.bizinfo.go.kr/cmm/fms/getImageFile.do?atchFileId=FILE_000000000768695&fileSn=0,ok,200,application/x-download,「2026년 경북PRIDE기업」 수요 연계형 전주기 신기술 지원사업 참여기업 모집공고.pdf,367746,api\PBLN_000000000125338\0_「2026년 경북PRIDE기업」 수요 연계형 전주기 신기술 지원사업 참여기업 모집공고.pdf,
PBLN_000000000125337,0,https://www.bizinfo.go.kr/cmm/fms/getImageFile.do?atchFileId=FILE_000000000768705&fileSn=0,ok,200,application/x-download,2026년+목재+수출+지원사업(바우처)+준비기업+추가모집+공고문.pdf,282191,api\PBLN_000000000125337\0_2026년+목재+수출+지원사업(바우처)+준비기업+추가모집+공고문.pdf,
PBLN_000000000125336,0,https://www.bizinfo.go.kr/cmm/fms/getImageFile.do?atchFileId=FILE_000000000768707&fileSn=1,ok,200,application/x-download,붙임._2026년_국내_저온_저장시설_보관_지원업체_모집공고(3분기)_및_신청서+.pdf,510177,api\PBLN_000000000125336\0_붙임._2026년_국내_저온_저장시설_보관_지원업체_모집공고(3분기)_및_신청서+.pdf,
PBLN_000000000125335,0,https://www.bizinfo.go.kr/cmm/fms/getImageFile.do?atchFileId=FILE_000000000768693&fileSn=1,ok,200,application/x-download,2026년 제주특별자치도 중소기업육성자금 융자지원계획 변경공고(2026.8.10.).hwpx,90583,api\PBLN_000000000125335\0_2026년 제주특별자치도 중소기업육성자금 융자지원계획 변경공고(2026.8.10.).hwpx,
PBLN_000000000125334,0,https://www.bizinfo.go.kr/cmm/fms/getImageFile.do?atchFileId=FILE_000000000768678&fileSn=0,ok,200,application/x-download,관련 공고문.hwpx,81426,api\PBLN_000000000125334\0_관련 공고문.hwpx,
PBLN_000000000125333,0,https://www.bizinfo.go.kr/cmm/fms/getImageFile.do?atchFileId=FILE_000000000768690&fileSn=1,ok,200,application/x-download,참가신청서_2026년 BCWW X FOX K-포맷 쇼케이스.hwp,88064,api\PBLN_000000000125333\0_참가신청서_2026년 BCWW X FOX K-포맷 쇼케이스.hwp,
PBLN_000000000125331,0,https://www.bizinfo.go.kr/cmm/fms/getImageFile.do?atchFileId=FILE_000000000768686&fileSn=1,ok,200,application/x-download,1. 공고문_더셀렉츠 일본 팝업스토어_2차.pdf,215633,api\PBLN_000000000125331\0_1. 공고문_더셀렉츠 일본 팝업스토어_2차.pdf,
PBLN_000000000125330,0,https://www.bizinfo.go.kr/cmm/fms/getImageFile.do?atchFileId=FILE_000000000768674&fileSn=0,ok,200,application/x-download,[공고] 2026 울산 말레이시아-인도 조선해양 무역사절단.hwp,62464,api\PBLN_000000000125330\0_[공고] 2026 울산 말레이시아-인도 조선해양 무역사절단.hwp,
PBLN_000000000125329,0,https://www.bizinfo.go.kr/cmm/fms/getImageFile.do?atchFileId=FILE_000000000768682&fileSn=1,ok,200,application/x-download,붙임2._(배포용)COP31_한국홍보관_부대행사_참여_모집_공고.hwp,1107456,api\PBLN_000000000125329\0_붙임2._(배포용)COP31_한국홍보관_부대행사_참여_모집_공고.hwp,
PBLN_000000000125328,0,https://www.bizinfo.go.kr/cmm/fms/getImageFile.do?atchFileId=FILE_000000000768672&fileSn=1,ok,200,application/x-download,[공고문] 2026년 하반기 7차 IP-R&D 전략지원 사업 시행 계획 공고(자유공모).pdf,1110951,api\PBLN_000000000125328\0_[공고문] 2026년 하반기 7차 IP-R&D 전략지원 사업 시행 계획 공고(자유공모).pdf,
PBLN_000000000125327,0,https://www.bizinfo.go.kr/cmm/fms/getImageFile.do?atchFileId=FILE_000000000768666&fileSn=0,ok,200,application/x-download,1._[포스터]_2026_제2회_부산진구·부산상공회의소_채용박람회_참가기업_모집_안내.pdf,1586891,api\PBLN_000000000125327\0_1._[포스터]_2026_제2회_부산진구·부산상공회의소_채용박람회_참가기업_모집_안내.pdf,
PBLN_000000000125326,0,https://www.bizinfo.go.kr/cmm/fms/getImageFile.do?atchFileId=FILE_000000000768568&fileSn=1,ok,200,application/x-download,붙임 1. 26-3차 방산 중소기업 컨설팅 지원사업 지원기업 모집 공고문.hwpx,1863473,api\PBLN_000000000125326\0_붙임 1. 26-3차 방산 중소기업 컨설팅 지원사업 지원기업 모집 공고문.hwpx,
PBLN_000000000125325,0,https://www.bizinfo.go.kr/cmm/fms/getImageFile.do?atchFileId=FILE_000000000768668&fileSn=1,ok,200,application/x-download,붙임1._(배포용)COP31_한국홍보관_기술전시_참여_모집_공고.hwp,901632,api\PBLN_000000000125325\0_붙임1._(배포용)COP31_한국홍보관_기술전시_참여_모집_공고.hwp,
PBLN_000000000125324,0,https://www.bizinfo.go.kr/cmm/fms/getImageFile.do?atchFileId=FILE_000000000768564&fileSn=1,ok,200,application/x-download,2026년 판로확대 지원 소상공인 모집 공고(셀러허브).pdf,300074,api\PBLN_000000000125324\0_2026년 판로확대 지원 소상공인 모집 공고(셀러허브).pdf,
PBLN_000000000125323,0,https://www.bizinfo.go.kr/cmm/fms/getImageFile.do?atchFileId=FILE_000000000768662&fileSn=1,ok,200,application/x-download,1.[모집공고] 2026년 제조창업맞춤형지원프로그램 통합 모집 2차공고.hwp,100352,api\PBLN_000000000125323\0_1.[모집공고] 2026년 제조창업맞춤형지원프로그램 통합 모집 2차공고.hwp,
PBLN_000000000125322,0,https://www.bizinfo.go.kr/cmm/fms/getImageFile.do?atchFileId=FILE_000000000768652&fileSn=0,ok,200,application/x-download,포스터.pdf,1120728,api\PBLN_000000000125322\0_포스터.pdf,
PBLN_000000000125321,0,https://www.bizinfo.go.kr/cmm/fms/getImageFile.do?atchFileId=FILE_000000000768656&fileSn=1,ok,200,application/x-download,[공고문] 2026년도 강원특별자치도 첨단바이오 Pre-Open innovation(SKAI) 지원 기업 모집 재공고-복사.pdf,441042,api\PBLN_000000000125321\0_[공고문] 2026년도 강원특별자치도 첨단바이오 Pre-Open innovation(SKAI) 지원 기업 모집 재공고-복사.pdf,
PBLN_000000000125320,0,https://www.bizinfo.go.kr/cmm/fms/getImageFile.do?atchFileId=FILE_000000000768648&fileSn=1,ok,200,application/x-download,1. 정보보호(신규 비즈니스 모델 발굴 및 유망기업 지원) 사업 공고문.pdf,190084,api\PBLN_000000000125320\0_1. 정보보호(신규 비즈니스 모델 발굴 및 유망기업 지원) 사업 공고문.pdf,
PBLN_000000000125319,0,https://www.bizinfo.go.kr/cmm/fms/getImageFile.do?atchFileId=FILE_000000000768644&fileSn=0,ok,200,application/x-download,1. 정보보호기업 성장지원(특화산업 사업화 지원) 사업 공고문.pdf,274810,api\PBLN_000000000125319\0_1. 정보보호기업 성장지원(특화산업 사업화 지원) 사업 공고문.pdf,
PBLN_000000000125318,0,https://www.bizinfo.go.kr/cmm/fms/getImageFile.do?atchFileId=FILE_000000000768642&fileSn=0,ok,200,application/x-download,붙임1. 2026 아트코리아랩 AI기술융합 오픈이노베이션(2차) 공모요강(0).pdf,365545,api\PBLN_000000000125318\0_붙임1. 2026 아트코리아랩 AI기술융합 오픈이노베이션(2차) 공모요강(0).pdf,
PBLN_000000000125317,0,https://www.bizinfo.go.kr/cmm/fms/getImageFile.do?atchFileId=FILE_000000000768640&fileSn=1,ok,200,application/x-download,[연장공고문] 2026년 대구시 사회적경제 기업 온라인판로 기초지원사업.pdf,245247,api\PBLN_000000000125317\0_[연장공고문] 2026년 대구시 사회적경제 기업 온라인판로 기초지원사업.pdf,
PBLN_000000000125316,0,https://www.bizinfo.go.kr/cmm/fms/getImageFile.do?atchFileId=FILE_000000000768638&fileSn=1,ok,200,application/x-download,「2026년 예비수소전문기업지원사업」수소산업분야 기술사업화(비R&D) 2차 수혜기업 모집공고.pdf,147850,api\PBLN_000000000125316\0_「2026년 예비수소전문기업지원사업」수소산업분야 기술사업화(비R&D) 2차 수혜기업 모집공고.pdf,
PBLN_000000000125315,0,https://www.bizinfo.go.kr/cmm/fms/getImageFile.do?atchFileId=FILE_000000000768630&fileSn=0,ok,200,application/x-download,20260810180646949_hipa126_[공고문] 「2026년 공급망 확대 사업화」하반기 기술컨설팅 참여기업 모집공고.pdf,290153,api\PBLN_000000000125315\0_20260810180646949_hipa126_[공고문] 「2026년 공급망 확대 사업화」하반기 기술컨설팅 참여기업 모집공고.pdf,
PBLN_000000000125314,0,https://www.bizinfo.go.kr/cmm/fms/getImageFile.do?atchFileId=FILE_000000000768634&fileSn=1,ok,200,application/x-download,[공고문] 2026년 화성시 국내전시회 하반기 단체관 참여기업 모집공고.pdf,391584,api\PBLN_000000000125314\0_[공고문] 2026년 화성시 국내전시회 하반기 단체관 참여기업 모집공고.pdf,
PBLN_000000000125313,0,https://www.bizinfo.go.kr/cmm/fms/getImageFile.do?atchFileId=FILE_000000000768622&fileSn=0,ok,200,application/x-download,붙임 1.2026년 경북지역 중소기업 우수IP 투자역량 강화 지원사업 공고문(안).pdf,183911,api\PBLN_000000000125313\0_붙임 1.2026년 경북지역 중소기업 우수IP 투자역량 강화 지원사업 공고문(안).pdf,
PBLN_000000000125312,0,https://www.bizinfo.go.kr/cmm/fms/getImageFile.do?atchFileId=FILE_000000000768620&fileSn=0,ok,200,application/x-download,경남 정보보호 기업 육성 기업모집 재공고(창업·벤처).pdf,119297,api\PBLN_000000000125312\0_경남 정보보호 기업 육성 기업모집 재공고(창업·벤처).pdf,
PBLN_000000000125311,0,https://www.bizinfo.go.kr/cmm/fms/getImageFile.do?atchFileId=FILE_000000000768617&fileSn=1,ok,200,application/x-download,(부산)+2026년+중소기업+밀집지역+위기대응+체계+구축사업_하반기+Stand-up+맞춤지원+공고.hwpx,97584,api\PBLN_000000000125311\0_(부산)+2026년+중소기업+밀집지역+위기대응+체계+구축사업_하반기+Stand-up+맞춤지원+공고.hwpx,
PBLN_000000000125310,0,https://www.bizinfo.go.kr/cmm/fms/getImageFile.do?atchFileId=FILE_000000000768615&fileSn=1,ok,200,application/x-download,1. 공고문+.pdf,402938,api\PBLN_000000000125310\0_1. 공고문+.pdf,
PBLN_000000000125309,0,https://www.bizinfo.go.kr/cmm/fms/getImageFile.do?atchFileId=FILE_000000000768611&fileSn=1,ok,200,application/x-download,[공고문]+일본+MEDICAL+JAPAN+수출상담회+지원+공고.pdf,271872,api\PBLN_000000000125309\0_[공고문]+일본+MEDICAL+JAPAN+수출상담회+지원+공고.pdf,
PBLN_000000000125308,0,https://www.bizinfo.go.kr/cmm/fms/getImageFile.do?atchFileId=FILE_000000000768603&fileSn=0,ok,200,application/x-download,[공고문]기업성장기반+글로벌+하이메디+허브특구+상생협력사업+공고(3차).pdf,311686,api\PBLN_000000000125308\0_[공고문]기업성장기반+글로벌+하이메디+허브특구+상생협력사업+공고(3차).pdf,
PBLN_000000000125307,0,https://www.bizinfo.go.kr/cmm/fms/getImageFile.do?atchFileId=FILE_000000000768607&fileSn=1,ok,200,application/x-download,2026년도_제2차_기계장비산업기술개발사업_신규지원_대상과제_공고+.hwp.pdf,622797,api\PBLN_000000000125307\0_2026년도_제2차_기계장비산업기술개발사업_신규지원_대상과제_공고+.hwp.pdf,
PBLN_000000000125306,0,https://www.bizinfo.go.kr/cmm/fms/getImageFile.do?atchFileId=FILE_000000000768597&fileSn=1,ok,200,application/x-download,2026년 공영홈쇼핑 제2회 전북지역 혁신기업제품 코칭상담회 참여기업 모집공고 (1).pdf,204308,api\PBLN_000000000125306\0_2026년 공영홈쇼핑 제2회 전북지역 혁신기업제품 코칭상담회 참여기업 모집공고 (1).pdf,
PBLN_000000000125305,0,https://www.bizinfo.go.kr/cmm/fms/getImageFile.do?atchFileId=FILE_000000000768599&fileSn=1,ok,200,application/x-download,2026년 하반기 지역형(대전) 예비사회적기업 지정 계획 공고문+.pdf,424123,api\PBLN_000000000125305\0_2026년 하반기 지역형(대전) 예비사회적기업 지정 계획 공고문+.pdf,
PBLN_000000000125304,0,https://www.bizinfo.go.kr/cmm/fms/getImageFile.do?atchFileId=FILE_000000000768589&fileSn=1,ok,200,application/x-download,(중기부_공고_제2026-497호)_2026년도_기술개발제품_공공기관_실증지원_사업공고(2차).pdf,991028,api\PBLN_000000000125304\0_(중기부_공고_제2026-497호)_2026년도_기술개발제품_공공기관_실증지원_사업공고(2차).pdf,
PBLN_000000000125303,0,https://www.bizinfo.go.kr/cmm/fms/getImageFile.do?atchFileId=FILE_000000000768585&fileSn=0,ok,200,application/x-download,1. [계획(안)] 2026년 경기도 친환경차 전환 진단 컨설팅 운영 계획(안).pdf,71710,api\PBLN_000000000125303\0_1. [계획(안)] 2026년 경기도 친환경차 전환 진단 컨설팅 운영 계획(안).pdf,
PBLN_000000000125302,0,https://www.bizinfo.go.kr/cmm/fms/getImageFile.do?atchFileId=FILE_000000000768591&fileSn=1,ok,200,application/x-download,1. [공고문] 2026년 지식재산 긴급지원 사업 공고.hwp,108032,api\PBLN_000000000125302\0_1. [공고문] 2026년 지식재산 긴급지원 사업 공고.hwp,
PBLN_000000000125301,0,https://www.bizinfo.go.kr/cmm/fms/getImageFile.do?atchFileId=FILE_000000000768581&fileSn=1,ok,200,application/x-download,[공고문] 3차사회연대경제 청년 일경험사업 시범사업 참여기업 모집공고_전남안.hwp,129024,api\PBLN_000000000125301\0_[공고문] 3차사회연대경제 청년 일경험사업 시범사업 참여기업 모집공고_전남안.hwp,
PBLN_000000000125300,0,https://www.bizinfo.go.kr/cmm/fms/getImageFile.do?atchFileId=FILE_000000000768578&fileSn=1,ok,200,application/x-download,01_공고문_2026년 제4차 기업부설창작연구소(전담부서) 인정신청 공고문+.pdf,461947,api\PBLN_000000000125300\0_01_공고문_2026년 제4차 기업부설창작연구소(전담부서) 인정신청 공고문+.pdf,
PBLN_000000000125299,0,https://www.bizinfo.go.kr/cmm/fms/getImageFile.do?atchFileId=FILE_000000000768574&fileSn=1,ok,200,application/x-download,붙임1. [공고문] 2026년 대구 중소기업 밀집지역 위기대응 체계 구축사업_하반기 Stand-up 맞춤지원 모집 공고.pdf,295112,api\PBLN_000000000125299\0_붙임1. [공고문] 2026년 대구 중소기업 밀집지역 위기대응 체계 구축사업_하반기 Stand-up 맞춤지원 모집 공고.pdf,
PBLN_000000000125298,0,https://www.bizinfo.go.kr/cmm/fms/getImageFile.do?atchFileId=FILE_000000000768494&fileSn=0,ok,200,application/x-download,1. [공고문] 2026년 오픈이노베이션 판로개척형 지원사업 참여기업 모집.pdf,427780,api\PBLN_000000000125298\0_1. [공고문] 2026년 오픈이노베이션 판로개척형 지원사업 참여기업 모집.pdf,
PBLN_000000000125297,0,https://www.bizinfo.go.kr/cmm/fms/getImageFile.do?atchFileId=FILE_000000000768489&fileSn=1,ok,200,application/x-download,2026 충북조달박람회 개별참가 지원사업 공고.hwp,71168,api\PBLN_000000000125297\0_2026 충북조달박람회 개별참가 지원사업 공고.hwp,
PBLN_000000000125296,0,https://www.bizinfo.go.kr/cmm/fms/getImageFile.do?atchFileId=FILE_000000000768482&fileSn=0,ok,200,application/x-download,2026 해외시장개척단 참가기업 모집 공고문.pdf,350959,api\PBLN_000000000125296\0_2026 해외시장개척단 참가기업 모집 공고문.pdf,
PBLN_000000000125295,0,https://www.bizinfo.go.kr/cmm/fms/getImageFile.do?atchFileId=FILE_000000000768470&fileSn=0,ok,200,application/x-download,[특화] 2026 K-AI 글로벌 밸류체인 진출 지원사업 모집공고문(260807).hwp,106496,api\PBLN_000000000125295\0_[특화] 2026 K-AI 글로벌 밸류체인 진출 지원사업 모집공고문(260807).hwp,
PBLN_000000000125294,0,https://www.bizinfo.go.kr/cmm/fms/getImageFile.do?atchFileId=FILE_000000000768478&fileSn=1,ok,200,application/x-download,[공고문] 2026년 4차 국민생활안전 긴급대응연구(2단계) 기술개발 및 실증 신규과제 공고문.pdf,959901,api\PBLN_000000000125294\0_[공고문] 2026년 4차 국민생활안전 긴급대응연구(2단계) 기술개발 및 실증 신규과제 공고문.pdf,
PBLN_000000000125293,0,https://www.bizinfo.go.kr/cmm/fms/getImageFile.do?atchFileId=FILE_000000000768474&fileSn=0,ok,200,application/x-download,[모집공고문] 2026년 스마트시티 엑스포 월드 콩그레스(SCEWC) 부산관 전시 참가.pdf,265536,api\PBLN_000000000125293\0_[모집공고문] 2026년 스마트시티 엑스포 월드 콩그레스(SCEWC) 부산관 전시 참가.pdf,
PBLN_000000000125292,0,https://www.bizinfo.go.kr/cmm/fms/getImageFile.do?atchFileId=FILE_000000000768466&fileSn=0,ok,200,application/x-download,붙임 1. 2026 충북 CIS(타슈켄트모스크바) 종합 무역사절단 모집공고.hwp,75264,api\PBLN_000000000125292\0_붙임 1. 2026 충북 CIS(타슈켄트모스크바) 종합 무역사절단 모집공고.hwp,
PBLN_000000000125291,0,https://www.bizinfo.go.kr/cmm/fms/getImageFile.do?atchFileId=FILE_000000000768472&fileSn=1,ok,200,application/x-download,「2026년 녹색자산유동화증권 이차보전 지원사업」(신보5차) 공고.pdf,1546691,api\PBLN_000000000125291\0_「2026년 녹색자산유동화증권 이차보전 지원사업」(신보5차) 공고.pdf,
PBLN_000000000125290,0,https://www.bizinfo.go.kr/cmm/fms/getImageFile.do?atchFileId=FILE_000000000768468&fileSn=1,ok,200,application/x-download,0. [공고문] 2026년 지식재산 긴급지원 사업 공고.hwp,108032,api\PBLN_000000000125290\0_0. [공고문] 2026년 지식재산 긴급지원 사업 공고.hwp,
PBLN_000000000125289,0,https://www.bizinfo.go.kr/cmm/fms/getImageFile.do?atchFileId=FILE_000000000768462&fileSn=0,ok,200,application/x-download,2026년 제34회 경상북도 중소기업대상 선정계획 공고.hwpx,106769,api\PBLN_000000000125289\0_2026년 제34회 경상북도 중소기업대상 선정계획 공고.hwpx,
PBLN_000000000125288,0,https://www.bizinfo.go.kr/cmm/fms/getImageFile.do?atchFileId=FILE_000000000768457&fileSn=1,ok,200,application/x-download,붙임. 2026년 국내 저온 수송차량 지원업체 모집공고 및 신청서(3분기).pdf,713997,api\PBLN_000000000125288\0_붙임. 2026년 국내 저온 수송차량 지원업체 모집공고 및 신청서(3분기).pdf,
PBLN_000000000125287,0,https://www.bizinfo.go.kr/cmm/fms/getImageFile.do?atchFileId=FILE_000000000768450&fileSn=1,ok,200,application/x-download,2026년 하반기 해양수산신기술 적용제품·시설 확인 공고+.pdf,236866,api\PBLN_000000000125287\0_2026년 하반기 해양수산신기술 적용제품·시설 확인 공고+.pdf,
PBLN_000000000125286,0,https://www.bizinfo.go.kr/cmm/fms/getImageFile.do?atchFileId=FILE_000000000768453&fileSn=1,ok,200,application/x-download,2026년_IFEZ_ESG_경영_컨설팅_참여기업_모집_공고문_및_신청서(4차).hwp,200704,api\PBLN_000000000125286\0_2026년_IFEZ_ESG_경영_컨설팅_참여기업_모집_공고문_및_신청서(4차).hwp,
PBLN_000000000125285,0,https://www.bizinfo.go.kr/cmm/fms/getImageFile.do?atchFileId=FILE_000000000768448&fileSn=1,ok,200,application/x-download,[통합공고문]_2026년_벤처기업육성_지원사업_5차_모집_공고.pdf,209164,api\PBLN_000000000125285\0_[통합공고문]_2026년_벤처기업육성_지원사업_5차_모집_공고.pdf,
PBLN_000000000125284,0,https://www.bizinfo.go.kr/cmm/fms/getImageFile.do?atchFileId=FILE_000000000768441&fileSn=0,ok,200,application/x-download,2026년+광주형일자리+인증+기업+모집공고.pdf,303110,api\PBLN_000000000125284\0_2026년+광주형일자리+인증+기업+모집공고.pdf,
PBLN_000000000125283,0,https://www.bizinfo.go.kr/cmm/fms/getImageFile.do?atchFileId=FILE_000000000768439&fileSn=2,ok,200,application/x-download,[공고문] 2026년 한일 뿌리기업 비즈니스 상담회 추가 모집 공고.pdf,93988,api\PBLN_000000000125283\0_[공고문] 2026년 한일 뿌리기업 비즈니스 상담회 추가 모집 공고.pdf,
PBLN_000000000125282,0,https://www.bizinfo.go.kr/cmm/fms/getImageFile.do?atchFileId=FILE_000000000768426&fileSn=0,ok,200,application/x-download,2026+콘텐츠기업+보증료+지원사업+공고.pdf,247450,api\PBLN_000000000125282\0_2026+콘텐츠기업+보증료+지원사업+공고.pdf,
PBLN_000000000125281,0,https://www.bizinfo.go.kr/cmm/fms/getImageFile.do?atchFileId=FILE_000000000768431&fileSn=1,ok,200,application/x-download,[붙임1]「안동시 중소기업 공장 화재보험료 지원사업」참여기업 추가 모집공고.pdf,326601,api\PBLN_000000000125281\0_[붙임1]「안동시 중소기업 공장 화재보험료 지원사업」참여기업 추가 모집공고.pdf,
PBLN_000000000125280,0,https://www.bizinfo.go.kr/cmm/fms/getImageFile.do?atchFileId=FILE_000000000768417&fileSn=0,ok,200,application/x-download,한류 연계 K-뷰티 태국 진출 미디어 마케팅 지원 모집공고(방콕GBC).pdf,667651,api\PBLN_000000000125280\0_한류 연계 K-뷰티 태국 진출 미디어 마케팅 지원 모집공고(방콕GBC).pdf,
PBLN_000000000125279,0,https://www.bizinfo.go.kr/cmm/fms/getImageFile.do?atchFileId=FILE_000000000768424&fileSn=0,ok,200,application/x-download,(BUVA) 2026 부산시 CIS 종합소비재 무역사절단 참여기업 모집공고_260807.hwp,66048,api\PBLN_000000000125279\0_(BUVA) 2026 부산시 CIS 종합소비재 무역사절단 참여기업 모집공고_260807.hwp,
PBLN_000000000125278,0,https://www.bizinfo.go.kr/cmm/fms/getImageFile.do?atchFileId=FILE_000000000768415&fileSn=0,ok,200,application/x-download,[공고문] 2026 러시아 블라디보스토크 K-Festival  O2O 마케팅 프로그램 참여기업 모집 공고.hwp,491008,api\PBLN_000000000125278\0_[공고문] 2026 러시아 블라디보스토크 K-Festival  O2O 마케팅 프로그램 참여기업 모집 공고.hwp,
PBLN_000000000125277,0,https://www.bizinfo.go.kr/cmm/fms/getImageFile.do?atchFileId=FILE_000000000768428&fileSn=2,ok,200,application/x-download,2026년 하반기 해양수산신기술 인증 공고문+.pdf,228504,api\PBLN_000000000125277\0_2026년 하반기 해양수산신기술 인증 공고문+.pdf,
PBLN_000000000125276,0,https://www.bizinfo.go.kr/cmm/fms/getImageFile.do?atchFileId=FILE_000000000768413&fileSn=0,ok,200,application/x-download,2026 일본 BABY AND KIDS FAIR(도쿄).pdf,171309,api\PBLN_000000000125276\0_2026 일본 BABY AND KIDS FAIR(도쿄).pdf,
PBLN_000000000125275,0,https://www.bizinfo.go.kr/cmm/fms/getImageFile.do?atchFileId=FILE_000000000768398&fileSn=0,ok,200,application/x-download,[공고문] 데이터센터 글로벌 시장진출 지원사업 참여기업 모집.hwp,105472,api\PBLN_000000000125275\0_[공고문] 데이터센터 글로벌 시장진출 지원사업 참여기업 모집.hwp,
PBLN_000000000125274,0,https://www.bizinfo.go.kr/cmm/fms/getImageFile.do?atchFileId=FILE_000000000768400&fileSn=1,ok,200,application/x-download,2026년 제3차 혁신제품 지정계획 공고문+.pdf,513525,api\PBLN_000000000125274\0_2026년 제3차 혁신제품 지정계획 공고문+.pdf,
PBLN_000000000125273,0,https://www.bizinfo.go.kr/cmm/fms/getImageFile.do?atchFileId=FILE_000000000768411&fileSn=0,ok,200,application/x-download,2026 구미 CIS 식품 무역사절단.pdf,125851,api\PBLN_000000000125273\0_2026 구미 CIS 식품 무역사절단.pdf,
PBLN_000000000125272,0,https://www.bizinfo.go.kr/cmm/fms/getImageFile.do?atchFileId=FILE_000000000768394&fileSn=0,ok,200,application/x-download,RFP08_AX사업재공고문_+.pdf,274170,api\PBLN_000000000125272\0_RFP08_AX사업재공고문_+.pdf,
PBLN_000000000125271,0,https://www.bizinfo.go.kr/cmm/fms/getImageFile.do?atchFileId=FILE_000000000768409&fileSn=1,ok,200,application/x-download,(충남) 2026년 중소기업 밀집지역 위기대응 체계 구축사업_하반기 Stand-up 맞춤지원 공고.pdf,275822,api\PBLN_000000000125271\0_(충남) 2026년 중소기업 밀집지역 위기대응 체계 구축사업_하반기 Stand-up 맞춤지원 공고.pdf,
PBLN_000000000125270,0,https://www.bizinfo.go.kr/cmm/fms/getImageFile.do?atchFileId=FILE_000000000768405&fileSn=1,ok,200,application/x-download,모집 공고문.hwp,65024,api\PBLN_000000000125270\0_모집 공고문.hwp,
PBLN_000000000125269,0,https://www.bizinfo.go.kr/cmm/fms/getImageFile.do?atchFileId=FILE_000000000768392&fileSn=0,ok,200,application/x-download,모집공고문.pdf,128427,api\PBLN_000000000125269\0_모집공고문.pdf,
PBLN_000000000125268,0,https://www.bizinfo.go.kr/cmm/fms/getImageFile.do?atchFileId=FILE_000000000768401&fileSn=1,ok,200,application/x-download,붙임1. (공고문) 2026년 현장실습지원사업 학기제(2학기) 참여기업 모집 공고문(안).pdf,312780,api\PBLN_000000000125268\0_붙임1. (공고문) 2026년 현장실습지원사업 학기제(2학기) 참여기업 모집 공고문(안).pdf,
PBLN_000000000125267,0,https://www.bizinfo.go.kr/cmm/fms/getImageFile.do?atchFileId=FILE_000000000768390&fileSn=1,ok,200,application/x-download,특허 기술이전(중개) 지원사업 모집공고(2차).pdf,228968,api\PBLN_000000000125267\0_특허 기술이전(중개) 지원사업 모집공고(2차).pdf,
PBLN_000000000125266,0,https://www.bizinfo.go.kr/cmm/fms/getImageFile.do?atchFileId=FILE_000000000768384&fileSn=1,ok,200,application/x-download,2026 중동 상황 대응 긴급 수출물류비 사업 대상 모집(변경) 공고.pdf,1452940,api\PBLN_000000000125266\0_2026 중동 상황 대응 긴급 수출물류비 사업 대상 모집(변경) 공고.pdf,
PBLN_000000000125265,0,https://www.bizinfo.go.kr/cmm/fms/getImageFile.do?atchFileId=FILE_000000000768386&fileSn=1,ok,200,application/x-download,합성생물학 기반 첨단 바이오제조 글로벌 혁신특구 기업육성 지원사업 모집 공고.pdf,438936,api\PBLN_000000000125265\0_합성생물학 기반 첨단 바이오제조 글로벌 혁신특구 기업육성 지원사업 모집 공고.pdf,
PBLN_000000000125264,0,https://www.bizinfo.go.kr/cmm/fms/getImageFile.do?atchFileId=FILE_000000000768375&fileSn=0,ok,200,application/x-download,양산시 2026년 수산물 가공공장 스마트화 지원사업 신청 공고.pdf,79228,api\PBLN_000000000125264\0_양산시 2026년 수산물 가공공장 스마트화 지원사업 신청 공고.pdf,
PBLN_000000000125263,0,https://www.bizinfo.go.kr/cmm/fms/getImageFile.do?atchFileId=FILE_000000000768373&fileSn=1,ok,200,application/x-download,동구청년센터 Pre D Link 5기 프로그램 참여자 모집 연장 공고(최종).pdf,456014,api\PBLN_000000000125263\0_동구청년센터 Pre D Link 5기 프로그램 참여자 모집 연장 공고(최종).pdf,
PBLN_000000000125260,0,https://www.bizinfo.go.kr/cmm/fms/getImageFile.do?atchFileId=FILE_000000000768365&fileSn=0,ok,200,application/x-download,공고문(2026년 우리동네 맑은공기 패키지 지원사업).hwpx,855742,api\PBLN_000000000125260\0_공고문(2026년 우리동네 맑은공기 패키지 지원사업).hwpx,
PBLN_000000000125259,0,https://www.bizinfo.go.kr/cmm/fms/getImageFile.do?atchFileId=FILE_000000000768363&fileSn=1,ok,200,application/x-download,★_2026년_지방소멸대응_유공포상_후보자_모집공고.pdf,817412,api\PBLN_000000000125259\0_★_2026년_지방소멸대응_유공포상_후보자_모집공고.pdf,
PBLN_000000000125258,0,https://www.bizinfo.go.kr/cmm/fms/getImageFile.do?atchFileId=FILE_000000000768359&fileSn=0,ok,200,application/x-download,[사업공고] 『경북 K-차세대 전기추진 선박 글로벌혁신 규제자유특구』사업설명회 안내 및 특구사업자 추가 모집 공고.pdf,493372,api\PBLN_000000000125258\0_[사업공고] 『경북 K-차세대 전기추진 선박 글로벌혁신 규제자유특구』사업설명회 안내 및 특구사업자 추가 모집 공고.pdf,
PBLN_000000000125257,0,https://www.bizinfo.go.kr/cmm/fms/getImageFile.do?atchFileId=FILE_000000000768357&fileSn=0,ok,200,application/x-download,2026년 외국인근로자 생활환경 개선 지원사업 공고(2차).hwpx,190254,api\PBLN_000000000125257\0_2026년 외국인근로자 생활환경 개선 지원사업 공고(2차).hwpx,
PBLN_000000000125256,0,https://www.bizinfo.go.kr/cmm/fms/getImageFile.do?atchFileId=FILE_000000000768355&fileSn=1,ok,200,application/x-download,2026년스케일업공공실증지원사업참여기업추가모집공고(공고문).hwpx,3356979,api\PBLN_000000000125256\0_2026년스케일업공공실증지원사업참여기업추가모집공고(공고문).hwpx,
PBLN_000000000125255,0,https://www.bizinfo.go.kr/cmm/fms/getImageFile.do?atchFileId=FILE_000000000768351&fileSn=0,ok,200,application/x-download,붙임 1. 2026 가속기 활용 사업화 기술개발 기업지원사업 참여기업 모집 공고.hwp,84992,api\PBLN_000000000125255\0_붙임 1. 2026 가속기 활용 사업화 기술개발 기업지원사업 참여기업 모집 공고.hwp,
PBLN_000000000125254,0,https://www.bizinfo.go.kr/cmm/fms/getImageFile.do?atchFileId=FILE_000000000768349&fileSn=0,ok,200,application/x-download,2026년 천안 전략산업 가치사슬 체계구축 지원사업 참여기업 모집공고_08.06+.pdf,527591,api\PBLN_000000000125254\0_2026년 천안 전략산업 가치사슬 체계구축 지원사업 참여기업 모집공고_08.06+.pdf,
PBLN_000000000125253,0,https://www.bizinfo.go.kr/cmm/fms/getImageFile.do?atchFileId=FILE_000000000768345&fileSn=1,ok,200,application/x-download,「2026년 중소기업 ESG 경영지원 구축 사업」참여기업 모집 4차 연장공고.pdf,316302,api\PBLN_000000000125253\0_「2026년 중소기업 ESG 경영지원 구축 사업」참여기업 모집 4차 연장공고.pdf,
PBLN_000000000125252,0,https://www.bizinfo.go.kr/cmm/fms/getImageFile.do?atchFileId=FILE_000000000768347&fileSn=1,ok,200,application/x-download,붙임1_ 구리시 온라인마케팅 지원사업 모집 공고문.hwp,72192,api\PBLN_000000000125252\0_붙임1_ 구리시 온라인마케팅 지원사업 모집 공고문.hwp,
PBLN_000000000125250,0,https://www.bizinfo.go.kr/cmm/fms/getImageFile.do?atchFileId=FILE_000000000768333&fileSn=2,ok,200,application/x-download,[붙임1] AI어장 현장실증(응용 서비스 사업화) 지원 모집 (3차) 재공고문(안)_정정.pdf,388908,api\PBLN_000000000125250\0_[붙임1] AI어장 현장실증(응용 서비스 사업화) 지원 모집 (3차) 재공고문(안)_정정.pdf,
PBLN_000000000125249,0,https://www.bizinfo.go.kr/cmm/fms/getImageFile.do?atchFileId=FILE_000000000768329&fileSn=0,ok,200,application/x-download,제12회 창원음식문화축제 홍보판매 및 체험부스 모집 공고.hwpx,86317,api\PBLN_000000000125249\0_제12회 창원음식문화축제 홍보판매 및 체험부스 모집 공고.hwpx,
PBLN_000000000125248,0,https://www.bizinfo.go.kr/cmm/fms/getImageFile.do?atchFileId=FILE_000000000768327&fileSn=0,ok,200,application/x-download,2026년 양산시 관광객 유치 인센티브 지원 계획 공고(하반기).hwpx,142037,api\PBLN_000000000125248\0_2026년 양산시 관광객 유치 인센티브 지원 계획 공고(하반기).hwpx,
PBLN_000000000125246,0,https://www.bizinfo.go.kr/cmm/fms/getImageFile.do?atchFileId=FILE_000000000768321&fileSn=0,ok,200,application/x-download,(붙임1) 제주시 2026년 소규모 사업장 방지시설 지원사업 시행공고 v4.hwpx,1354806,api\PBLN_000000000125246\0_(붙임1) 제주시 2026년 소규모 사업장 방지시설 지원사업 시행공고 v4.hwpx,
PBLN_000000000125245,0,https://www.bizinfo.go.kr/cmm/fms/getImageFile.do?atchFileId=FILE_000000000768319&fileSn=0,ok,200,application/x-download,2026년 수산물 수출가공 HACCP 시설 지원 시행지침.hwpx,200588,api\PBLN_000000000125245\0_2026년 수산물 수출가공 HACCP 시설 지원 시행지침.hwpx,
PBLN_000000000125242,0,https://www.bizinfo.go.kr/cmm/fms/getImageFile.do?atchFileId=FILE_000000000768266&fileSn=0,ok,200,application/x-download,2026년 투자유치지원사업 공고문 및 서식.hwp,196608,api\PBLN_000000000125242\0_2026년 투자유치지원사업 공고문 및 서식.hwp,
PBLN_000000000125241,0,https://www.bizinfo.go.kr/cmm/fms/getImageFile.do?atchFileId=FILE_000000000768262&fileSn=1,ok,200,application/x-download,2026년_K-브랜드_챌린지_참여기업_모집_공고(연장).pdf,998919,api\PBLN_000000000125241\0_2026년_K-브랜드_챌린지_참여기업_모집_공고(연장).pdf,
PBLN_000000000125240,0,https://www.bizinfo.go.kr/cmm/fms/getImageFile.do?atchFileId=FILE_000000000768248&fileSn=0,ok,200,application/x-download,(모집공고) 「2026년도 농식품 중소기업 기술보호 컨설팅 지원사업」 참여기업 모집 공고.pdf,276858,api\PBLN_000000000125240\0_(모집공고) 「2026년도 농식품 중소기업 기술보호 컨설팅 지원사업」 참여기업 모집 공고.pdf,
PBLN_000000000125239,0,https://www.bizinfo.go.kr/cmm/fms/getImageFile.do?atchFileId=FILE_000000000768246&fileSn=0,ok,200,application/x-download,붙임 1. 2026년 자동차 부품기업 국내외 마케팅 지원사업 공고.hwp,128512,api\PBLN_000000000125239\0_붙임 1. 2026년 자동차 부품기업 국내외 마케팅 지원사업 공고.hwp,
PBLN_000000000125238,0,https://www.bizinfo.go.kr/cmm/fms/getImageFile.do?atchFileId=FILE_000000000768240&fileSn=0,ok,200,application/x-download,1._최초_수출기업의_해외인증_취득_사전_검증지원_신청_공고문_최종.hwp,131072,api\PBLN_000000000125238\0_1._최초_수출기업의_해외인증_취득_사전_검증지원_신청_공고문_최종.hwp,
PBLN_000000000125237,0,https://www.bizinfo.go.kr/cmm/fms/getImageFile.do?atchFileId=FILE_000000000768244&fileSn=1,ok,200,application/x-download,2026년 제2차 해외산림자원개발 융자(이차보전) 사업자 모집 공고.pdf,569746,api\PBLN_000000000125237\0_2026년 제2차 해외산림자원개발 융자(이차보전) 사업자 모집 공고.pdf,
PBLN_000000000125236,0,https://www.bizinfo.go.kr/cmm/fms/getImageFile.do?atchFileId=FILE_000000000768230&fileSn=0,ok,200,application/x-download,1. 모집 공고문(2026 해양 콘텐츠 제작 지원사업).pdf,582941,api\PBLN_000000000125236\0_1. 모집 공고문(2026 해양 콘텐츠 제작 지원사업).pdf,
PBLN_000000000125235,0,https://www.bizinfo.go.kr/cmm/fms/getImageFile.do?atchFileId=FILE_000000000768228&fileSn=0,ok,200,application/x-download,(모집공고) 「2026년도 농식품 중소기업 ESG경영 도입 및 국제표준 인증 취득 지원사업」참여기업 모집 공고.pdf,293256,api\PBLN_000000000125235\0_(모집공고) 「2026년도 농식품 중소기업 ESG경영 도입 및 국제표준 인증 취득 지원사업」참여기업 모집 공고.pdf,
PBLN_000000000125234,0,https://www.bizinfo.go.kr/cmm/fms/getImageFile.do?atchFileId=FILE_000000000768238&fileSn=1,ok,200,application/x-download,2026년_하반기_지식재산처_우수특허기반_혁신제품_추가등록_공고+.pdf,857422,api\PBLN_000000000125234\0_2026년_하반기_지식재산처_우수특허기반_혁신제품_추가등록_공고+.pdf,
PBLN_000000000125233,0,https://www.bizinfo.go.kr/cmm/fms/getImageFile.do?atchFileId=FILE_000000000768224&fileSn=1,ok,200,application/x-download,1. 모집 공고문(메가 이벤트 연계 제작 지원사업).pdf,617503,api\PBLN_000000000125233\0_1. 모집 공고문(메가 이벤트 연계 제작 지원사업).pdf,
PBLN_000000000125232,0,https://www.bizinfo.go.kr/cmm/fms/getImageFile.do?atchFileId=FILE_000000000768234&fileSn=1,ok,200,application/x-download,2026년_하반기_지식재산처_우수특허기반_혁신제품_신규지정_공고+.pdf,1039849,api\PBLN_000000000125232\0_2026년_하반기_지식재산처_우수특허기반_혁신제품_신규지정_공고+.pdf,
PBLN_000000000125231,0,https://www.bizinfo.go.kr/cmm/fms/getImageFile.do?atchFileId=FILE_000000000768226&fileSn=1,ok,200,application/x-download,붙임 1. 2026년 중소기업 밀집지역 위기대응 체계 구축사업 하반기 Stand-up 맞춤지원 공고문.pdf,287004,api\PBLN_000000000125231\0_붙임 1. 2026년 중소기업 밀집지역 위기대응 체계 구축사업 하반기 Stand-up 맞춤지원 공고문.pdf,
PBLN_000000000125230,0,https://www.bizinfo.go.kr/cmm/fms/getImageFile.do?atchFileId=FILE_000000000768222&fileSn=1,ok,200,application/x-download,(공고) 2026년 R&D기획 지원(2차).pdf,416359,api\PBLN_000000000125230\0_(공고) 2026년 R&D기획 지원(2차).pdf,
PBLN_000000000125229,0,https://www.bizinfo.go.kr/cmm/fms/getImageFile.do?atchFileId=FILE_000000000768220&fileSn=1,ok,200,application/x-download,(공고문) 2026년도 이차전지 소재부품 기업대상 시제품 제작 지원프로그램 참여기업 모집 공고(상시).pdf,1759515,api\PBLN_000000000125229\0_(공고문) 2026년도 이차전지 소재부품 기업대상 시제품 제작 지원프로그램 참여기업 모집 공고(상시).pdf,
PBLN_000000000125228,0,https://www.bizinfo.go.kr/cmm/fms/getImageFile.do?atchFileId=FILE_000000000768206&fileSn=0,ok,200,application/x-download,1.+2026년+해외지식재산센터+법률서비스+지원사업+6차+정기공고(제2026-56호) (1).pdf,325906,api\PBLN_000000000125228\0_1.+2026년+해외지식재산센터+법률서비스+지원사업+6차+정기공고(제2026-56호) (1).pdf,
PBLN_000000000125227,0,https://www.bizinfo.go.kr/cmm/fms/getImageFile.do?atchFileId=FILE_000000000768216&fileSn=0,ok,200,application/x-download,[공모요강] 2026 예술기업 상생혁신(오픈이노베이션) 지원사업 공모 요강(1).pdf,465738,api\PBLN_000000000125227\0_[공모요강] 2026 예술기업 상생혁신(오픈이노베이션) 지원사업 공모 요강(1).pdf,
PBLN_000000000125226,0,https://www.bizinfo.go.kr/cmm/fms/getImageFile.do?atchFileId=FILE_000000000768204&fileSn=0,ok,200,application/x-download,붙임1.통합공고문.pdf,385424,api\PBLN_000000000125226\0_붙임1.통합공고문.pdf,
PBLN_000000000125225,0,https://www.bizinfo.go.kr/cmm/fms/getImageFile.do?atchFileId=FILE_000000000768212&fileSn=1,ok,200,application/x-download,울산 사회연대경제 청년 일경험 시범사업 참여기업 5차 추가 모집 공고.pdf,535288,api\PBLN_000000000125225\0_울산 사회연대경제 청년 일경험 시범사업 참여기업 5차 추가 모집 공고.pdf,
PBLN_000000000125224,0,https://www.bizinfo.go.kr/cmm/fms/getImageFile.do?atchFileId=FILE_000000000768202&fileSn=1,ok,200,application/x-download,[공고] 2026년 소기업형 스마트공장 구축 지원사업 공고_3차.pdf,442473,api\PBLN_000000000125224\0_[공고] 2026년 소기업형 스마트공장 구축 지원사업 공고_3차.pdf,
PBLN_000000000125222,0,https://www.bizinfo.go.kr/cmm/fms/getImageFile.do?atchFileId=FILE_000000000768194&fileSn=0,ok,200,application/x-download,[공고] 26-2차 군수품 상용화 지원사업(교육 및 컨설팅) 참여기업 모집공고.pdf,185199,api\PBLN_000000000125222\0_[공고] 26-2차 군수품 상용화 지원사업(교육 및 컨설팅) 참여기업 모집공고.pdf,
PBLN_000000000125221,0,https://www.bizinfo.go.kr/cmm/fms/getImageFile.do?atchFileId=FILE_000000000768192&fileSn=0,ok,200,application/x-download,[공고문]+K-브랜드+해외+상표권+보호+라이선싱+전략+지원사업+공고.pdf,278851,api\PBLN_000000000125221\0_[공고문]+K-브랜드+해외+상표권+보호+라이선싱+전략+지원사업+공고.pdf,
PBLN_000000000125220,0,https://www.bizinfo.go.kr/cmm/fms/getImageFile.do?atchFileId=FILE_000000000768188&fileSn=1,ok,200,application/x-download,2.+2026년+산림분야+지식재산권+우수기술+사업화+지원사업+공고.pdf,474661,api\PBLN_000000000125220\0_2.+2026년+산림분야+지식재산권+우수기술+사업화+지원사업+공고.pdf,
PBLN_000000000125219,0,https://www.bizinfo.go.kr/cmm/fms/getImageFile.do?atchFileId=FILE_000000000768184&fileSn=1,ok,200,application/x-download,1.+2026년+산림분야+지식재산권+출원+지원사업+공고.pdf,466347,api\PBLN_000000000125219\0_1.+2026년+산림분야+지식재산권+출원+지원사업+공고.pdf,
PBLN_000000000125218,0,https://www.bizinfo.go.kr/cmm/fms/getImageFile.do?atchFileId=FILE_000000000768180&fileSn=1,ok,200,application/x-download,2026년 바이오헬스산업 기술평가-사업화연계 지원사업 모집공고(2차).pdf,242774,api\PBLN_000000000125218\0_2026년 바이오헬스산업 기술평가-사업화연계 지원사업 모집공고(2차).pdf,
PBLN_000000000125217,0,https://www.bizinfo.go.kr/cmm/fms/getImageFile.do?atchFileId=FILE_000000000768176&fileSn=1,ok,200,application/x-download,2026년도+민관+공동+전략형+상생협력사업(창의트랙사업)+추가모집+공고(안).hwp,94720,api\PBLN_000000000125217\0_2026년도+민관+공동+전략형+상생협력사업(창의트랙사업)+추가모집+공고(안).hwp,
PBLN_000000000125216,0,https://www.bizinfo.go.kr/cmm/fms/getImageFile.do?atchFileId=FILE_000000000768172&fileSn=0,ok,200,application/x-download,1._(공고문)2027년_인천시_방산_중소기업_생산성향상_지원사업_수요기업_모집.hwp,196608,api\PBLN_000000000125216\0_1._(공고문)2027년_인천시_방산_중소기업_생산성향상_지원사업_수요기업_모집.hwp,
PBLN_000000000125214,0,https://www.bizinfo.go.kr/cmm/fms/getImageFile.do?atchFileId=FILE_000000000768170&fileSn=1,ok,200,application/x-download,[별첨]_2026년_인천_스마트공장_DX견학공장_모집공고_및_신청서식_연장.hwp,92672,api\PBLN_000000000125214\0_[별첨]_2026년_인천_스마트공장_DX견학공장_모집공고_및_신청서식_연장.hwp,
PBLN_000000000125213,0,https://www.bizinfo.go.kr/cmm/fms/getImageFile.do?atchFileId=FILE_000000000768153&fileSn=0,ok,200,application/x-download,[공고문]_동남아 최대 규모 게임 전시회 2026 Gamescom Asia x Thailand Game Show 참여기업 모집_F.pdf,507638,api\PBLN_000000000125213\0_[공고문]_동남아 최대 규모 게임 전시회 2026 Gamescom Asia x Thailand Game Show 참여기업 모집_F.pdf,
PBLN_000000000125212,0,https://www.bizinfo.go.kr/cmm/fms/getImageFile.do?atchFileId=FILE_000000000768166&fileSn=1,ok,200,application/x-download,2026년 마케팅 역량강화 매칭 지원사업 참여기업 모집공고문(2차).pdf,221604,api\PBLN_000000000125212\0_2026년 마케팅 역량강화 매칭 지원사업 참여기업 모집공고문(2차).pdf,
PBLN_000000000125211,0,https://www.bizinfo.go.kr/cmm/fms/getImageFile.do?atchFileId=FILE_000000000768162&fileSn=1,ok,200,application/x-download,붙임1._2026년_제3차_기술개발제품_시범구매_지원계획_공고.pdf,861045,api\PBLN_000000000125211\0_붙임1._2026년_제3차_기술개발제품_시범구매_지원계획_공고.pdf,
PBLN_000000000125210,0,https://www.bizinfo.go.kr/cmm/fms/getImageFile.do?atchFileId=FILE_000000000768128&fileSn=0,ok,200,application/x-download,2026년 신규 홍보물.pdf,189105,api\PBLN_000000000125210\0_2026년 신규 홍보물.pdf,
PBLN_000000000125209,0,https://www.bizinfo.go.kr/cmm/fms/getImageFile.do?atchFileId=FILE_000000000768151&fileSn=1,ok,200,application/x-download,★2026 하반기 나라장터 상생세일 참여업체 모집 공고.hwpx,52854,api\PBLN_000000000125209\0_★2026 하반기 나라장터 상생세일 참여업체 모집 공고.hwpx,
PBLN_000000000125208,0,https://www.bizinfo.go.kr/cmm/fms/getImageFile.do?atchFileId=FILE_000000000768147&fileSn=1,ok,200,application/x-download,2026년 산업융합 혁신품목 및 산업융합 선도기업 선정 계획 공고문+.pdf,766747,api\PBLN_000000000125208\0_2026년 산업융합 혁신품목 및 산업융합 선도기업 선정 계획 공고문+.pdf,
PBLN_000000000125207,0,https://www.bizinfo.go.kr/cmm/fms/getImageFile.do?atchFileId=FILE_000000000768126&fileSn=0,ok,200,application/x-download,2026 소재부품장비 기업 해외 공급망 ESG 요구대응 맞춤형 컨설팅_모집공고문_fn.pdf,473661,api\PBLN_000000000125207\0_2026 소재부품장비 기업 해외 공급망 ESG 요구대응 맞춤형 컨설팅_모집공고문_fn.pdf,
PBLN_000000000125206,0,https://www.bizinfo.go.kr/cmm/fms/getImageFile.do?atchFileId=FILE_000000000768143&fileSn=1,ok,200,application/x-download,모집공고문(오아시스마켓).hwp,122368,api\PBLN_000000000125206\0_모집공고문(오아시스마켓).hwp,
PBLN_000000000125205,0,https://www.bizinfo.go.kr/cmm/fms/getImageFile.do?atchFileId=FILE_000000000768139&fileSn=0,ok,200,application/x-download,[붙임 1] 모집 공고문(찾아가는 스마트 경영 컨설팅).hwp,147968,api\PBLN_000000000125205\0_[붙임 1] 모집 공고문(찾아가는 스마트 경영 컨설팅).hwp,
PBLN_000000000125204,0,https://www.bizinfo.go.kr/cmm/fms/getImageFile.do?atchFileId=FILE_000000000768137&fileSn=0,ok,200,application/x-download,2026년 고양IR데이 참가기업 추가 모집 공고.pdf,271128,api\PBLN_000000000125204\0_2026년 고양IR데이 참가기업 추가 모집 공고.pdf,
PBLN_000000000125203,0,https://www.bizinfo.go.kr/cmm/fms/getImageFile.do?atchFileId=FILE_000000000768124&fileSn=0,ok,200,application/x-download,공고문.pdf,157944,api\PBLN_000000000125203\0_공고문.pdf,
PBLN_000000000125202,0,https://www.bizinfo.go.kr/cmm/fms/getImageFile.do?atchFileId=FILE_000000000768122&fileSn=0,ok,200,application/x-download,거제시 「2026년 노동자 휴게시설 지원사업」 재공고문(3차).hwpx,84226,api\PBLN_000000000125202\0_거제시 「2026년 노동자 휴게시설 지원사업」 재공고문(3차).hwpx,
PBLN_000000000125201,0,https://www.bizinfo.go.kr/cmm/fms/getImageFile.do?atchFileId=FILE_000000000768135&fileSn=1,ok,200,application/x-download,1. 사업 참여기업 모집공고문.pdf,346040,api\PBLN_000000000125201\0_1. 사업 참여기업 모집공고문.pdf,
PBLN_000000000125200,0,https://www.bizinfo.go.kr/cmm/fms/getImageFile.do?atchFileId=FILE_000000000768131&fileSn=1,ok,200,application/x-download,2026 수출시장 확장하기 온라인 통합 사절단(CIS)_참가기업 모집 공고문.pdf,108301,api\PBLN_000000000125200\0_2026 수출시장 확장하기 온라인 통합 사절단(CIS)_참가기업 모집 공고문.pdf,
PBLN_000000000125199,0,https://www.bizinfo.go.kr/cmm/fms/getImageFile.do?atchFileId=FILE_000000000768117&fileSn=1,ok,200,application/x-download,붙임1.-공고문2026년-지역SW산업발전-유공자-및-공모전.pdf,639518,api\PBLN_000000000125199\0_붙임1.-공고문2026년-지역SW산업발전-유공자-및-공모전.pdf,
PBLN_000000000125198,0,https://www.bizinfo.go.kr/cmm/fms/getImageFile.do?atchFileId=FILE_000000000768090&fileSn=1,ok,200,application/x-download,붙임1_『(앵커 3-2) 기업집적지 현장캠퍼스 운영』_BIT융합캠퍼스 2026년도 지원사업 기업 모집 공고문.pdf,523455,api\PBLN_000000000125198\0_붙임1_『(앵커 3-2) 기업집적지 현장캠퍼스 운영』_BIT융합캠퍼스 2026년도 지원사업 기업 모집 공고문.pdf,
PBLN_000000000125197,0,https://www.bizinfo.go.kr/cmm/fms/getImageFile.do?atchFileId=FILE_000000000768086&fileSn=0,ok,200,application/x-download,민관협력 K-뷰티 중소벤처기업 일본 데뷔 프로그램 참여기업 모집공고.pdf,688808,api\PBLN_000000000125197\0_민관협력 K-뷰티 중소벤처기업 일본 데뷔 프로그램 참여기업 모집공고.pdf,
PBLN_000000000125196,0,https://www.bizinfo.go.kr/cmm/fms/getImageFile.do?atchFileId=FILE_000000000768113&fileSn=1,ok,200,application/x-download,(공고문) 2026년 기후테크 특화 오픈이노베이션 참여기업 추가모집 연장 재공고+.pdf,457202,api\PBLN_000000000125196\0_(공고문) 2026년 기후테크 특화 오픈이노베이션 참여기업 추가모집 연장 재공고+.pdf,
PBLN_000000000125195,0,https://www.bizinfo.go.kr/cmm/fms/getImageFile.do?atchFileId=FILE_000000000768071&fileSn=0,ok,200,application/x-download,2026 빅웨이브 글로벌(일본5차) 참여기업 모집공고.pdf,546670,api\PBLN_000000000125195\0_2026 빅웨이브 글로벌(일본5차) 참여기업 모집공고.pdf,
PBLN_000000000125194,0,https://www.bizinfo.go.kr/cmm/fms/getImageFile.do?atchFileId=FILE_000000000768052&fileSn=1,ok,200,application/x-download,[붙임1] 2026년 미취업청년 취업연계 (채용형) 일경험 지원사업 참여기업 모집공고_2차_최종.pdf,218892,api\PBLN_000000000125194\0_[붙임1] 2026년 미취업청년 취업연계 (채용형) 일경험 지원사업 참여기업 모집공고_2차_최종.pdf,
PBLN_000000000125193,0,https://www.bizinfo.go.kr/cmm/fms/getImageFile.do?atchFileId=FILE_000000000768047&fileSn=0,ok,200,application/x-download,2026 독일 뒤셀도르프 의료기기 전시회(MEDICA) 단체참가 참여기업 모집공고.pdf,434305,api\PBLN_000000000125193\0_2026 독일 뒤셀도르프 의료기기 전시회(MEDICA) 단체참가 참여기업 모집공고.pdf,
PBLN_000000000125192,0,https://www.bizinfo.go.kr/cmm/fms/getImageFile.do?atchFileId=FILE_000000000768038&fileSn=1,ok,200,application/x-download,2026 중국 섬서성 환경보호산업 시장진출 지원사업.pdf,215466,api\PBLN_000000000125192\0_2026 중국 섬서성 환경보호산업 시장진출 지원사업.pdf,
PBLN_000000000125190,0,https://www.bizinfo.go.kr/cmm/fms/getImageFile.do?atchFileId=FILE_000000000768045&fileSn=1,ok,200,application/x-download,붙임1. 2026년 해외규격인증 획득지원사업 참여기업 3차 모집 공고문.hwp,164352,api\PBLN_000000000125190\0_붙임1. 2026년 해외규격인증 획득지원사업 참여기업 3차 모집 공고문.hwp,
PBLN_000000000125189,0,https://www.bizinfo.go.kr/cmm/fms/getImageFile.do?atchFileId=FILE_000000000768041&fileSn=1,ok,200,application/x-download,(공고문)「2026년 영천시 해외 무역사절단」 참가기업 추가 모집 공고.pdf,315301,api\PBLN_000000000125189\0_(공고문)「2026년 영천시 해외 무역사절단」 참가기업 추가 모집 공고.pdf,
PBLN_000000000125188,0,https://www.bizinfo.go.kr/cmm/fms/getImageFile.do?atchFileId=FILE_000000000768027&fileSn=0,ok,200,application/x-download,김천시 해외무역사절단 참가기업 모집 공고.pdf,378479,api\PBLN_000000000125188\0_김천시 해외무역사절단 참가기업 모집 공고.pdf,
PBLN_000000000125186,0,https://www.bizinfo.go.kr/cmm/fms/getImageFile.do?atchFileId=FILE_000000000768031&fileSn=1,ok,200,application/x-download,공고_김천_칠곡_2026년_시군특화_맞춤형_일자리_지원사업_참여기업_모집6차.pdf,179431,api\PBLN_000000000125186\0_공고_김천_칠곡_2026년_시군특화_맞춤형_일자리_지원사업_참여기업_모집6차.pdf,
PBLN_000000000125185,0,https://www.bizinfo.go.kr/cmm/fms/getImageFile.do?atchFileId=FILE_000000000768023&fileSn=1,ok,200,application/x-download,(공고문) 2026년 강원 중소기업 밀집지역 위기대응 체계 구축사업_하반기 Stand-up 맞춤지원 공고문.hwpx,93912,api\PBLN_000000000125185\0_(공고문) 2026년 강원 중소기업 밀집지역 위기대응 체계 구축사업_하반기 Stand-up 맞춤지원 공고문.hwpx,
PBLN_000000000125183,0,https://www.bizinfo.go.kr/cmm/fms/getImageFile.do?atchFileId=FILE_000000000768009&fileSn=1,ok,200,application/x-download,(3차모집)26년 시군구 통합공고문_예산.pdf,494573,api\PBLN_000000000125183\0_(3차모집)26년 시군구 통합공고문_예산.pdf,
PBLN_000000000125182,0,https://www.bizinfo.go.kr/cmm/fms/getImageFile.do?atchFileId=FILE_000000000768011&fileSn=0,ok,200,application/x-download,(공고문) 2026년 인천지역 공공구매(조달) 상담회 참가기업 모집 공고문 (1).pdf,335502,api\PBLN_000000000125182\0_(공고문) 2026년 인천지역 공공구매(조달) 상담회 참가기업 모집 공고문 (1).pdf,
PBLN_000000000125180,0,https://www.bizinfo.go.kr/cmm/fms/getImageFile.do?atchFileId=FILE_000000000768015&fileSn=1,ok,200,application/x-download,붙임1. 2026년도 부산국제수산EXPO(BISFE) 연계 상담회 참가업체 모집공고.hwp,98816,api\PBLN_000000000125180\0_붙임1. 2026년도 부산국제수산EXPO(BISFE) 연계 상담회 참가업체 모집공고.hwp,
PBLN_000000000125179,0,https://www.bizinfo.go.kr/cmm/fms/getImageFile.do?atchFileId=FILE_000000000767995&fileSn=0,ok,200,application/x-download,[공고문] 지스타 2026 BTB·BTC 부산공동관 참가기업 모집.hwp,52224,api\PBLN_000000000125179\0_[공고문] 지스타 2026 BTB·BTC 부산공동관 참가기업 모집.hwp,
PBLN_000000000125178,0,https://www.bizinfo.go.kr/cmm/fms/getImageFile.do?atchFileId=FILE_000000000767997&fileSn=1,ok,200,application/x-download,1. [모집공고문] 2026년 2차 ICT 비즈니스 파트너십 참가기업 모집 안내.pdf,179053,api\PBLN_000000000125178\0_1. [모집공고문] 2026년 2차 ICT 비즈니스 파트너십 참가기업 모집 안내.pdf,
PBLN_000000000125177,0,https://www.bizinfo.go.kr/cmm/fms/getImageFile.do?atchFileId=FILE_000000000768003&fileSn=1,ok,200,application/x-download,1. (과학기술정보통신부 공고 제2026-0834호) 2026년 제26회 올해의 여성과학기술인상 선정계획 공고.pdf,241533,api\PBLN_000000000125177\0_1. (과학기술정보통신부 공고 제2026-0834호) 2026년 제26회 올해의 여성과학기술인상 선정계획 공고.pdf,
PBLN_000000000125176,0,https://www.bizinfo.go.kr/cmm/fms/getImageFile.do?atchFileId=FILE_000000000767991&fileSn=0,ok,200,application/x-download,1_모집공고문.hwp,89600,api\PBLN_000000000125176\0_1_모집공고문.hwp,
PBLN_000000000125175,0,https://www.bizinfo.go.kr/cmm/fms/getImageFile.do?atchFileId=FILE_000000000767979&fileSn=1,ok,200,application/x-download,1. [통합공고] 통합공고_모빌리티 부품 제조AI 확산센터 구축.pdf,819454,api\PBLN_000000000125175\0_1. [통합공고] 통합공고_모빌리티 부품 제조AI 확산센터 구축.pdf,
PBLN_000000000125174,0,https://www.bizinfo.go.kr/cmm/fms/getImageFile.do?atchFileId=FILE_000000000767975&fileSn=1,ok,200,application/x-download,1._공고문_2026년_맞춤형_방폭안전관리_역량강화_사업.hwp,84480,api\PBLN_000000000125174\0_1._공고문_2026년_맞춤형_방폭안전관리_역량강화_사업.hwp,
PBLN_000000000125173,0,https://www.bizinfo.go.kr/cmm/fms/getImageFile.do?atchFileId=FILE_000000000767988&fileSn=1,ok,200,application/x-download,2026년 해외지사화 지원사업 추가모집 공고문.hwpx,99552,api\PBLN_000000000125173\0_2026년 해외지사화 지원사업 추가모집 공고문.hwpx,
PBLN_000000000125172,0,https://www.bizinfo.go.kr/cmm/fms/getImageFile.do?atchFileId=FILE_000000000767981&fileSn=0,ok,200,application/x-download,2026년 부천상권페스타 공고문.hwp,32768,api\PBLN_000000000125172\0_2026년 부천상권페스타 공고문.hwp,
PBLN_000000000125170,0,https://www.bizinfo.go.kr/cmm/fms/getImageFile.do?atchFileId=FILE_000000000767971&fileSn=1,ok,200,application/x-download,[첨부1] 2026년 스마트도시「알파-부스트」지원사업 추가모집 공고.hwp,144384,api\PBLN_000000000125170\0_[첨부1] 2026년 스마트도시「알파-부스트」지원사업 추가모집 공고.hwp,
PBLN_000000000125168,0,https://www.bizinfo.go.kr/cmm/fms/getImageFile.do?atchFileId=FILE_000000000767957&fileSn=2,ok,200,application/x-download,(붙임)_2026년_강원비관세장벽_대응_지원사업(미국_FDA_식품등록)_참여기업_모집공고.pdf,313596,api\PBLN_000000000125168\0_(붙임)_2026년_강원비관세장벽_대응_지원사업(미국_FDA_식품등록)_참여기업_모집공고.pdf,
PBLN_000000000125167,0,https://www.bizinfo.go.kr/cmm/fms/getImageFile.do?atchFileId=FILE_000000000767953&fileSn=0,ok,200,application/x-download,붙임1.[공고문] 2026년 경상북도 연구장비 활용 수수료지원사업 수혜기업 모집공고.hwp,183808,api\PBLN_000000000125167\0_붙임1.[공고문] 2026년 경상북도 연구장비 활용 수수료지원사업 수혜기업 모집공고.hwp,
PBLN_000000000125166,0,https://www.bizinfo.go.kr/cmm/fms/getImageFile.do?atchFileId=FILE_000000000767946&fileSn=0,ok,200,application/x-download,2026 디지털커머스 전문기관(소담스퀘어 in 경북).pdf,1697000,api\PBLN_000000000125166\0_2026 디지털커머스 전문기관(소담스퀘어 in 경북).pdf,
PBLN_000000000125162,0,https://www.bizinfo.go.kr/cmm/fms/getImageFile.do?atchFileId=FILE_000000000767938&fileSn=2,ok,200,application/x-download,[붙임]+26년도+해외+온라인+플랫폼+입점지원_소상공인_모집공고.hwp,511488,api\PBLN_000000000125162\0_[붙임]+26년도+해외+온라인+플랫폼+입점지원_소상공인_모집공고.hwp,
PBLN_000000000125161,0,https://www.bizinfo.go.kr/cmm/fms/getImageFile.do?atchFileId=FILE_000000000767936&fileSn=0,ok,200,application/x-download,2026-08-05 16_35_32패션 브랜드 협업활성화 원단지원 기업 모집 공고(안).hwp,70656,api\PBLN_000000000125161\0_2026-08-05 16_35_32패션 브랜드 협업활성화 원단지원 기업 모집 공고(안).hwp,
PBLN_000000000125160,0,https://www.bizinfo.go.kr/cmm/fms/getImageFile.do?atchFileId=FILE_000000000767934&fileSn=1,ok,200,application/x-download,공고문(추가)_대만 해외시장개척단.pdf,121151,api\PBLN_000000000125160\0_공고문(추가)_대만 해외시장개척단.pdf,
PBLN_000000000125159,0,https://www.bizinfo.go.kr/cmm/fms/getImageFile.do?atchFileId=FILE_000000000767932&fileSn=1,ok,200,application/x-download,붙임 2. 2026년 전북 글로벌 IP스타기업 육성 5차 해외출원비용지원사업 모집공고문.hwp,185856,api\PBLN_000000000125159\0_붙임 2. 2026년 전북 글로벌 IP스타기업 육성 5차 해외출원비용지원사업 모집공고문.hwp,
PBLN_000000000125158,0,https://www.bizinfo.go.kr/cmm/fms/getImageFile.do?atchFileId=FILE_000000000767926&fileSn=0,ok,200,application/x-download,1. [공고 제2026-62호] 2026년 규제자유특구혁신사업육성 사업화지원 사업 모집 공고(2차).hwpx,348643,api\PBLN_000000000125158\0_1. [공고 제2026-62호] 2026년 규제자유특구혁신사업육성 사업화지원 사업 모집 공고(2차).hwpx,
PBLN_000000000125157,0,https://www.bizinfo.go.kr/cmm/fms/getImageFile.do?atchFileId=FILE_000000000767922&fileSn=0,ok,200,application/x-download,2026년_하반기_착한가격업소_신규_지정_모집_공고문.hwpx,85544,api\PBLN_000000000125157\0_2026년_하반기_착한가격업소_신규_지정_모집_공고문.hwpx,
PBLN_000000000125156,0,https://www.bizinfo.go.kr/cmm/fms/getImageFile.do?atchFileId=FILE_000000000767924&fileSn=1,ok,200,application/x-download,붙임1.2026년+로봇기반공간컴퓨팅+창업지원사업+예비창업팀+모집+추가공고문20260804.pdf,507240,api\PBLN_000000000125156\0_붙임1.2026년+로봇기반공간컴퓨팅+창업지원사업+예비창업팀+모집+추가공고문20260804.pdf,
PBLN_000000000125154,0,https://www.bizinfo.go.kr/cmm/fms/getImageFile.do?atchFileId=FILE_000000000767916&fileSn=1,ok,200,application/x-download,성남시+산업기술보호+컨설팅+참여+기업+모집+공고.pdf,288504,api\PBLN_000000000125154\0_성남시+산업기술보호+컨설팅+참여+기업+모집+공고.pdf,
PBLN_000000000125153,0,https://www.bizinfo.go.kr/cmm/fms/getImageFile.do?atchFileId=FILE_000000000767912&fileSn=0,ok,200,application/x-download,2026 아세안+α 시장 개척을 위한 바이어 초청 수출상담회 공고문.hwpx,81892,api\PBLN_000000000125153\0_2026 아세안+α 시장 개척을 위한 바이어 초청 수출상담회 공고문.hwpx,
PBLN_000000000125152,0,https://www.bizinfo.go.kr/cmm/fms/getImageFile.do?atchFileId=FILE_000000000767910&fileSn=1,ok,200,application/x-download,반도체 공정기반 나노메디컬 기술상용화 지원 사업 모집공고문.hwp,59904,api\PBLN_000000000125152\0_반도체 공정기반 나노메디컬 기술상용화 지원 사업 모집공고문.hwp,
PBLN_000000000125151,0,https://www.bizinfo.go.kr/cmm/fms/getImageFile.do?atchFileId=FILE_000000000767904&fileSn=0,ok,200,application/x-download,[붙임1] 2026년 딥테크 창업기업 기술지원사업 LAB TO CITY (L2C)반도체 모집 공고.hwp,148992,api\PBLN_000000000125151\0_[붙임1] 2026년 딥테크 창업기업 기술지원사업 LAB TO CITY (L2C)반도체 모집 공고.hwp,
PBLN_000000000125150,0,https://www.bizinfo.go.kr/cmm/fms/getImageFile.do?atchFileId=FILE_000000000767902&fileSn=0,ok,200,application/x-download,[붙임]제24회+전주국제발효식품엑스포+추가모집+공고문+.pdf,225889,api\PBLN_000000000125150\0_[붙임]제24회+전주국제발효식품엑스포+추가모집+공고문+.pdf,
PBLN_000000000125149,0,https://www.bizinfo.go.kr/cmm/fms/getImageFile.do?atchFileId=FILE_000000000767900&fileSn=0,ok,200,application/x-download,붙임. 사업 안내문.pdf,721010,api\PBLN_000000000125149\0_붙임. 사업 안내문.pdf,
PBLN_000000000125148,0,https://www.bizinfo.go.kr/cmm/fms/getImageFile.do?atchFileId=FILE_000000000767895&fileSn=0,ok,200,application/x-download,2026 북미 자동차 전략 상담회 모집공고문.pdf,139679,api\PBLN_000000000125148\0_2026 북미 자동차 전략 상담회 모집공고문.pdf,
PBLN_000000000125147,0,https://www.bizinfo.go.kr/cmm/fms/getImageFile.do?atchFileId=FILE_000000000767897&fileSn=1,ok,200,application/x-download,착한가격업소 신규지정 공고문.hwpx,66416,api\PBLN_000000000125147\0_착한가격업소 신규지정 공고문.hwpx,
PBLN_000000000125146,0,https://www.bizinfo.go.kr/cmm/fms/getImageFile.do?atchFileId=FILE_000000000767889&fileSn=0,ok,200,application/x-download,Innovation Leaders Summit(ILS) 2026 연계 한일 오픈이노베이션 사업.pdf,194594,api\PBLN_000000000125146\0_Innovation Leaders Summit(ILS) 2026 연계 한일 오픈이노베이션 사업.pdf,
PBLN_000000000125145,0,https://www.bizinfo.go.kr/cmm/fms/getImageFile.do?atchFileId=FILE_000000000767891&fileSn=1,ok,200,application/x-download,2026년 하반기 착한가격업소 신규 모집 공고.hwpx,82968,api\PBLN_000000000125145\0_2026년 하반기 착한가격업소 신규 모집 공고.hwpx,
PBLN_000000000125144,0,https://www.bizinfo.go.kr/cmm/fms/getImageFile.do?atchFileId=FILE_000000000767883&fileSn=0,ok,200,application/x-download,1-2. 2026년 에너지기술공유대학(ETU) 산업체 연계 인턴십 참여기업 모집공고.pdf,85977,api\PBLN_000000000125144\0_1-2. 2026년 에너지기술공유대학(ETU) 산업체 연계 인턴십 참여기업 모집공고.pdf,
PBLN_000000000125143,0,https://www.bizinfo.go.kr/cmm/fms/getImageFile.do?atchFileId=FILE_000000000767823&fileSn=0,ok,200,application/x-download,생생마을 한가위 큰장터 참여 신청서.pdf,257751,api\PBLN_000000000125143\0_생생마을 한가위 큰장터 참여 신청서.pdf,
PBLN_000000000125142,0,https://www.bizinfo.go.kr/cmm/fms/getImageFile.do?atchFileId=FILE_000000000767812&fileSn=0,ok,200,application/x-download,[붙임1] 사업 공고문.hwp,59392,api\PBLN_000000000125142\0_[붙임1] 사업 공고문.hwp,
PBLN_000000000125141,0,https://www.bizinfo.go.kr/cmm/fms/getImageFile.do?atchFileId=FILE_000000000767790&fileSn=0,ok,200,application/x-download,2026+무등포레스트+상품화+참여기업+모집+공고문.pdf,153541,api\PBLN_000000000125141\0_2026+무등포레스트+상품화+참여기업+모집+공고문.pdf,
PBLN_000000000125140,0,https://www.bizinfo.go.kr/cmm/fms/getImageFile.do?atchFileId=FILE_000000000767810&fileSn=1,ok,200,application/x-download,모집안내문_IT기업교류회_오키나와나하.pdf,336262,api\PBLN_000000000125140\0_모집안내문_IT기업교류회_오키나와나하.pdf,
PBLN_000000000125138,0,https://www.bizinfo.go.kr/cmm/fms/getImageFile.do?atchFileId=FILE_000000000767788&fileSn=0,ok,200,application/x-download,2026년 하반기 중소기업 밀집지역 위기대응 체계 구축사업 Stand-up 맞춤지원 모집 공고.pdf,289885,api\PBLN_000000000125138\0_2026년 하반기 중소기업 밀집지역 위기대응 체계 구축사업 Stand-up 맞춤지원 모집 공고.pdf,
PBLN_000000000125137,0,https://www.bizinfo.go.kr/cmm/fms/getImageFile.do?atchFileId=FILE_000000000767786&fileSn=0,ok,200,application/x-download,붙임1. [공고문-펫디바이스] 글로벌 진출 스마트 휴머니제이션 사업.pdf,297830,api\PBLN_000000000125137\0_붙임1. [공고문-펫디바이스] 글로벌 진출 스마트 휴머니제이션 사업.pdf,
PBLN_000000000125136,0,https://www.bizinfo.go.kr/cmm/fms/getImageFile.do?atchFileId=FILE_000000000767804&fileSn=1,ok,200,application/x-download,2026년 해외진출 종합지원사업(제2차 해외물류비) 공고.hwp,289792,api\PBLN_000000000125136\0_2026년 해외진출 종합지원사업(제2차 해외물류비) 공고.hwp,
PBLN_000000000125135,0,https://www.bizinfo.go.kr/cmm/fms/getImageFile.do?atchFileId=FILE_000000000767800&fileSn=1,ok,200,application/x-download,(붙임1) 2026년 인증·지식재산 지원사업 2차 모집 공고_배포용.pdf,334726,api\PBLN_000000000125135\0_(붙임1) 2026년 인증·지식재산 지원사업 2차 모집 공고_배포용.pdf,
PBLN_000000000125132,0,https://www.bizinfo.go.kr/cmm/fms/getImageFile.do?atchFileId=FILE_000000000767782&fileSn=0,ok,200,application/x-download,[공고문] 지역SW품질역량강화사업안내(공고).pdf,658338,api\PBLN_000000000125132\0_[공고문] 지역SW품질역량강화사업안내(공고).pdf,
PBLN_000000000125129,0,https://www.bizinfo.go.kr/cmm/fms/getImageFile.do?atchFileId=FILE_000000000767780&fileSn=1,ok,200,application/x-download,붙임 1. 공고문_「미래차 애프터마켓부품 산업 활성화 기반구축」 2026년 기업지원 수혜기업 모집 4차 공고.hwp,95744,api\PBLN_000000000125129\0_붙임 1. 공고문_「미래차 애프터마켓부품 산업 활성화 기반구축」 2026년 기업지원 수혜기업 모집 4차 공고.hwp,
PBLN_000000000125128,0,https://www.bizinfo.go.kr/cmm/fms/getImageFile.do?atchFileId=FILE_000000000767768&fileSn=0,ok,200,application/x-download,붙임 1. [공고문] 포항시 지역산업위기대응 맞춤형 지원사업 수출상담회 모집 공고(안)+.pdf,199652,api\PBLN_000000000125128\0_붙임 1. [공고문] 포항시 지역산업위기대응 맞춤형 지원사업 수출상담회 모집 공고(안)+.pdf,
PBLN_000000000125127,0,https://www.bizinfo.go.kr/cmm/fms/getImageFile.do?atchFileId=FILE_000000000767776&fileSn=1,ok,200,application/x-download,2026년+경상남도+중소기업육성자금+3분기+일반자금+지원계획+공고문.hwpx,211973,api\PBLN_000000000125127\0_2026년+경상남도+중소기업육성자금+3분기+일반자금+지원계획+공고문.hwpx,
PBLN_000000000125126,0,https://www.bizinfo.go.kr/cmm/fms/getImageFile.do?atchFileId=FILE_000000000767771&fileSn=1,ok,200,application/x-download,[공고+및+신청서]+자영업+소상공인+디자인+컨설팅+지원+공고.hwpx,128997,api\PBLN_000000000125126\0_[공고+및+신청서]+자영업+소상공인+디자인+컨설팅+지원+공고.hwpx,
PBLN_000000000125125,0,https://www.bizinfo.go.kr/cmm/fms/getImageFile.do?atchFileId=FILE_000000000767757&fileSn=0,ok,200,application/x-download,2026년 중장년 활력UP 일자리사업 참여기관 추가 모집 공고.hwp,89088,api\PBLN_000000000125125\0_2026년 중장년 활력UP 일자리사업 참여기관 추가 모집 공고.hwp,
PBLN_000000000125123,0,https://www.bizinfo.go.kr/cmm/fms/getImageFile.do?atchFileId=FILE_000000000767755&fileSn=0,ok,200,application/x-download,붙임 1. 지역기업 인식개선ㆍ브랜딩 콘텐츠 제작 지원 공고문_.pdf,252522,api\PBLN_000000000125123\0_붙임 1. 지역기업 인식개선ㆍ브랜딩 콘텐츠 제작 지원 공고문_.pdf,
PBLN_000000000125122,0,https://www.bizinfo.go.kr/cmm/fms/getImageFile.do?atchFileId=FILE_000000000767750&fileSn=0,ok,200,application/x-download,2026년 신중년 경력형 일자리사업 참여기관 추가 모집 공고+.pdf,288974,api\PBLN_000000000125122\0_2026년 신중년 경력형 일자리사업 참여기관 추가 모집 공고+.pdf,
PBLN_000000000125121,0,https://www.bizinfo.go.kr/cmm/fms/getImageFile.do?atchFileId=FILE_000000000767762&fileSn=1,ok,200,application/x-download,붙임 1. 2026년 부여군 시군구연고산업육성사업 수혜기업 모집 공고문(3차).pdf,272058,api\PBLN_000000000125121\0_붙임 1. 2026년 부여군 시군구연고산업육성사업 수혜기업 모집 공고문(3차).pdf,
PBLN_000000000125120,0,https://www.bizinfo.go.kr/cmm/fms/getImageFile.do?atchFileId=FILE_000000000767753&fileSn=0,ok,200,application/x-download,(모집공고) 2026 충남 미국 캐나다 시장개척단.pdf,275232,api\PBLN_000000000125120\0_(모집공고) 2026 충남 미국 캐나다 시장개척단.pdf,
PBLN_000000000125119,0,https://www.bizinfo.go.kr/cmm/fms/getImageFile.do?atchFileId=FILE_000000000767746&fileSn=1,ok,200,application/x-download,[붙임1]전북산업체애로기술해결을위한기술자문참여기업모집공고문.hwp,20480,api\PBLN_000000000125119\0_[붙임1]전북산업체애로기술해결을위한기술자문참여기업모집공고문.hwp,
PBLN_000000000125118,0,https://www.bizinfo.go.kr/cmm/fms/getImageFile.do?atchFileId=FILE_000000000767751&fileSn=0,ok,200,application/x-download,01. 모집공고문_2026 폴란드 시장개척단.hwp,91648,api\PBLN_000000000125118\0_01. 모집공고문_2026 폴란드 시장개척단.hwp,
PBLN_000000000125117,0,https://www.bizinfo.go.kr/cmm/fms/getImageFile.do?atchFileId=FILE_000000000767742&fileSn=1,ok,200,application/x-download,『2026년 미래신산업 유망벤처‧고성장기업 육성사업』 글로벌 비상(飛上) 프로젝트 참여기업 2차 모집공고.pdf,234044,api\PBLN_000000000125117\0_『2026년 미래신산업 유망벤처‧고성장기업 육성사업』 글로벌 비상(飛上) 프로젝트 참여기업 2차 모집공고.pdf,
PBLN_000000000125114,0,https://www.bizinfo.go.kr/cmm/fms/getImageFile.do?atchFileId=FILE_000000000767734&fileSn=1,ok,200,application/x-download,(공고문)2026년_제2차_인천형_예비사회적기업_지정계획_공고_(1).pdf,1209529,api\PBLN_000000000125114\0_(공고문)2026년_제2차_인천형_예비사회적기업_지정계획_공고_(1).pdf,
PBLN_000000000125113,0,https://www.bizinfo.go.kr/cmm/fms/getImageFile.do?atchFileId=FILE_000000000767730&fileSn=0,ok,200,application/x-download,2026년 청년농업인 맞춤지원사업_공고용+.pdf,422101,api\PBLN_000000000125113\0_2026년 청년농업인 맞춤지원사업_공고용+.pdf,
PBLN_000000000125112,0,https://www.bizinfo.go.kr/cmm/fms/getImageFile.do?atchFileId=FILE_000000000767726&fileSn=1,ok,200,application/x-download,2026년 경기스타트업플랫폼 온라인 밋업위크 모집공고문.pdf,238342,api\PBLN_000000000125112\0_2026년 경기스타트업플랫폼 온라인 밋업위크 모집공고문.pdf,
PBLN_000000000125111,0,https://www.bizinfo.go.kr/cmm/fms/getImageFile.do?atchFileId=FILE_000000000767722&fileSn=0,ok,200,application/x-download,붙임 1. [공고] 2026년 한국국제승강기 엑스포 참여기업 모집공고+.pdf,207741,api\PBLN_000000000125111\0_붙임 1. [공고] 2026년 한국국제승강기 엑스포 참여기업 모집공고+.pdf,
PBLN_000000000125110,0,https://www.bizinfo.go.kr/cmm/fms/getImageFile.do?atchFileId=FILE_000000000767728&fileSn=1,ok,200,application/x-download,[공고문]+기업성장+환류형+상생일자리+지원사업+3차+모집+공고.pdf,223489,api\PBLN_000000000125110\0_[공고문]+기업성장+환류형+상생일자리+지원사업+3차+모집+공고.pdf,
PBLN_000000000125109,0,https://www.bizinfo.go.kr/cmm/fms/getImageFile.do?atchFileId=FILE_000000000767718&fileSn=0,ok,200,application/x-download,붙임 1. 모집 공고문.hwp,62976,api\PBLN_000000000125109\0_붙임 1. 모집 공고문.hwp,
PBLN_000000000125108,0,https://www.bizinfo.go.kr/cmm/fms/getImageFile.do?atchFileId=FILE_000000000767714&fileSn=0,ok,200,application/x-download,붙임 1. 모집공고.pdf,619457,api\PBLN_000000000125108\0_붙임 1. 모집공고.pdf,
PBLN_000000000125107,0,https://www.bizinfo.go.kr/cmm/fms/getImageFile.do?atchFileId=FILE_000000000767716&fileSn=1,ok,200,application/x-download,붙임1. 【데이터 가치평가 지원】 공고문+.pdf,360071,api\PBLN_000000000125107\0_붙임1. 【데이터 가치평가 지원】 공고문+.pdf,
PBLN_000000000125106,0,https://www.bizinfo.go.kr/cmm/fms/getImageFile.do?atchFileId=FILE_000000000767710&fileSn=0,ok,200,application/x-download,붙임1. 2026년 괴산군 경쟁력강화산업 육성사업 공고(안).hwp,183808,api\PBLN_000000000125106\0_붙임1. 2026년 괴산군 경쟁력강화산업 육성사업 공고(안).hwp,
PBLN_000000000125105,0,https://www.bizinfo.go.kr/cmm/fms/getImageFile.do?atchFileId=FILE_000000000767708&fileSn=1,ok,200,application/x-download,2026 제5-6차 투자유치설명회 ICT벤처 IR 참가기업 모집.pdf,785741,api\PBLN_000000000125105\0_2026 제5-6차 투자유치설명회 ICT벤처 IR 참가기업 모집.pdf,
PBLN_000000000125104,0,https://www.bizinfo.go.kr/cmm/fms/getImageFile.do?atchFileId=FILE_000000000767704&fileSn=0,ok,200,application/x-download,1. [공고문] 2026 Nexus Connect 오픈이노베이션 밋업 데이.pdf,287194,api\PBLN_000000000125104\0_1. [공고문] 2026 Nexus Connect 오픈이노베이션 밋업 데이.pdf,
PBLN_000000000125099,0,https://www.bizinfo.go.kr/cmm/fms/getImageFile.do?atchFileId=FILE_000000000767692&fileSn=1,ok,200,application/x-download,2026년 물산업 혁신기술 R&D 지원사업 추가공모.pdf,2413472,api\PBLN_000000000125099\0_2026년 물산업 혁신기술 R&D 지원사업 추가공모.pdf,
PBLN_000000000125097,0,https://www.bizinfo.go.kr/cmm/fms/getImageFile.do?atchFileId=FILE_000000000767682&fileSn=1,ok,200,application/x-download,[공고문] 2026년도 하반기 원자력정책연구사업 2차 공고.hwpx,141764,api\PBLN_000000000125097\0_[공고문] 2026년도 하반기 원자력정책연구사업 2차 공고.hwpx,
PBLN_000000000125096,0,https://www.bizinfo.go.kr/cmm/fms/getImageFile.do?atchFileId=FILE_000000000767678&fileSn=0,fail,200,,,0,,HTTP 200
PBLN_000000000125095,0,https://www.bizinfo.go.kr/cmm/fms/getImageFile.do?atchFileId=FILE_000000000767686&fileSn=1,ok,200,application/x-download,1._공고문_2026_대한민국_안전산업박람회_참가지원_울산_재난안전산업_육성지원사업+.pdf,272648,api\PBLN_000000000125095\0_1._공고문_2026_대한민국_안전산업박람회_참가지원_울산_재난안전산업_육성지원사업+.pdf,
PBLN_000000000125094,0,https://www.bizinfo.go.kr/cmm/fms/getImageFile.do?atchFileId=FILE_000000000767674&fileSn=1,ok,200,application/x-download,2026년_중소기업_밀집지역_위기대응_체계_구축사업_하반기_Stand-up_맞춤지원_공고+.pdf,318641,api\PBLN_000000000125094\0_2026년_중소기업_밀집지역_위기대응_체계_구축사업_하반기_Stand-up_맞춤지원_공고+.pdf,
PBLN_000000000125093,0,https://www.bizinfo.go.kr/cmm/fms/getImageFile.do?atchFileId=FILE_000000000767670&fileSn=0,ok,200,application/x-download,붙임1. 2026년 글로벌 플랫폼 연계 사업화 기술지원 수혜기업 모집 공고문.pdf,516595,api\PBLN_000000000125093\0_붙임1. 2026년 글로벌 플랫폼 연계 사업화 기술지원 수혜기업 모집 공고문.pdf,
PBLN_000000000125092,0,https://www.bizinfo.go.kr/cmm/fms/getImageFile.do?atchFileId=FILE_000000000767668&fileSn=1,ok,200,application/x-download,(제2026-486호)_2026년도_하반기_중소벤처기업부_혁신제품_신규지정_수정공고.pdf,499097,api\PBLN_000000000125092\0_(제2026-486호)_2026년도_하반기_중소벤처기업부_혁신제품_신규지정_수정공고.pdf,
PBLN_000000000125091,0,https://www.bizinfo.go.kr/cmm/fms/getImageFile.do?atchFileId=FILE_000000000767662&fileSn=0,ok,200,application/x-download,붙임1. 모집 공고문 및 참가신청서(수정).hwp,97792,api\PBLN_000000000125091\0_붙임1. 모집 공고문 및 참가신청서(수정).hwp,
PBLN_000000000125090,0,https://www.bizinfo.go.kr/cmm/fms/getImageFile.do?atchFileId=FILE_000000000767666&fileSn=1,ok,200,application/x-download,붙임1. 2026년 민간 산림복지 창업성장 패키지(예비창업) 2차 공고문(제2026-144호)_F+.pdf,428834,api\PBLN_000000000125090\0_붙임1. 2026년 민간 산림복지 창업성장 패키지(예비창업) 2차 공고문(제2026-144호)_F+.pdf,
PBLN_000000000125089,0,https://www.bizinfo.go.kr/cmm/fms/getImageFile.do?atchFileId=FILE_000000000767658&fileSn=0,ok,200,application/x-download,울산콘텐츠코리아랩 U-Grow 상시 컨설팅.pdf,1901699,api\PBLN_000000000125089\0_울산콘텐츠코리아랩 U-Grow 상시 컨설팅.pdf,
PBLN_000000000125088,0,https://www.bizinfo.go.kr/cmm/fms/getImageFile.do?atchFileId=FILE_000000000767602&fileSn=0,ok,200,application/x-download,붙임 1. [참가기업 모집 공고문] 한중 문화 및 푸드 교류 페스티벌.hwp,5493248,api\PBLN_000000000125088\0_붙임 1. [참가기업 모집 공고문] 한중 문화 및 푸드 교류 페스티벌.hwp,
PBLN_000000000125087,0,https://www.bizinfo.go.kr/cmm/fms/getImageFile.do?atchFileId=FILE_000000000767590&fileSn=0,ok,200,application/x-download,글로벌_무역데이터_AI_플랫폼을_활용한_바이어발굴_지원사업_모집공고_및_신청서.pdf,456245,api\PBLN_000000000125087\0_글로벌_무역데이터_AI_플랫폼을_활용한_바이어발굴_지원사업_모집공고_및_신청서.pdf,
PBLN_000000000125086,0,https://www.bizinfo.go.kr/cmm/fms/getImageFile.do?atchFileId=FILE_000000000767588&fileSn=1,ok,200,application/x-download,녹색자산유동화증권_발행_지원사업(가보2차)_공고문.hwp,145920,api\PBLN_000000000125086\0_녹색자산유동화증권_발행_지원사업(가보2차)_공고문.hwp,
PBLN_000000000125085,0,https://www.bizinfo.go.kr/cmm/fms/getImageFile.do?atchFileId=FILE_000000000767586&fileSn=1,ok,200,application/x-download,[충남연계]+2026년+K-브랜드분쟁+대응전략+지원사업+6차+공고.pdf,398987,api\PBLN_000000000125085\0_[충남연계]+2026년+K-브랜드분쟁+대응전략+지원사업+6차+공고.pdf,
PBLN_000000000125084,0,https://www.bizinfo.go.kr/cmm/fms/getImageFile.do?atchFileId=FILE_000000000767580&fileSn=0,ok,200,application/x-download,(공고2738) 2026년 화성시 중소기업 매출채권보험 지원사업 공고.pdf,61062,api\PBLN_000000000125084\0_(공고2738) 2026년 화성시 중소기업 매출채권보험 지원사업 공고.pdf,
PBLN_000000000125083,0,https://www.bizinfo.go.kr/cmm/fms/getImageFile.do?atchFileId=FILE_000000000767578&fileSn=1,ok,200,application/x-download,[인천연계]+2026년+K-브랜드분쟁+대응전략+지원사업+6차+공고.pdf,435940,api\PBLN_000000000125083\0_[인천연계]+2026년+K-브랜드분쟁+대응전략+지원사업+6차+공고.pdf,
PBLN_000000000125082,0,https://www.bizinfo.go.kr/cmm/fms/getImageFile.do?atchFileId=FILE_000000000767574&fileSn=1,ok,200,application/x-download,[대전연계]+2026년+K-브랜드분쟁+대응전략+지원사업+6차+공고.pdf,392024,api\PBLN_000000000125082\0_[대전연계]+2026년+K-브랜드분쟁+대응전략+지원사업+6차+공고.pdf,
PBLN_000000000125081,0,https://www.bizinfo.go.kr/cmm/fms/getImageFile.do?atchFileId=FILE_000000000767570&fileSn=1,ok,200,application/x-download,[공고문]+2026년+K-브랜드분쟁+대응전략+지원사업+6차+공고.pdf,397694,api\PBLN_000000000125081\0_[공고문]+2026년+K-브랜드분쟁+대응전략+지원사업+6차+공고.pdf,
PBLN_000000000125080,0,https://www.bizinfo.go.kr/cmm/fms/getImageFile.do?atchFileId=FILE_000000000767566&fileSn=1,ok,200,application/x-download,[공고문]+2026년+특허분쟁+대응전략+지원사업+6차공고_충남.pdf,529220,api\PBLN_000000000125080\0_[공고문]+2026년+특허분쟁+대응전략+지원사업+6차공고_충남.pdf,
PBLN_000000000125079,0,https://www.bizinfo.go.kr/cmm/fms/getImageFile.do?atchFileId=FILE_000000000767550&fileSn=0,ok,200,application/x-download,(최종)[공고20262724] 2027년 미국 라스베가스 CES 전시회 화성시 지원단(참관단) 모집공고.hwpx,81332,api\PBLN_000000000125079\0_(최종)[공고20262724] 2027년 미국 라스베가스 CES 전시회 화성시 지원단(참관단) 모집공고.hwpx,
PBLN_000000000125078,0,https://www.bizinfo.go.kr/cmm/fms/getImageFile.do?atchFileId=FILE_000000000767562&fileSn=1,ok,200,application/x-download,[공고문]+2026년+특허분쟁+대응전략+지원사업+6차공고_대전.pdf,529158,api\PBLN_000000000125078\0_[공고문]+2026년+특허분쟁+대응전략+지원사업+6차공고_대전.pdf,
PBLN_000000000125077,0,https://www.bizinfo.go.kr/cmm/fms/getImageFile.do?atchFileId=FILE_000000000767552&fileSn=1,ok,200,application/x-download,2026년 자동차 부품업종 근로자 지역정착 지원사업 참여기업 모집 수정공고+.pdf,931480,api\PBLN_000000000125077\0_2026년 자동차 부품업종 근로자 지역정착 지원사업 참여기업 모집 수정공고+.pdf,
PBLN_000000000125076,0,https://www.bizinfo.go.kr/cmm/fms/getImageFile.do?atchFileId=FILE_000000000767546&fileSn=1,ok,200,application/x-download,[공고문]+2026년+특허분쟁+대응전략+지원사업+6차공고_인천.pdf,531099,api\PBLN_000000000125076\0_[공고문]+2026년+특허분쟁+대응전략+지원사업+6차공고_인천.pdf,
PBLN_000000000125073,0,https://www.bizinfo.go.kr/cmm/fms/getImageFile.do?atchFileId=FILE_000000000767540&fileSn=0,ok,200,application/x-download,2026년+우수+소상공인+프랜차이즈화+지원사업+사업화지원+참여업체+모집공고문.hwp,85504,api\PBLN_000000000125073\0_2026년+우수+소상공인+프랜차이즈화+지원사업+사업화지원+참여업체+모집공고문.hwp,
PBLN_000000000125072,0,https://www.bizinfo.go.kr/cmm/fms/getImageFile.do?atchFileId=FILE_000000000767538&fileSn=1,ok,200,application/x-download,2026년 국제특송(EMS) 지원사업 하반기 공고_최종.pdf,349630,api\PBLN_000000000125072\0_2026년 국제특송(EMS) 지원사업 하반기 공고_최종.pdf,
PBLN_000000000125071,0,https://www.bizinfo.go.kr/cmm/fms/getImageFile.do?atchFileId=FILE_000000000767534&fileSn=1,ok,200,application/x-download,2026년 제6차 수출용 홍보자료샘플 지원 사업 공고문.pdf,399888,api\PBLN_000000000125071\0_2026년 제6차 수출용 홍보자료샘플 지원 사업 공고문.pdf,
PBLN_000000000125070,0,https://www.bizinfo.go.kr/cmm/fms/getImageFile.do?atchFileId=FILE_000000000767520&fileSn=0,ok,200,application/x-download,[붙임] 「2026년 하반기 바이어 초청 수출 상담회」 모집공고문 및 참가신청서.hwp,68096,api\PBLN_000000000125070\0_[붙임] 「2026년 하반기 바이어 초청 수출 상담회」 모집공고문 및 참가신청서.hwp,
PBLN_000000000125069,0,https://www.bizinfo.go.kr/cmm/fms/getImageFile.do?atchFileId=FILE_000000000767524&fileSn=1,ok,200,application/x-download,[붙임1] 2026년 2차 경북 포항시 지역산업위기대응 맞춤형 지원사업 참여기업 모집 공고+.pdf,448445,api\PBLN_000000000125069\0_[붙임1] 2026년 2차 경북 포항시 지역산업위기대응 맞춤형 지원사업 참여기업 모집 공고+.pdf,
PBLN_000000000125068,0,https://www.bizinfo.go.kr/cmm/fms/getImageFile.do?atchFileId=FILE_000000000767518&fileSn=0,ok,200,application/x-download,공고문 및 제출서류(2026년).hwp,176640,api\PBLN_000000000125068\0_공고문 및 제출서류(2026년).hwp,
PBLN_000000000125066,0,https://www.bizinfo.go.kr/cmm/fms/getImageFile.do?atchFileId=FILE_000000000767516&fileSn=1,ok,200,application/x-download,(공고문) 2026년도 구미시 핵심부품·소재기술 개발사업 공고(기간연장).pdf,3400599,api\PBLN_000000000125066\0_(공고문) 2026년도 구미시 핵심부품·소재기술 개발사업 공고(기간연장).pdf,
PBLN_000000000125065,0,https://www.bizinfo.go.kr/cmm/fms/getImageFile.do?atchFileId=FILE_000000000767506&fileSn=1,ok,200,application/x-download,[공고문] 2026년 8차 정보보호 인증제품 벤처나라 추천 희망 기업 모집 공고.pdf,736607,api\PBLN_000000000125065\0_[공고문] 2026년 8차 정보보호 인증제품 벤처나라 추천 희망 기업 모집 공고.pdf,
PBLN_000000000125064,0,https://www.bizinfo.go.kr/cmm/fms/getImageFile.do?atchFileId=FILE_000000000767502&fileSn=0,ok,200,application/x-download,[공고문]체계적 육성지원 사업 통합 모집 공고+.pdf,184646,api\PBLN_000000000125064\0_[공고문]체계적 육성지원 사업 통합 모집 공고+.pdf,
PBLN_000000000125063,0,https://www.bizinfo.go.kr/cmm/fms/getImageFile.do?atchFileId=FILE_000000000767511&fileSn=1,ok,200,application/x-download,(공고문)「2026년 경산시 소상공인 카드수수료 지원사업」 참여 점포 모집 변경공고문.pdf,295075,api\PBLN_000000000125063\0_(공고문)「2026년 경산시 소상공인 카드수수료 지원사업」 참여 점포 모집 변경공고문.pdf,
PBLN_000000000125062,0,https://www.bizinfo.go.kr/cmm/fms/getImageFile.do?atchFileId=FILE_000000000767497&fileSn=1,ok,200,application/x-download,(공고) 2026년도 충청북도 국내출원비용 지원사업(2차) 공고.hwp,111616,api\PBLN_000000000125062\0_(공고) 2026년도 충청북도 국내출원비용 지원사업(2차) 공고.hwp,
PBLN_000000000125061,0,https://www.bizinfo.go.kr/cmm/fms/getImageFile.do?atchFileId=FILE_000000000767480&fileSn=0,ok,200,application/x-download,붙임1_2026 안산e스토어 입점 기업 모집 안내.hwp,66560,api\PBLN_000000000125061\0_붙임1_2026 안산e스토어 입점 기업 모집 안내.hwp,
PBLN_000000000125060,0,https://www.bizinfo.go.kr/cmm/fms/getImageFile.do?atchFileId=FILE_000000000767493&fileSn=1,ok,200,application/x-download,[모집 공고] 2026 부산콘텐츠아카데미 일자리 지원사업(3차).hwp,69632,api\PBLN_000000000125060\0_[모집 공고] 2026 부산콘텐츠아카데미 일자리 지원사업(3차).hwp,
PBLN_000000000125059,0,https://www.bizinfo.go.kr/cmm/fms/getImageFile.do?atchFileId=FILE_000000000767487&fileSn=0,ok,200,application/x-download,2026년 시흥대야기계장비센터 소공인공동판로개척사업 공고문.hwp,530944,api\PBLN_000000000125059\0_2026년 시흥대야기계장비센터 소공인공동판로개척사업 공고문.hwp,
PBLN_000000000125058,0,https://www.bizinfo.go.kr/cmm/fms/getImageFile.do?atchFileId=FILE_000000000767491&fileSn=1,ok,200,application/x-download,(공고문)「2026년 구미시 소상공인 카드수수료 지원사업」 참여 점포 모집 변경공고문.pdf,323176,api\PBLN_000000000125058\0_(공고문)「2026년 구미시 소상공인 카드수수료 지원사업」 참여 점포 모집 변경공고문.pdf,
PBLN_000000000125057,0,https://www.bizinfo.go.kr/cmm/fms/getImageFile.do?atchFileId=FILE_000000000767483&fileSn=1,ok,200,application/x-download,(공고문)「2026년 성주군 소상공인 카드수수료 지원사업」 참여 점포 모집 변경공고문.pdf,604053,api\PBLN_000000000125057\0_(공고문)「2026년 성주군 소상공인 카드수수료 지원사업」 참여 점포 모집 변경공고문.pdf,
PBLN_000000000125056,0,https://www.bizinfo.go.kr/cmm/fms/getImageFile.do?atchFileId=FILE_000000000767477&fileSn=1,ok,200,application/x-download,2026년 자동차 부품업종 안전관리인력 고용지원 사업 참여기업 모집 수정 공고+.pdf,715730,api\PBLN_000000000125056\0_2026년 자동차 부품업종 안전관리인력 고용지원 사업 참여기업 모집 수정 공고+.pdf,
PBLN_000000000125055,0,https://www.bizinfo.go.kr/cmm/fms/getImageFile.do?atchFileId=FILE_000000000767469&fileSn=1,ok,200,application/x-download,(공고문)「2026년 의성군 소상공인 카드수수료 지원사업」 참여 점포 모집 변경공고문.pdf,636193,api\PBLN_000000000125055\0_(공고문)「2026년 의성군 소상공인 카드수수료 지원사업」 참여 점포 모집 변경공고문.pdf,
PBLN_000000000125054,0,https://www.bizinfo.go.kr/cmm/fms/getImageFile.do?atchFileId=FILE_000000000767472&fileSn=1,ok,200,application/x-download,2026년 자동차 부품업종 미래인재 일경험 지원사업 참여기업 모집 수정공고+.pdf,939046,api\PBLN_000000000125054\0_2026년 자동차 부품업종 미래인재 일경험 지원사업 참여기업 모집 수정공고+.pdf,
PBLN_000000000125053,0,https://www.bizinfo.go.kr/cmm/fms/getImageFile.do?atchFileId=FILE_000000000767465&fileSn=1,ok,200,application/x-download,[공고] 2026 유해물질 시험분석 수수료 지원사업(8월).pdf,83090,api\PBLN_000000000125053\0_[공고] 2026 유해물질 시험분석 수수료 지원사업(8월).pdf,
PBLN_000000000125052,0,https://www.bizinfo.go.kr/cmm/fms/getImageFile.do?atchFileId=FILE_000000000767461&fileSn=0,ok,200,application/x-download,(공고문)「제24차 세계 한상대회」 경주시 공동관 참가기업 모집 공고.pdf,278620,api\PBLN_000000000125052\0_(공고문)「제24차 세계 한상대회」 경주시 공동관 참가기업 모집 공고.pdf,
PBLN_000000000125051,0,https://www.bizinfo.go.kr/cmm/fms/getImageFile.do?atchFileId=FILE_000000000767448&fileSn=1,ok,200,application/x-download,2026년 (예비)사회적기업 하반기 일자리창출 추가모집 공고문+.pdf,481825,api\PBLN_000000000125051\0_2026년 (예비)사회적기업 하반기 일자리창출 추가모집 공고문+.pdf,
PBLN_000000000125050,0,https://www.bizinfo.go.kr/cmm/fms/getImageFile.do?atchFileId=FILE_000000000767459&fileSn=1,ok,200,application/x-download,★2026년+특허분쟁+대응전략+지원사업+정기+6차+공고.pdf,592653,api\PBLN_000000000125050\0_★2026년+특허분쟁+대응전략+지원사업+정기+6차+공고.pdf,
PBLN_000000000125048,0,https://www.bizinfo.go.kr/cmm/fms/getImageFile.do?atchFileId=FILE_000000000767444&fileSn=0,ok,200,application/x-download,붙임1. 공고 제2026-003호) 이천시청년창업지원센터_이천시 청년창업 날개달기 지원사업 공고문+.pdf,296461,api\PBLN_000000000125048\0_붙임1. 공고 제2026-003호) 이천시청년창업지원센터_이천시 청년창업 날개달기 지원사업 공고문+.pdf,
PBLN_000000000125047,0,https://www.bizinfo.go.kr/cmm/fms/getImageFile.do?atchFileId=FILE_000000000767451&fileSn=1,ok,200,application/x-download,붙임 1. 2026년 제3차 장애인 창업사업화 지원사업 모집공고.pdf,977856,api\PBLN_000000000125047\0_붙임 1. 2026년 제3차 장애인 창업사업화 지원사업 모집공고.pdf,
PBLN_000000000125046,0,https://www.bizinfo.go.kr/cmm/fms/getImageFile.do?atchFileId=FILE_000000000767437&fileSn=1,ok,200,application/x-download,공고문(추가).pdf,138205,api\PBLN_000000000125046\0_공고문(추가).pdf,
PBLN_000000000125044,0,https://www.bizinfo.go.kr/cmm/fms/getImageFile.do?atchFileId=FILE_000000000767428&fileSn=0,ok,200,application/x-download,공고문_안테나숍 입점 품평회_2차.pdf,134744,api\PBLN_000000000125044\0_공고문_안테나숍 입점 품평회_2차.pdf,
PBLN_000000000125043,0,https://www.bizinfo.go.kr/cmm/fms/getImageFile.do?atchFileId=FILE_000000000767433&fileSn=1,ok,200,application/x-download,260803+(공고문)+2026년+하반기+예비사회적기업+지정+공고(최종).hwpx,188387,api\PBLN_000000000125043\0_260803+(공고문)+2026년+하반기+예비사회적기업+지정+공고(최종).hwpx,
PBLN_000000000125042,0,https://www.bizinfo.go.kr/cmm/fms/getImageFile.do?atchFileId=FILE_000000000767419&fileSn=0,ok,200,application/x-download,2026년 예비사회적기업 지정 공고문.hwpx,57895,api\PBLN_000000000125042\0_2026년 예비사회적기업 지정 공고문.hwpx,
PBLN_000000000125041,0,https://www.bizinfo.go.kr/cmm/fms/getImageFile.do?atchFileId=FILE_000000000767426&fileSn=1,ok,200,application/x-download,2026 글로벌 온라인 유통망 파워셀러 육성사업 모집 공고_1단계_큐텐재팬 4기.pdf,196823,api\PBLN_000000000125041\0_2026 글로벌 온라인 유통망 파워셀러 육성사업 모집 공고_1단계_큐텐재팬 4기.pdf,
PBLN_000000000125040,0,https://www.bizinfo.go.kr/cmm/fms/getImageFile.do?atchFileId=FILE_000000000767422&fileSn=1,ok,200,application/x-download,2026 글로벌 온라인 유통망 파워셀러 육성사업 모집 공고_1단계_월마트 3기.pdf,208346,api\PBLN_000000000125040\0_2026 글로벌 온라인 유통망 파워셀러 육성사업 모집 공고_1단계_월마트 3기.pdf,
PBLN_000000000125039,0,https://www.bizinfo.go.kr/cmm/fms/getImageFile.do?atchFileId=FILE_000000000767408&fileSn=0,ok,200,application/x-download,2026 KOTRA 중국 K-소비재 물류 데스크 특화사업 모집 공고문(안)_추가모집.pdf,103004,api\PBLN_000000000125039\0_2026 KOTRA 중국 K-소비재 물류 데스크 특화사업 모집 공고문(안)_추가모집.pdf,
PBLN_000000000125038,0,https://www.bizinfo.go.kr/cmm/fms/getImageFile.do?atchFileId=FILE_000000000767406&fileSn=0,ok,200,application/x-download,(해외전시회 연계 융복합) 2026 톈진 신에너지 자동차 전시회 연계 공급망 진입 지원 상담회.pdf,3229693,api\PBLN_000000000125038\0_(해외전시회 연계 융복합) 2026 톈진 신에너지 자동차 전시회 연계 공급망 진입 지원 상담회.pdf,
PBLN_000000000125034,0,https://www.bizinfo.go.kr/cmm/fms/getImageFile.do?atchFileId=FILE_000000000767389&fileSn=1,ok,200,application/x-download,붙임1. 2026년 반도체 분야 신규 지원대상 연구개발과제 공고(추가공고)+.pdf,524901,api\PBLN_000000000125034\0_붙임1. 2026년 반도체 분야 신규 지원대상 연구개발과제 공고(추가공고)+.pdf,
PBLN_000000000125032,0,https://www.bizinfo.go.kr/cmm/fms/getImageFile.do?atchFileId=FILE_000000000767387&fileSn=0,ok,200,application/x-download,1._2026_SETEC_전시회_연계_소비자_반응_테스트_지원_참여기업_모집(2차)_모집공고문 (1).pdf,463388,api\PBLN_000000000125032\0_1._2026_SETEC_전시회_연계_소비자_반응_테스트_지원_참여기업_모집(2차)_모집공고문 (1).pdf,
PBLN_000000000125031,0,https://www.bizinfo.go.kr/cmm/fms/getImageFile.do?atchFileId=FILE_000000000767398&fileSn=1,ok,200,application/x-download,[거점형] 2026년 수요 맞춤형 액셀러레이팅 2차 모집 공고.hwp,138752,api\PBLN_000000000125031\0_[거점형] 2026년 수요 맞춤형 액셀러레이팅 2차 모집 공고.hwp,
PBLN_000000000125030,0,https://www.bizinfo.go.kr/cmm/fms/getImageFile.do?atchFileId=FILE_000000000767344&fileSn=1,ok,200,application/x-download,IAMSEC 2026 (국제 육군 M&S학술 컨퍼런스) 전시참가 지원기업 추가(2차) 모집공고.pdf,157088,api\PBLN_000000000125030\0_IAMSEC 2026 (국제 육군 M&S학술 컨퍼런스) 전시참가 지원기업 추가(2차) 모집공고.pdf,
PBLN_000000000125029,0,https://www.bizinfo.go.kr/cmm/fms/getImageFile.do?atchFileId=FILE_000000000767320&fileSn=0,ok,200,application/x-download,1.+공고문2026년+정보보호+기업성장사업화+지원사업+모집공고.hwp,7948800,api\PBLN_000000000125029\0_1.+공고문2026년+정보보호+기업성장사업화+지원사업+모집공고.hwp,
PBLN_000000000125026,0,https://www.bizinfo.go.kr/cmm/fms/getImageFile.do?atchFileId=FILE_000000000767314&fileSn=0,ok,200,application/x-download,공고「2026년 경상남도 예비사회적기업 라이브커머스 운영지원사업」 참여기업 모집 공고.pdf,141444,api\PBLN_000000000125026\0_공고「2026년 경상남도 예비사회적기업 라이브커머스 운영지원사업」 참여기업 모집 공고.pdf,
PBLN_000000000125025,0,https://www.bizinfo.go.kr/cmm/fms/getImageFile.do?atchFileId=FILE_000000000767327&fileSn=1,ok,200,application/x-download,[공고문] 2026 공예 해외진출컨설팅 추가 공모.pdf,308945,api\PBLN_000000000125025\0_[공고문] 2026 공예 해외진출컨설팅 추가 공모.pdf,
PBLN_000000000125024,0,https://www.bizinfo.go.kr/cmm/fms/getImageFile.do?atchFileId=FILE_000000000767323&fileSn=1,ok,200,application/x-download,붙임1.+세종+지역특화산업+기업+정보보호+신규+비즈니스+모델+전략+수립+지원기업+모집공고문+.pdf,236591,api\PBLN_000000000125024\0_붙임1.+세종+지역특화산업+기업+정보보호+신규+비즈니스+모델+전략+수립+지원기업+모집공고문+.pdf,
PBLN_000000000125022,0,https://www.bizinfo.go.kr/cmm/fms/getImageFile.do?atchFileId=FILE_000000000767312&fileSn=1,ok,200,application/x-download,2026년 소규모 사업장 방지시설 설치 지원사업 2차 공고문(우리동네 맑은공기 패키지 지원사업).hwpx,93159,api\PBLN_000000000125022\0_2026년 소규모 사업장 방지시설 설치 지원사업 2차 공고문(우리동네 맑은공기 패키지 지원사업).hwpx,
PBLN_000000000125021,0,https://www.bizinfo.go.kr/cmm/fms/getImageFile.do?atchFileId=FILE_000000000767310&fileSn=1,ok,200,application/x-download,1. 2026년도 사업화 지원사업 공고문(안)3차.pdf,478663,api\PBLN_000000000125021\0_1. 2026년도 사업화 지원사업 공고문(안)3차.pdf,
PBLN_000000000125019,0,https://www.bizinfo.go.kr/cmm/fms/getImageFile.do?atchFileId=FILE_000000000767298&fileSn=1,ok,200,application/x-download,2026년 추계 캔톤페어(3기) 단체참가 지원사업 참가기업 모집 공고_REV01.pdf,255821,api\PBLN_000000000125019\0_2026년 추계 캔톤페어(3기) 단체참가 지원사업 참가기업 모집 공고_REV01.pdf,
PBLN_000000000125018,0,https://www.bizinfo.go.kr/cmm/fms/getImageFile.do?atchFileId=FILE_000000000767285&fileSn=1,ok,200,application/x-download,전북첨단바이오부스트업플랫폼기업지원서비스공고문_링킹랩(추가공고)+.pdf,307765,api\PBLN_000000000125018\0_전북첨단바이오부스트업플랫폼기업지원서비스공고문_링킹랩(추가공고)+.pdf,
PBLN_000000000125017,0,https://www.bizinfo.go.kr/cmm/fms/getImageFile.do?atchFileId=FILE_000000000767294&fileSn=1,ok,200,application/x-download,01. [공고문] K-Convergence 글로벌 시험·실증 지원 프로그램 모집(2차) 공고문_한국산업기술시험원_260731.pdf,1348439,api\PBLN_000000000125017\0_01. [공고문] K-Convergence 글로벌 시험·실증 지원 프로그램 모집(2차) 공고문_한국산업기술시험원_260731.pdf,
PBLN_000000000125015,0,https://www.bizinfo.go.kr/cmm/fms/getImageFile.do?atchFileId=FILE_000000000767300&fileSn=1,ok,200,application/x-download,(공고문)2026년『전북특화방위산업육성지원사업』2차모집공고.pdf,302511,api\PBLN_000000000125015\0_(공고문)2026년『전북특화방위산업육성지원사업』2차모집공고.pdf,
PBLN_000000000125014,0,https://www.bizinfo.go.kr/cmm/fms/getImageFile.do?atchFileId=FILE_000000000767276&fileSn=0,ok,200,application/x-download,K-바이오헬스_지역전략센터_공동관_참여기업_모집_공고문.hwp,95232,api\PBLN_000000000125014\0_K-바이오헬스_지역전략센터_공동관_참여기업_모집_공고문.hwp,
PBLN_000000000125011,0,https://www.bizinfo.go.kr/cmm/fms/getImageFile.do?atchFileId=FILE_000000000767247&fileSn=0,ok,200,application/x-download,살생물제 정책 산관 협력체 모집공고(안)_최종.pdf,133070,api\PBLN_000000000125011\0_살생물제 정책 산관 협력체 모집공고(안)_최종.pdf,
PBLN_000000000125010,0,https://www.bizinfo.go.kr/cmm/fms/getImageFile.do?atchFileId=FILE_000000000767268&fileSn=0,ok,200,application/x-download,2026년 필리핀 경북우수상품전 참가기업 모집공고.pdf,288315,api\PBLN_000000000125010\0_2026년 필리핀 경북우수상품전 참가기업 모집공고.pdf,
PBLN_000000000125009,0,https://www.bizinfo.go.kr/cmm/fms/getImageFile.do?atchFileId=FILE_000000000767266&fileSn=0,ok,200,application/x-download,착한가격업소 신규지정 신청 공고.pdf,130953,api\PBLN_000000000125009\0_착한가격업소 신규지정 신청 공고.pdf,
PBLN_000000000125008,0,https://www.bizinfo.go.kr/cmm/fms/getImageFile.do?atchFileId=FILE_000000000767245&fileSn=0,ok,200,application/x-download,물류영역+서비스로봇+공통플랫폼+구축+사업+지원+기업+모집+공고_복합형상표준센터(260730).hwp,71168,api\PBLN_000000000125008\0_물류영역+서비스로봇+공통플랫폼+구축+사업+지원+기업+모집+공고_복합형상표준센터(260730).hwp,
PBLN_000000000125007,0,https://www.bizinfo.go.kr/cmm/fms/getImageFile.do?atchFileId=FILE_000000000767270&fileSn=1,ok,200,application/x-download,붙임12026년도이차전지반도체소재부품활성화지원사업3차수혜기업모집공고(안).hwp,74752,api\PBLN_000000000125007\0_붙임12026년도이차전지반도체소재부품활성화지원사업3차수혜기업모집공고(안).hwp,
PBLN_000000000125006,0,https://www.bizinfo.go.kr/cmm/fms/getImageFile.do?atchFileId=FILE_000000000767260&fileSn=1,ok,200,application/x-download,공고문(2026 공산품 수출 중소기업 글로벌 경쟁력 강화 긴급지원 사업 대상 모집) (변경).hwp,776704,api\PBLN_000000000125006\0_공고문(2026 공산품 수출 중소기업 글로벌 경쟁력 강화 긴급지원 사업 대상 모집) (변경).hwp,
PBLN_000000000125005,0,https://www.bizinfo.go.kr/cmm/fms/getImageFile.do?atchFileId=FILE_000000000767262&fileSn=1,ok,200,application/x-download,(수요기업_공고)2026년 컨설팅 수요기업 추가모집_20260730(게시).pdf,206059,api\PBLN_000000000125005\0_(수요기업_공고)2026년 컨설팅 수요기업 추가모집_20260730(게시).pdf,
PBLN_000000000125004,0,https://www.bizinfo.go.kr/cmm/fms/getImageFile.do?atchFileId=FILE_000000000767254&fileSn=0,ok,200,application/x-download,[붙임1] (모집공고문) 2026년 일본 디지털 시장개척단 참가기업 모집 안내.hwp,427520,api\PBLN_000000000125004\0_[붙임1] (모집공고문) 2026년 일본 디지털 시장개척단 참가기업 모집 안내.hwp,
PBLN_000000000125002,0,https://www.bizinfo.go.kr/cmm/fms/getImageFile.do?atchFileId=FILE_000000000767243&fileSn=0,ok,200,application/x-download,[붙임] 2026년 한국전력공사 에너지브릿지 오픈이노베이션 지원사업 참여기업 모집공고 및 신청서 각 1부+.pdf,488123,api\PBLN_000000000125002\0_[붙임] 2026년 한국전력공사 에너지브릿지 오픈이노베이션 지원사업 참여기업 모집공고 및 신청서 각 1부+.pdf,
PBLN_000000000125001,0,https://www.bizinfo.go.kr/cmm/fms/getImageFile.do?atchFileId=FILE_000000000767240&fileSn=1,ok,200,application/x-download,★2026년 베트남 비즈니스 매칭데이 참가기업 모집공고.pdf,275764,api\PBLN_000000000125001\0_★2026년 베트남 비즈니스 매칭데이 참가기업 모집공고.pdf,
PBLN_000000000124999,0,https://www.bizinfo.go.kr/cmm/fms/getImageFile.do?atchFileId=FILE_000000000767241&fileSn=0,ok,200,application/x-download,[공고문]2026년 하반기 해외전시회 개별참가 지원사업 참가기업 모집공고.pdf,450198,api\PBLN_000000000124999\0_[공고문]2026년 하반기 해외전시회 개별참가 지원사업 참가기업 모집공고.pdf,
PBLN_000000000124998,0,https://www.bizinfo.go.kr/cmm/fms/getImageFile.do?atchFileId=FILE_000000000767232&fileSn=1,ok,200,application/x-download,[공고문]_2026년_하반기_B_the_B(비더비)_뷰티테크·디바이스_테스트베드_지원기업_모집(1).pdf,600331,api\PBLN_000000000124998\0_[공고문]_2026년_하반기_B_the_B(비더비)_뷰티테크·디바이스_테스트베드_지원기업_모집(1).pdf,
PBLN_000000000124997,0,https://www.bizinfo.go.kr/cmm/fms/getImageFile.do?atchFileId=FILE_000000000767228&fileSn=1,ok,200,application/x-download,2026 부산 청년 게임개발자 정착지원사업 수시 모집 공고문.hwp,77312,api\PBLN_000000000124997\0_2026 부산 청년 게임개발자 정착지원사업 수시 모집 공고문.hwp,
PBLN_000000000124996,0,https://www.bizinfo.go.kr/cmm/fms/getImageFile.do?atchFileId=FILE_000000000767217&fileSn=0,ok,200,application/x-download,260731[공고문및신청서]MEDICALJAPANTOKYO2026전시회부스참여기업모집공고(최종)+.pdf,309449,api\PBLN_000000000124996\0_260731[공고문및신청서]MEDICALJAPANTOKYO2026전시회부스참여기업모집공고(최종)+.pdf,
PBLN_000000000124995,0,https://www.bizinfo.go.kr/cmm/fms/getImageFile.do?atchFileId=FILE_000000000767224&fileSn=1,ok,200,application/x-download,(붙임1)_2026년_하반기_세종시_디자인_지원사업_모집공고.hwpx,82784,api\PBLN_000000000124995\0_(붙임1)_2026년_하반기_세종시_디자인_지원사업_모집공고.hwpx,
PBLN_000000000124994,0,https://www.bizinfo.go.kr/cmm/fms/getImageFile.do?atchFileId=FILE_000000000767200&fileSn=0,ok,200,application/x-download,붙임1. (공고문) AI산학연 프로젝트(AI솔루션랩) 지원사업 공고.hwp,91648,api\PBLN_000000000124994\0_붙임1. (공고문) AI산학연 프로젝트(AI솔루션랩) 지원사업 공고.hwp,
PBLN_000000000124993,0,https://www.bizinfo.go.kr/cmm/fms/getImageFile.do?atchFileId=FILE_000000000767215&fileSn=1,ok,200,application/x-download,2026년 중소기업 밀집지역 위기대응 체계 구축사업_하반기 Stand-up 맞춤지원 공고+.pdf,298912,api\PBLN_000000000124993\0_2026년 중소기업 밀집지역 위기대응 체계 구축사업_하반기 Stand-up 맞춤지원 공고+.pdf,
PBLN_000000000124992,0,https://www.bizinfo.go.kr/cmm/fms/getImageFile.do?atchFileId=FILE_000000000767211&fileSn=1,ok,200,application/x-download,2026년도 창원 국가산단 기계 방산 분야 제조기업 대상 R&D기획지원사업 수혜기업 연장 모집 공고문+.pdf,402757,api\PBLN_000000000124992\0_2026년도 창원 국가산단 기계 방산 분야 제조기업 대상 R&D기획지원사업 수혜기업 연장 모집 공고문+.pdf,
PBLN_000000000124991,0,https://www.bizinfo.go.kr/cmm/fms/getImageFile.do?atchFileId=FILE_000000000767198&fileSn=0,ok,200,application/x-download,1. [공고]2026년 중소기업 밀집지역 위기대응 체계 구축사업_하반기 Stand-up 맞춤지원 공고 서식.hwpx,100036,api\PBLN_000000000124991\0_1. [공고]2026년 중소기업 밀집지역 위기대응 체계 구축사업_하반기 Stand-up 맞춤지원 공고 서식.hwpx,
PBLN_000000000124989,0,https://www.bizinfo.go.kr/cmm/fms/getImageFile.do?atchFileId=FILE_000000000767203&fileSn=0,ok,200,application/x-download,(공고문)투자유치.국내외 박람회 및 수출상담회 참여기업 모집 통합 공고.pdf,215461,api\PBLN_000000000124989\0_(공고문)투자유치.국내외 박람회 및 수출상담회 참여기업 모집 통합 공고.pdf,
PBLN_000000000124988,0,https://www.bizinfo.go.kr/cmm/fms/getImageFile.do?atchFileId=FILE_000000000767196&fileSn=0,ok,200,application/x-download,붙임_1._R&D_과제기획_수요기업_모집공고.hwp,64000,api\PBLN_000000000124988\0_붙임_1._R&D_과제기획_수요기업_모집공고.hwp,
PBLN_000000000124987,0,https://www.bizinfo.go.kr/cmm/fms/getImageFile.do?atchFileId=FILE_000000000767194&fileSn=0,ok,200,application/x-download,붙임1_[공고문]_2026년+국내+전시회+개별참가+지원기업+모집공고.hwpx,87345,api\PBLN_000000000124987\0_붙임1_[공고문]_2026년+국내+전시회+개별참가+지원기업+모집공고.hwpx,
PBLN_000000000124986,0,https://www.bizinfo.go.kr/cmm/fms/getImageFile.do?atchFileId=FILE_000000000767201&fileSn=0,ok,200,application/x-download,붙임  1. 충북 AX기업혁신센터(ANCHOR) 데이터 수집 기반 DX 구축 지원사업 통합공고.pdf,628023,api\PBLN_000000000124986\0_붙임  1. 충북 AX기업혁신센터(ANCHOR) 데이터 수집 기반 DX 구축 지원사업 통합공고.pdf,
PBLN_000000000124985,0,https://www.bizinfo.go.kr/cmm/fms/getImageFile.do?atchFileId=FILE_000000000767192&fileSn=0,ok,200,application/x-download,1.+공고문_2026년+수리조선+기업인증+지원사업.hwpx,56040,api\PBLN_000000000124985\0_1.+공고문_2026년+수리조선+기업인증+지원사업.hwpx,
PBLN_000000000124984,0,https://www.bizinfo.go.kr/cmm/fms/getImageFile.do?atchFileId=FILE_000000000767190&fileSn=0,ok,200,application/x-download,(붙임1) 2025년 바이오매스관련 기업애로기술 해결지원 모집 공고.hwp,96256,api\PBLN_000000000124984\0_(붙임1) 2025년 바이오매스관련 기업애로기술 해결지원 모집 공고.hwp,
PBLN_000000000124983,0,https://www.bizinfo.go.kr/cmm/fms/getImageFile.do?atchFileId=FILE_000000000767179&fileSn=1,ok,200,application/x-download,1_「2026년 지능형 반도체 시험분석·성능검증 지원 (4차)」 지원기업 모집 공고.pdf,363141,api\PBLN_000000000124983\0_1_「2026년 지능형 반도체 시험분석·성능검증 지원 (4차)」 지원기업 모집 공고.pdf,
PBLN_000000000124982,0,https://www.bizinfo.go.kr/cmm/fms/getImageFile.do?atchFileId=FILE_000000000767175&fileSn=0,ok,200,application/x-download,0. 개방형_XR_협업플랫폼_아이디어_경진대회_공고.pdf,126428,api\PBLN_000000000124982\0_0. 개방형_XR_협업플랫폼_아이디어_경진대회_공고.pdf,
PBLN_000000000124980,0,https://www.bizinfo.go.kr/cmm/fms/getImageFile.do?atchFileId=FILE_000000000767173&fileSn=0,ok,200,application/x-download,(경북) 2026년 중소기업 밀집지역 위기대응 체계 구축사업_하반기 Stand-up 맞춤지원 공고.pdf,303713,api\PBLN_000000000124980\0_(경북) 2026년 중소기업 밀집지역 위기대응 체계 구축사업_하반기 Stand-up 맞춤지원 공고.pdf,
PBLN_000000000124979,0,https://www.bizinfo.go.kr/cmm/fms/getImageFile.do?atchFileId=FILE_000000000767186&fileSn=1,ok,200,application/x-download,붙임1. 2026년 2차 장애인기업 제품디자인 및 시제품제작지원사업 모집공고.pdf,1373252,api\PBLN_000000000124979\0_붙임1. 2026년 2차 장애인기업 제품디자인 및 시제품제작지원사업 모집공고.pdf,
PBLN_000000000124978,0,https://www.bizinfo.go.kr/cmm/fms/getImageFile.do?atchFileId=FILE_000000000767182&fileSn=1,ok,200,application/x-download,2026년_해외규격인증획득지원사업(전략지원)_참여기업_모집공고(변경).hwpx,138782,api\PBLN_000000000124978\0_2026년_해외규격인증획득지원사업(전략지원)_참여기업_모집공고(변경).hwpx,
PBLN_000000000124977,0,https://www.bizinfo.go.kr/cmm/fms/getImageFile.do?atchFileId=FILE_000000000767171&fileSn=1,ok,200,application/x-download,대전국방벤처센터 2026년 신규 협약기업 모집 공고문+.pdf,315816,api\PBLN_000000000124977\0_대전국방벤처센터 2026년 신규 협약기업 모집 공고문+.pdf,
PBLN_000000000124976,0,https://www.bizinfo.go.kr/cmm/fms/getImageFile.do?atchFileId=FILE_000000000767134&fileSn=0,ok,200,application/x-download,[공고문] 전 국민 AI 서비스 보편적 활용 지원(모두의 AI) 사업 수정 공고문 (1).pdf,328426,api\PBLN_000000000124976\0_[공고문] 전 국민 AI 서비스 보편적 활용 지원(모두의 AI) 사업 수정 공고문 (1).pdf,
PBLN_000000000124975,0,https://www.bizinfo.go.kr/cmm/fms/getImageFile.do?atchFileId=FILE_000000000767132&fileSn=0,ok,200,application/x-download,2026년도_EV플랫폼_연계부품_XR디지털트윈_기술지원_기반구축_사업_기업지원_통합_공고_상시접수.hwp,166400,api\PBLN_000000000124975\0_2026년도_EV플랫폼_연계부품_XR디지털트윈_기술지원_기반구축_사업_기업지원_통합_공고_상시접수.hwp,
PBLN_000000000124973,0,https://www.bizinfo.go.kr/cmm/fms/getImageFile.do?atchFileId=FILE_000000000767126&fileSn=0,ok,200,application/x-download,02. 2026년도「공동개발 및 기술사업화 촉진 프로젝트」 3차 공고.pdf,269872,api\PBLN_000000000124973\0_02. 2026년도「공동개발 및 기술사업화 촉진 프로젝트」 3차 공고.pdf,
PBLN_000000000124968,0,https://www.bizinfo.go.kr/cmm/fms/getImageFile.do?atchFileId=FILE_000000000767113&fileSn=1,ok,200,application/x-download,「2026년 영주시 소상공인 재창업 지원사업」참여자 추가모집 재공고.pdf,466980,api\PBLN_000000000124968\0_「2026년 영주시 소상공인 재창업 지원사업」참여자 추가모집 재공고.pdf,
PBLN_000000000124967,0,https://www.bizinfo.go.kr/cmm/fms/getImageFile.do?atchFileId=FILE_000000000767107&fileSn=0,ok,200,application/x-download,「2026년 사회적가치 창출 역량강화」사회적가치지표SVI 측정 지원 사업 3차 모집 공고.hwp,101888,api\PBLN_000000000124967\0_「2026년 사회적가치 창출 역량강화」사회적가치지표SVI 측정 지원 사업 3차 모집 공고.hwp,
PBLN_000000000124966,0,https://www.bizinfo.go.kr/cmm/fms/getImageFile.do?atchFileId=FILE_000000000767109&fileSn=1,ok,200,application/x-download,(붙임1) 2026년도 컨설팅 지원사업 시행계획 변경공고+.pdf,779309,api\PBLN_000000000124966\0_(붙임1) 2026년도 컨설팅 지원사업 시행계획 변경공고+.pdf,
PBLN_000000000124965,0,https://www.bizinfo.go.kr/cmm/fms/getImageFile.do?atchFileId=FILE_000000000767103&fileSn=0,ok,200,application/x-download,공고문_2026년 콘텐츠코리아 전시회 참가 기업 모집.pdf,259090,api\PBLN_000000000124965\0_공고문_2026년 콘텐츠코리아 전시회 참가 기업 모집.pdf,
PBLN_000000000124964,0,https://www.bizinfo.go.kr/cmm/fms/getImageFile.do?atchFileId=FILE_000000000767101&fileSn=0,ok,200,application/x-download,붙임1. 2026 G-Bio Funding Lab 경기 바이오스타트업 투자유치 역량강화 모집공고문_Fn+.pdf,255706,api\PBLN_000000000124964\0_붙임1. 2026 G-Bio Funding Lab 경기 바이오스타트업 투자유치 역량강화 모집공고문_Fn+.pdf,
PBLN_000000000124963,0,https://www.bizinfo.go.kr/cmm/fms/getImageFile.do?atchFileId=FILE_000000000767099&fileSn=1,ok,200,application/x-download,[공모] 2026 예술산업 금융지원 시범사업(융자) 4차 공모요강.pdf,664930,api\PBLN_000000000124963\0_[공모] 2026 예술산업 금융지원 시범사업(융자) 4차 공모요강.pdf,
PBLN_000000000124960,0,https://www.bizinfo.go.kr/cmm/fms/getImageFile.do?atchFileId=FILE_000000000767091&fileSn=1,ok,200,application/x-download,I-Tube 기술지원 서비스 참여기업 모집 공고 (통합 2026-3차 공고)+.pdf,202816,api\PBLN_000000000124960\0_I-Tube 기술지원 서비스 참여기업 모집 공고 (통합 2026-3차 공고)+.pdf,
PBLN_000000000124959,0,https://www.bizinfo.go.kr/cmm/fms/getImageFile.do?atchFileId=FILE_000000000767081&fileSn=1,ok,200,application/x-download,[공고문] 「사회연대경제 청년 일경험 시범사업」 참여기업 모집(3차).pdf,567743,api\PBLN_000000000124959\0_[공고문] 「사회연대경제 청년 일경험 시범사업」 참여기업 모집(3차).pdf,
PBLN_000000000124955,0,https://www.bizinfo.go.kr/cmm/fms/getImageFile.do?atchFileId=FILE_000000000767067&fileSn=0,ok,200,application/x-download,[붙임1] 모집 공고_2026 U-Global Bridge UK.pdf,332349,api\PBLN_000000000124955\0_[붙임1] 모집 공고_2026 U-Global Bridge UK.pdf,
PBLN_000000000124953,0,https://www.bizinfo.go.kr/cmm/fms/getImageFile.do?atchFileId=FILE_000000000767063&fileSn=0,ok,200,application/x-download,K-시장진출플랫폼 기업지원 추가모집 공고문+.pdf,203319,api\PBLN_000000000124953\0_K-시장진출플랫폼 기업지원 추가모집 공고문+.pdf,
PBLN_000000000124950,0,https://www.bizinfo.go.kr/cmm/fms/getImageFile.do?atchFileId=FILE_000000000767055&fileSn=2,ok,200,application/x-download,베트남본부 추진 현지 바이어 네트워크 구축 및 수출 활성화 지원사업 3차 모집 공고.pdf,651557,api\PBLN_000000000124950\0_베트남본부 추진 현지 바이어 네트워크 구축 및 수출 활성화 지원사업 3차 모집 공고.pdf,
PBLN_000000000124949,0,https://www.bizinfo.go.kr/cmm/fms/getImageFile.do?atchFileId=FILE_000000000767051&fileSn=1,ok,200,application/x-download,[공고_제2026-34호]_2026년_군산시_혁신중소기업_시장자립을_통한_고용창출_지원사업_참여기업_모집공고.pdf,260365,api\PBLN_000000000124949\0_[공고_제2026-34호]_2026년_군산시_혁신중소기업_시장자립을_통한_고용창출_지원사업_참여기업_모집공고.pdf,
PBLN_000000000124947,0,https://www.bizinfo.go.kr/cmm/fms/getImageFile.do?atchFileId=FILE_000000000767045&fileSn=1,ok,200,application/x-download,붙임1. 2026년 콘크리트 2차 제품 제조기업 및 레미콘기업 패키지 지원사업 모집공고.pdf,259847,api\PBLN_000000000124947\0_붙임1. 2026년 콘크리트 2차 제품 제조기업 및 레미콘기업 패키지 지원사업 모집공고.pdf,
PBLN_000000000124946,0,https://www.bizinfo.go.kr/cmm/fms/getImageFile.do?atchFileId=FILE_000000000767039&fileSn=1,ok,200,application/x-download,붙임1. (충북) 지역중소기업 밀집지역 생태계 공동회복 지원 수요기업 모집 4차 공고.pdf,252149,api\PBLN_000000000124946\0_붙임1. (충북) 지역중소기업 밀집지역 생태계 공동회복 지원 수요기업 모집 4차 공고.pdf,
PBLN_000000000124945,0,https://www.bizinfo.go.kr/cmm/fms/getImageFile.do?atchFileId=FILE_000000000767035&fileSn=0,ok,200,application/x-download,충북지역 비관세장벽 대응 지원사업(미국FDA 식품등록) 참여기업 모집 공고(안).pdf,351602,api\PBLN_000000000124945\0_충북지역 비관세장벽 대응 지원사업(미국FDA 식품등록) 참여기업 모집 공고(안).pdf,
PBLN_000000000124943,0,https://www.bizinfo.go.kr/cmm/fms/getImageFile.do?atchFileId=FILE_000000000767031&fileSn=0,ok,200,application/x-download,붙임 1. 2026년 재도전·혁신캠퍼스 아이디어 경진대회 공고문+.pdf,206397,api\PBLN_000000000124943\0_붙임 1. 2026년 재도전·혁신캠퍼스 아이디어 경진대회 공고문+.pdf,
PBLN_000000000124942,0,https://www.bizinfo.go.kr/cmm/fms/getImageFile.do?atchFileId=FILE_000000000767029&fileSn=0,ok,200,application/x-download,2026년 칠곡군 해외무역사절단 참가기업 모집 공고 및 신청서식_최종 공고.pdf,286875,api\PBLN_000000000124942\0_2026년 칠곡군 해외무역사절단 참가기업 모집 공고 및 신청서식_최종 공고.pdf,
PBLN_000000000124941,0,https://www.bizinfo.go.kr/cmm/fms/getImageFile.do?atchFileId=FILE_000000000767027&fileSn=1,ok,200,application/x-download,2026 부산 게임·콘텐츠 펀드IR 컨설팅(2차) 참가기업 모집공고+.pdf,171359,api\PBLN_000000000124941\0_2026 부산 게임·콘텐츠 펀드IR 컨설팅(2차) 참가기업 모집공고+.pdf,
PBLN_000000000124940,0,https://www.bizinfo.go.kr/cmm/fms/getImageFile.do?atchFileId=FILE_000000000766937&fileSn=0,ok,200,application/x-download,2026년 대경권(대구) 지역혁신클러스터(비R&D) 기업지원 수혜기업 상시 모집공고문.pdf,296871,api\PBLN_000000000124940\0_2026년 대경권(대구) 지역혁신클러스터(비R&D) 기업지원 수혜기업 상시 모집공고문.pdf,
PBLN_000000000124937,0,https://www.bizinfo.go.kr/cmm/fms/getImageFile.do?atchFileId=FILE_000000000766935&fileSn=0,ok,200,application/x-download,2027 두바이 전시회 대구공동관 참가기업 모집 공고.pdf,377535,api\PBLN_000000000124937\0_2027 두바이 전시회 대구공동관 참가기업 모집 공고.pdf,
PBLN_000000000124931,0,https://www.bizinfo.go.kr/cmm/fms/getImageFile.do?atchFileId=FILE_000000000766919&fileSn=1,ok,200,application/x-download,공고문_2026년중소기업밀집지역위기대응체계구축사업-Stand-up맞춤지원모집공고(하반기).hwpx,96542,api\PBLN_000000000124931\0_공고문_2026년중소기업밀집지역위기대응체계구축사업-Stand-up맞춤지원모집공고(하반기).hwpx,
PBLN_000000000124929,0,https://www.bizinfo.go.kr/cmm/fms/getImageFile.do?atchFileId=FILE_000000000766929&fileSn=1,ok,200,application/x-download,[공고문] 2026년 영천시 중소기업 고부가가치 전환육성 지원사업 3차 모집 공고.hwp,1490944,api\PBLN_000000000124929\0_[공고문] 2026년 영천시 중소기업 고부가가치 전환육성 지원사업 3차 모집 공고.hwp,
PBLN_000000000124928,0,https://www.bizinfo.go.kr/cmm/fms/getImageFile.do?atchFileId=FILE_000000000766925&fileSn=1,ok,200,application/x-download,[공고문] 2026년 영천시 중소기업 혁신기술개발 지원사업 3차 모집 공고.hwp,1162240,api\PBLN_000000000124928\0_[공고문] 2026년 영천시 중소기업 혁신기술개발 지원사업 3차 모집 공고.hwp,
PBLN_000000000124927,0,https://www.bizinfo.go.kr/cmm/fms/getImageFile.do?atchFileId=FILE_000000000766913&fileSn=1,ok,200,application/x-download,1.2026년 제3차 산업기술R&D연구기획사업 신규지원 대상과제 공고문+.pdf,479749,api\PBLN_000000000124927\0_1.2026년 제3차 산업기술R&D연구기획사업 신규지원 대상과제 공고문+.pdf,
PBLN_000000000124926,0,https://www.bizinfo.go.kr/cmm/fms/getImageFile.do?atchFileId=FILE_000000000766907&fileSn=0,ok,200,application/x-download,[붙임]공고문_기업지원사업 통합공고_260728.pdf,313692,api\PBLN_000000000124926\0_[붙임]공고문_기업지원사업 통합공고_260728.pdf,
PBLN_000000000124925,0,https://www.bizinfo.go.kr/cmm/fms/getImageFile.do?atchFileId=FILE_000000000766909&fileSn=1,ok,200,application/x-download,2026년 기술사업화 유공자 포상 연장공고+.pdf,669490,api\PBLN_000000000124925\0_2026년 기술사업화 유공자 포상 연장공고+.pdf,
PBLN_000000000124924,0,https://www.bizinfo.go.kr/cmm/fms/getImageFile.do?atchFileId=FILE_000000000766903&fileSn=0,ok,200,application/x-download,2026 인도네시아 의료기기 전시회 (Hospital Expo 2026) 창원시 공동관 참가기업 모집공고.pdf,394637,api\PBLN_000000000124924\0_2026 인도네시아 의료기기 전시회 (Hospital Expo 2026) 창원시 공동관 참가기업 모집공고.pdf,
PBLN_000000000124923,0,https://www.bizinfo.go.kr/cmm/fms/getImageFile.do?atchFileId=FILE_000000000766921&fileSn=1,ok,200,application/x-download,1. 2026년 남양주시 사물인터넷(IoT) 측정기기 부착 지원사업 공고문.hwp,1576960,api\PBLN_000000000124923\0_1. 2026년 남양주시 사물인터넷(IoT) 측정기기 부착 지원사업 공고문.hwp,
PBLN_000000000124922,0,https://www.bizinfo.go.kr/cmm/fms/getImageFile.do?atchFileId=FILE_000000000766901&fileSn=0,ok,200,application/x-download,붙임1._PBL_협력_프로젝트_지원사업_공고문_v1.2_FN.hwp,83456,api\PBLN_000000000124922\0_붙임1._PBL_협력_프로젝트_지원사업_공고문_v1.2_FN.hwp,
PBLN_000000000124921,0,https://www.bizinfo.go.kr/cmm/fms/getImageFile.do?atchFileId=FILE_000000000766897&fileSn=1,ok,200,application/x-download,첨부. (공고문) 참여기업 모집공고_안산시 제조기업 로봇공정 성능개선 지원사업.pdf,283794,api\PBLN_000000000124921\0_첨부. (공고문) 참여기업 모집공고_안산시 제조기업 로봇공정 성능개선 지원사업.pdf,
PBLN_000000000124920,0,https://www.bizinfo.go.kr/cmm/fms/getImageFile.do?atchFileId=FILE_000000000766889&fileSn=1,ok,200,application/x-download,[붙임1]+2026+주력산업+육성+맞춤형+패키지+지원사업+2차+모집+수정+공고문.pdf,200585,api\PBLN_000000000124920\0_[붙임1]+2026+주력산업+육성+맞춤형+패키지+지원사업+2차+모집+수정+공고문.pdf,
PBLN_000000000124919,0,https://www.bizinfo.go.kr/cmm/fms/getImageFile.do?atchFileId=FILE_000000000766885&fileSn=0,ok,200,application/x-download,[지역특화_제조데이터_활성화사업]_2026년_맞춤형_AI_솔루션_지원사업_수혜기업_모집_공고_FN_v1.2.hwp,85504,api\PBLN_000000000124919\0_[지역특화_제조데이터_활성화사업]_2026년_맞춤형_AI_솔루션_지원사업_수혜기업_모집_공고_FN_v1.2.hwp,
PBLN_000000000124917,0,https://www.bizinfo.go.kr/cmm/fms/getImageFile.do?atchFileId=FILE_000000000766879&fileSn=1,ok,200,application/x-download,2026년 하반기 중소기업 구매조건 생산지원자금 지원 공고문.hwpx,99416,api\PBLN_000000000124917\0_2026년 하반기 중소기업 구매조건 생산지원자금 지원 공고문.hwpx,
PBLN_000000000124916,0,https://www.bizinfo.go.kr/cmm/fms/getImageFile.do?atchFileId=FILE_000000000766881&fileSn=1,ok,200,application/x-download,1.+공고문_2026년+수리조선산업+맞춤형+지원사업+추가모집.hwpx,557185,api\PBLN_000000000124916\0_1.+공고문_2026년+수리조선산업+맞춤형+지원사업+추가모집.hwpx,
PBLN_000000000124915,0,https://www.bizinfo.go.kr/cmm/fms/getImageFile.do?atchFileId=FILE_000000000766873&fileSn=1,ok,200,application/x-download,2026년 하반기 중소기업 창업 및 경쟁력강화사업자금 지원 공고문.hwpx,146275,api\PBLN_000000000124915\0_2026년 하반기 중소기업 창업 및 경쟁력강화사업자금 지원 공고문.hwpx,
PBLN_000000000124914,0,https://www.bizinfo.go.kr/cmm/fms/getImageFile.do?atchFileId=FILE_000000000766883&fileSn=1,ok,200,application/x-download,[붙임1]+사업+공고문2026년+AI+빅데이터+의료바이오_부품모듈개발+지원사업_시작품++고도화.pdf,667559,api\PBLN_000000000124914\0_[붙임1]+사업+공고문2026년+AI+빅데이터+의료바이오_부품모듈개발+지원사업_시작품++고도화.pdf,
PBLN_000000000124912,0,https://www.bizinfo.go.kr/cmm/fms/getImageFile.do?atchFileId=FILE_000000000766863&fileSn=0,ok,200,application/x-download,2026년도 진주시 발달장애인 가족창업 기업 지원사업 공고문.pdf,232994,api\PBLN_000000000124912\0_2026년도 진주시 발달장애인 가족창업 기업 지원사업 공고문.pdf,
PBLN_000000000124911,0,https://www.bizinfo.go.kr/cmm/fms/getImageFile.do?atchFileId=FILE_000000000766817&fileSn=0,ok,200,application/x-download,붙임 2. 2026년도 서울형 가족·전문 뿌리기업 선정 추가 공고문(외부용).pdf,630686,api\PBLN_000000000124911\0_붙임 2. 2026년도 서울형 가족·전문 뿌리기업 선정 추가 공고문(외부용).pdf,
PBLN_000000000124910,0,https://www.bizinfo.go.kr/cmm/fms/getImageFile.do?atchFileId=FILE_000000000766859&fileSn=2,ok,200,application/x-download,2026년 환경형 예비사회적기업 지정계획 공고문.pdf,945799,api\PBLN_000000000124910\0_2026년 환경형 예비사회적기업 지정계획 공고문.pdf,
PBLN_000000000124909,0,https://www.bizinfo.go.kr/cmm/fms/getImageFile.do?atchFileId=FILE_000000000766857&fileSn=1,ok,200,application/x-download,2026년+소상공인+정책자금+융자사업+공고(4차+변경).pdf,637757,api\PBLN_000000000124909\0_2026년+소상공인+정책자금+융자사업+공고(4차+변경).pdf,
PBLN_000000000124908,0,https://www.bizinfo.go.kr/cmm/fms/getImageFile.do?atchFileId=FILE_000000000766851&fileSn=0,ok,200,application/x-download,(제2026–482호)_「모두의_창업_사회혁신_소셜벤처_리그」모집공고.pdf,1254912,api\PBLN_000000000124908\0_(제2026–482호)_「모두의_창업_사회혁신_소셜벤처_리그」모집공고.pdf,
PBLN_000000000124907,0,https://www.bizinfo.go.kr/cmm/fms/getImageFile.do?atchFileId=FILE_000000000766849&fileSn=1,ok,200,application/x-download,붙임. 2026년 양양군 중소기업 환경개선 지원사업 참가기업 2차 모집공고.hwp,568832,api\PBLN_000000000124907\0_붙임. 2026년 양양군 중소기업 환경개선 지원사업 참가기업 2차 모집공고.hwp,
PBLN_000000000124906,0,https://www.bizinfo.go.kr/cmm/fms/getImageFile.do?atchFileId=FILE_000000000766845&fileSn=1,ok,200,application/x-download,붙임. 2026년 원주 중소기업 우수제품 박람회 참가기업 2차 모집 공고.hwp,239616,api\PBLN_000000000124906\0_붙임. 2026년 원주 중소기업 우수제품 박람회 참가기업 2차 모집 공고.hwp,
PBLN_000000000124904,0,https://www.bizinfo.go.kr/cmm/fms/getImageFile.do?atchFileId=FILE_000000000766839&fileSn=0,ok,200,application/x-download,(공고_제2026-484호)_2026년도_표준공정_기반_공정최적화_기술개발사업(공정최적화R&D)_시행계획_공고.pdf,1116539,api\PBLN_000000000124904\0_(공고_제2026-484호)_2026년도_표준공정_기반_공정최적화_기술개발사업(공정최적화R&D)_시행계획_공고.pdf,
PBLN_000000000124903,0,https://www.bizinfo.go.kr/cmm/fms/getImageFile.do?atchFileId=FILE_000000000766815&fileSn=0,ok,200,application/x-download,[붙임1]+사업+공고문2026년+창원지능형의료기기지원센터+활성화+지원사업.pdf,329612,api\PBLN_000000000124903\0_[붙임1]+사업+공고문2026년+창원지능형의료기기지원센터+활성화+지원사업.pdf,
PBLN_000000000124901,0,https://www.bizinfo.go.kr/cmm/fms/getImageFile.do?atchFileId=FILE_000000000766835&fileSn=1,ok,200,application/x-download,(붙임1) 2026년도 ｢해외플랫폼 입점 지원사업｣ 3차 공고.pdf,458687,api\PBLN_000000000124901\0_(붙임1) 2026년도 ｢해외플랫폼 입점 지원사업｣ 3차 공고.pdf,
PBLN_000000000124899,0,https://www.bizinfo.go.kr/cmm/fms/getImageFile.do?atchFileId=FILE_000000000766813&fileSn=0,ok,200,application/x-download,[붙임1]CES2027+참가기업+모집공고.pdf,411749,api\PBLN_000000000124899\0_[붙임1]CES2027+참가기업+모집공고.pdf,
PBLN_000000000124893,0,https://www.bizinfo.go.kr/cmm/fms/getImageFile.do?atchFileId=FILE_000000000766793&fileSn=0,ok,200,application/x-download,2026년 청년창업제품 판로개척 지원사업 온라인 기획전 참가 기업 모집 공고.hwpx,73147,api\PBLN_000000000124893\0_2026년 청년창업제품 판로개척 지원사업 온라인 기획전 참가 기업 모집 공고.hwpx,
PBLN_000000000124892,0,https://www.bizinfo.go.kr/cmm/fms/getImageFile.do?atchFileId=FILE_000000000766801&fileSn=2,ok,200,application/x-download,1. 공고문(안)_생분해 플라스틱 표준개발 및 평가 기반구축사업 기업지원+.pdf,321566,api\PBLN_000000000124892\0_1. 공고문(안)_생분해 플라스틱 표준개발 및 평가 기반구축사업 기업지원+.pdf,
PBLN_000000000124891,0,https://www.bizinfo.go.kr/cmm/fms/getImageFile.do?atchFileId=FILE_000000000766787&fileSn=0,ok,200,application/x-download,기후에너지환경부공고 제2026-719호(2026년도 2차 에너지수요관리핵심기술개발사업 신규지원대상 연구개발과제 공고)+.pdf,460520,api\PBLN_000000000124891\0_기후에너지환경부공고 제2026-719호(2026년도 2차 에너지수요관리핵심기술개발사업 신규지원대상 연구개발과제 공고)+.pdf,
PBLN_000000000124890,0,https://www.bizinfo.go.kr/cmm/fms/getImageFile.do?atchFileId=FILE_000000000766791&fileSn=0,ok,200,application/x-download,공고문(2026 하반기 골목상점).pdf,166786,api\PBLN_000000000124890\0_공고문(2026 하반기 골목상점).pdf,
PBLN_000000000124889,0,https://www.bizinfo.go.kr/cmm/fms/getImageFile.do?atchFileId=FILE_000000000766785&fileSn=0,ok,200,application/x-download,2026년 사회적경제기업 공공구매 활성화 사업 공고문.pdf,124928,api\PBLN_000000000124889\0_2026년 사회적경제기업 공공구매 활성화 사업 공고문.pdf,
PBLN_000000000124884,0,https://www.bizinfo.go.kr/cmm/fms/getImageFile.do?atchFileId=FILE_000000000766779&fileSn=1,ok,200,application/x-download,2026 한국식품연구원 식품기술대상 모집공고+.pdf,266329,api\PBLN_000000000124884\0_2026 한국식품연구원 식품기술대상 모집공고+.pdf,
PBLN_000000000124883,0,https://www.bizinfo.go.kr/cmm/fms/getImageFile.do?atchFileId=FILE_000000000766755&fileSn=0,ok,200,application/x-download,제33회 기업혁신대상 공고문 및 신청 양식.hwp,222208,api\PBLN_000000000124883\0_제33회 기업혁신대상 공고문 및 신청 양식.hwp,
PBLN_000000000124881,0,https://www.bizinfo.go.kr/cmm/fms/getImageFile.do?atchFileId=FILE_000000000766770&fileSn=1,ok,200,application/x-download,[3차] IoT제품연동 및 데이터분석 수요기업 모집(3차).pdf,725986,api\PBLN_000000000124881\0_[3차] IoT제품연동 및 데이터분석 수요기업 모집(3차).pdf,
PBLN_000000000124879,0,https://www.bizinfo.go.kr/cmm/fms/getImageFile.do?atchFileId=FILE_000000000766698&fileSn=2,ok,200,application/x-download,[붙임 1]2026년 충남 소상공인.자영업자 재기지원사업 3차 모집 공고문.pdf,235249,api\PBLN_000000000124879\0_[붙임 1]2026년 충남 소상공인.자영업자 재기지원사업 3차 모집 공고문.pdf,
PBLN_000000000124877,0,https://www.bizinfo.go.kr/cmm/fms/getImageFile.do?atchFileId=FILE_000000000766690&fileSn=0,ok,200,application/x-download,붙임1. 2026년 AI 융합 에스테틱 의료기기 글로벌 사업화 기반구축 사업(1차년도) 참여기업 통합모집 공고.hwp,103424,api\PBLN_000000000124877\0_붙임1. 2026년 AI 융합 에스테틱 의료기기 글로벌 사업화 기반구축 사업(1차년도) 참여기업 통합모집 공고.hwp,
PBLN_000000000124870,0,https://www.bizinfo.go.kr/cmm/fms/getImageFile.do?atchFileId=FILE_000000000766670&fileSn=1,ok,200,application/x-download,01. 2026년도 전남형 스마트공장(기초단계) 보급확산사업 공고.pdf,309302,api\PBLN_000000000124870\0_01. 2026년도 전남형 스마트공장(기초단계) 보급확산사업 공고.pdf,
PBLN_000000000124869,0,https://www.bizinfo.go.kr/cmm/fms/getImageFile.do?atchFileId=FILE_000000000766666&fileSn=0,ok,200,application/x-download,1. 전남 지역특화형 스마트공장(식품 바이오) 구축지원사업(기초) 공고문.hwp,144896,api\PBLN_000000000124869\0_1. 전남 지역특화형 스마트공장(식품 바이오) 구축지원사업(기초) 공고문.hwp,
PBLN_000000000124868,0,https://www.bizinfo.go.kr/cmm/fms/getImageFile.do?atchFileId=FILE_000000000766664&fileSn=1,ok,200,application/x-download,붙임_2026년 하반기 전주 영화 후반제작지원 공고문.pdf,230980,api\PBLN_000000000124868\0_붙임_2026년 하반기 전주 영화 후반제작지원 공고문.pdf,
PBLN_000000000124866,0,https://www.bizinfo.go.kr/cmm/fms/getImageFile.do?atchFileId=FILE_000000000766658&fileSn=0,ok,200,application/x-download,2026 베트남 하노이 충북무역상품 전시상담회 참여기업 모집 공고.pdf,384568,api\PBLN_000000000124866\0_2026 베트남 하노이 충북무역상품 전시상담회 참여기업 모집 공고.pdf,
PBLN_000000000124861,0,https://www.bizinfo.go.kr/cmm/fms/getImageFile.do?atchFileId=FILE_000000000766644&fileSn=1,ok,200,application/x-download,(공고문)2026년_인천광역시_중소기업육성자금(경영안정자금 이차보전)지원공고_ 8차.pdf,933240,api\PBLN_000000000124861\0_(공고문)2026년_인천광역시_중소기업육성자금(경영안정자금 이차보전)지원공고_ 8차.pdf,
PBLN_000000000124860,0,https://www.bizinfo.go.kr/cmm/fms/getImageFile.do?atchFileId=FILE_000000000766620&fileSn=0,ok,200,application/x-download,공고문(2026 세계한인경제인대회 전남광주통합특별시 공동관 참가기업 모집).hwpx,105441,api\PBLN_000000000124860\0_공고문(2026 세계한인경제인대회 전남광주통합특별시 공동관 참가기업 모집).hwpx,
PBLN_000000000124859,0,https://www.bizinfo.go.kr/cmm/fms/getImageFile.do?atchFileId=FILE_000000000766633&fileSn=1,ok,200,application/x-download,(공고문) 미래자동차 탑승자 중심 편의부품 평가 기반구축 1차년도 기업지원 공고.pdf,274201,api\PBLN_000000000124859\0_(공고문) 미래자동차 탑승자 중심 편의부품 평가 기반구축 1차년도 기업지원 공고.pdf,
PBLN_000000000124858,0,https://www.bizinfo.go.kr/cmm/fms/getImageFile.do?atchFileId=FILE_000000000766618&fileSn=0,ok,200,application/x-download,붙임_01_공고문.pdf,380400,api\PBLN_000000000124858\0_붙임_01_공고문.pdf,
PBLN_000000000124856,0,https://www.bizinfo.go.kr/cmm/fms/getImageFile.do?atchFileId=FILE_000000000766623&fileSn=1,ok,200,application/x-download,2026년+부산+여성기업+전시회+지원+참여희망기업+모집공고+.pdf,252588,api\PBLN_000000000124856\0_2026년+부산+여성기업+전시회+지원+참여희망기업+모집공고+.pdf,
PBLN_000000000124853,0,https://www.bizinfo.go.kr/cmm/fms/getImageFile.do?atchFileId=FILE_000000000766614&fileSn=1,ok,200,application/x-download,2026년 마케팅 구매상담회 참여기업 모집공고문(3차).pdf,212704,api\PBLN_000000000124853\0_2026년 마케팅 구매상담회 참여기업 모집공고문(3차).pdf,
PBLN_000000000124852,0,https://www.bizinfo.go.kr/cmm/fms/getImageFile.do?atchFileId=FILE_000000000766607&fileSn=0,ok,200,application/x-download,20260727211007987_hscity91_공고 2674 2026년 공공기관 해외지사화 참가지원사업 화성시 참가기업 모집공고(2차)+.pdf,199681,api\PBLN_000000000124852\0_20260727211007987_hscity91_공고 2674 2026년 공공기관 해외지사화 참가지원사업 화성시 참가기업 모집공고(2차)+.pdf,
PBLN_000000000124851,0,https://www.bizinfo.go.kr/cmm/fms/getImageFile.do?atchFileId=FILE_000000000766599&fileSn=0,ok,200,application/x-download,[신청서] 2026 마을기업 통합 홍보물 패키지 제작 지원.hwp,343040,api\PBLN_000000000124851\0_[신청서] 2026 마을기업 통합 홍보물 패키지 제작 지원.hwp,
PBLN_000000000124850,0,https://www.bizinfo.go.kr/cmm/fms/getImageFile.do?atchFileId=FILE_000000000766605&fileSn=1,ok,200,application/x-download,2026 중소기업 해외지사화 지원사업 4차 모집공고문(안)+.pdf,248511,api\PBLN_000000000124850\0_2026 중소기업 해외지사화 지원사업 4차 모집공고문(안)+.pdf,
PBLN_000000000124849,0,https://www.bizinfo.go.kr/cmm/fms/getImageFile.do?atchFileId=FILE_000000000766601&fileSn=1,ok,200,application/x-download,(수정) 원부자재 공동구매 지원사업 모집공고.pdf,155670,api\PBLN_000000000124849\0_(수정) 원부자재 공동구매 지원사업 모집공고.pdf,
PBLN_000000000124845,0,https://www.bizinfo.go.kr/cmm/fms/getImageFile.do?atchFileId=FILE_000000000766593&fileSn=0,ok,200,application/x-download,공고문_2026년 소규모 점포 시설개선 지원사업.hwp,80896,api\PBLN_000000000124845\0_공고문_2026년 소규모 점포 시설개선 지원사업.hwp,
PBLN_000000000124842,0,https://www.bizinfo.go.kr/cmm/fms/getImageFile.do?atchFileId=FILE_000000000766581&fileSn=0,ok,200,application/x-download,공공조달 및 민간위탁 맞춤형 컨설팅 참여기업 모집 공고문.hwp,70144,api\PBLN_000000000124842\0_공공조달 및 민간위탁 맞춤형 컨설팅 참여기업 모집 공고문.hwp,
PBLN_000000000124841,0,https://www.bizinfo.go.kr/cmm/fms/getImageFile.do?atchFileId=FILE_000000000766579&fileSn=0,ok,200,application/x-download,[공고문] 2026년 DX_AX 컨설팅 지원사업 모집공고_ 신청서.hwp,152064,api\PBLN_000000000124841\0_[공고문] 2026년 DX_AX 컨설팅 지원사업 모집공고_ 신청서.hwp,
PBLN_000000000124840,0,https://www.bizinfo.go.kr/cmm/fms/getImageFile.do?atchFileId=FILE_000000000766569&fileSn=0,ok,200,application/x-download,붙임1.2026 소상공인IP창출지원_IP출원지원(상표)_모집공고문(대전)_260227(최종).pdf,171694,api\PBLN_000000000124840\0_붙임1.2026 소상공인IP창출지원_IP출원지원(상표)_모집공고문(대전)_260227(최종).pdf,
PBLN_000000000124839,0,https://www.bizinfo.go.kr/cmm/fms/getImageFile.do?atchFileId=FILE_000000000766577&fileSn=0,ok,200,application/x-download,2026년 통합IR데이 공고문.hwp,3995136,api\PBLN_000000000124839\0_2026년 통합IR데이 공고문.hwp,
PBLN_000000000124837,0,https://www.bizinfo.go.kr/cmm/fms/getImageFile.do?atchFileId=FILE_000000000766571&fileSn=1,ok,200,application/x-download,20260714153251424_hipa109_1.(공고문) 2026년 하반기 인증 사업.pdf,239687,api\PBLN_000000000124837\0_20260714153251424_hipa109_1.(공고문) 2026년 하반기 인증 사업.pdf,
PBLN_000000000124835,0,https://www.bizinfo.go.kr/cmm/fms/getImageFile.do?atchFileId=FILE_000000000766547&fileSn=1,ok,200,application/x-download,20260721193209873_hipa17_1. 공고문.pdf,162602,api\PBLN_000000000124835\0_20260721193209873_hipa17_1. 공고문.pdf,
PBLN_000000000124834,0,https://www.bizinfo.go.kr/cmm/fms/getImageFile.do?atchFileId=FILE_000000000766562&fileSn=1,ok,200,application/x-download,서리풀 소상공인 창업 클리닉.pdf,1012118,api\PBLN_000000000124834\0_서리풀 소상공인 창업 클리닉.pdf,
PBLN_000000000124833,0,https://www.bizinfo.go.kr/cmm/fms/getImageFile.do?atchFileId=FILE_000000000766495&fileSn=1,ok,200,application/x-download,붙임1. 모집  공고문.pdf,242763,api\PBLN_000000000124833\0_붙임1. 모집  공고문.pdf,
PBLN_000000000124832,0,https://www.bizinfo.go.kr/cmm/fms/getImageFile.do?atchFileId=FILE_000000000766489&fileSn=2,ok,200,application/x-download,1. 재취업지원서비스 기업컨설팅 지원 5차 모집공고(변경).hwp,1055232,api\PBLN_000000000124832\0_1. 재취업지원서비스 기업컨설팅 지원 5차 모집공고(변경).hwp,
PBLN_000000000124826,0,https://www.bizinfo.go.kr/cmm/fms/getImageFile.do?atchFileId=FILE_000000000766464&fileSn=1,ok,200,application/x-download,★(공고)2026 한-호주 교류단 모집 안내.pdf,194692,api\PBLN_000000000124826\0_★(공고)2026 한-호주 교류단 모집 안내.pdf,
PBLN_000000000124823,0,https://www.bizinfo.go.kr/cmm/fms/getImageFile.do?atchFileId=FILE_000000000766455&fileSn=0,ok,200,application/x-download,「AI 활용 기반 R&D 사업계획서 작성 지원사업」 참여기업 모집 공고.pdf,316890,api\PBLN_000000000124823\0_「AI 활용 기반 R&D 사업계획서 작성 지원사업」 참여기업 모집 공고.pdf,
PBLN_000000000124816,0,https://www.bizinfo.go.kr/cmm/fms/getImageFile.do?atchFileId=FILE_000000000766425&fileSn=1,ok,200,application/x-download,붙임. 2026년 강원 지역특화형(바이오헬스·식품) 스마트공장 보급확산사업 2차 공고_최종.pdf,438588,api\PBLN_000000000124816\0_붙임. 2026년 강원 지역특화형(바이오헬스·식품) 스마트공장 보급확산사업 2차 공고_최종.pdf,
PBLN_000000000124812,0,https://www.bizinfo.go.kr/cmm/fms/getImageFile.do?atchFileId=FILE_000000000766417&fileSn=1,ok,200,application/x-download,붙임2_모집포스터.pdf,1210265,api\PBLN_000000000124812\0_붙임2_모집포스터.pdf,
PBLN_000000000124808,0,https://www.bizinfo.go.kr/cmm/fms/getImageFile.do?atchFileId=FILE_000000000766403&fileSn=1,ok,200,application/x-download,붙임 1. 제조 AI 현장 적용 지원 사업 수혜기업 모집 공고문.pdf,1759759,api\PBLN_000000000124808\0_붙임 1. 제조 AI 현장 적용 지원 사업 수혜기업 모집 공고문.pdf,
PBLN_000000000124806,0,https://www.bizinfo.go.kr/cmm/fms/getImageFile.do?atchFileId=FILE_000000000766389&fileSn=1,ok,200,application/x-download,(공고문) 2026년도 화순군 시군구연고산업육성사업 참여기업 모집 3차 공고.pdf,390304,api\PBLN_000000000124806\0_(공고문) 2026년도 화순군 시군구연고산업육성사업 참여기업 모집 3차 공고.pdf,
PBLN_000000000124802,0,https://www.bizinfo.go.kr/cmm/fms/getImageFile.do?atchFileId=FILE_000000000766385&fileSn=1,ok,200,application/x-download,(공고문) 2026년도 장성군 시군구연고산업육성사업 참여기업 모집 3차 공고.pdf,348156,api\PBLN_000000000124802\0_(공고문) 2026년도 장성군 시군구연고산업육성사업 참여기업 모집 3차 공고.pdf,
PBLN_000000000124801,0,https://www.bizinfo.go.kr/cmm/fms/getImageFile.do?atchFileId=FILE_000000000766354&fileSn=0,ok,200,application/x-download,글로벌시장+대응+AI기반+공조부품+성능평가+인프라+고도화+사업+기업지원+공고문+.pdf,353545,api\PBLN_000000000124801\0_글로벌시장+대응+AI기반+공조부품+성능평가+인프라+고도화+사업+기업지원+공고문+.pdf,
PBLN_000000000124800,0,https://www.bizinfo.go.kr/cmm/fms/getImageFile.do?atchFileId=FILE_000000000766379&fileSn=1,ok,200,application/x-download,(제2026-473호) 2026년 재창업 활성화 유공포상 모집공고.pdf,305174,api\PBLN_000000000124800\0_(제2026-473호) 2026년 재창업 활성화 유공포상 모집공고.pdf,
PBLN_000000000124795,0,https://www.bizinfo.go.kr/cmm/fms/getImageFile.do?atchFileId=FILE_000000000766361&fileSn=1,ok,200,application/x-download,2026년도_중소기업_정책자금_융자계획_변경공고(제2026-464호).pdf,1918715,api\PBLN_000000000124795\0_2026년도_중소기업_정책자금_융자계획_변경공고(제2026-464호).pdf,
PBLN_000000000124792,0,https://www.bizinfo.go.kr/cmm/fms/getImageFile.do?atchFileId=FILE_000000000766338&fileSn=1,ok,200,application/x-download,(공고)2026 인증획득제품 해외 실증 지원사업 기업모집 추가 공고.pdf,440940,api\PBLN_000000000124792\0_(공고)2026 인증획득제품 해외 실증 지원사업 기업모집 추가 공고.pdf,
PBLN_000000000124788,0,https://www.bizinfo.go.kr/cmm/fms/getImageFile.do?atchFileId=FILE_000000000766343&fileSn=1,ok,200,application/x-download,공고문. 대학 기술 활용 사업화 지원(4차).hwpx,98726,api\PBLN_000000000124788\0_공고문. 대학 기술 활용 사업화 지원(4차).hwpx,
PBLN_000000000124787,0,https://www.bizinfo.go.kr/cmm/fms/getImageFile.do?atchFileId=FILE_000000000766319&fileSn=0,ok,200,application/x-download,「2026_경기지역_스마트제조_AXDX_우수사례_공모전」_안내문+.pdf,264013,api\PBLN_000000000124787\0_「2026_경기지역_스마트제조_AXDX_우수사례_공모전」_안내문+.pdf,
PBLN_000000000124783,0,https://www.bizinfo.go.kr/cmm/fms/getImageFile.do?atchFileId=FILE_000000000766307&fileSn=1,ok,200,application/x-download,2026년 친환경인증선박 보급지원사업 제2차 공고.hwpx,149800,api\PBLN_000000000124783\0_2026년 친환경인증선박 보급지원사업 제2차 공고.hwpx,
PBLN_000000000124782,0,https://www.bizinfo.go.kr/cmm/fms/getImageFile.do?atchFileId=FILE_000000000766302&fileSn=0,ok,200,application/x-download,2026년도 하반기 혁신제품 지정제도 시행계획 공고.hwpx,163950,api\PBLN_000000000124782\0_2026년도 하반기 혁신제품 지정제도 시행계획 공고.hwpx,
PBLN_000000000124781,0,https://www.bizinfo.go.kr/cmm/fms/getImageFile.do?atchFileId=FILE_000000000766315&fileSn=1,ok,200,application/x-download,1. 2026년 동두천시 사물인터넷(IoT) 측정기기 부착 지원사업 공고문+.pdf,875571,api\PBLN_000000000124781\0_1. 2026년 동두천시 사물인터넷(IoT) 측정기기 부착 지원사업 공고문+.pdf,
PBLN_000000000124780,0,https://www.bizinfo.go.kr/cmm/fms/getImageFile.do?atchFileId=FILE_000000000766290&fileSn=0,ok,200,application/x-download,공고문.pdf,91993,api\PBLN_000000000124780\0_공고문.pdf,
PBLN_000000000124779,0,https://www.bizinfo.go.kr/cmm/fms/getImageFile.do?atchFileId=FILE_000000000766311&fileSn=1,ok,200,application/x-download,붙임1. 혁신기술 제조창업 공유공장 구축사업 기업지원(공고문).pdf,157645,api\PBLN_000000000124779\0_붙임1. 혁신기술 제조창업 공유공장 구축사업 기업지원(공고문).pdf,
PBLN_000000000124778,0,https://www.bizinfo.go.kr/cmm/fms/getImageFile.do?atchFileId=FILE_000000000766297&fileSn=1,ok,200,application/x-download,(투자 및 TIPS 추천) 한림대학교 Station C 연계 창업기업 투자·육성 지원 프로그램 참가 안내.pdf,245819,api\PBLN_000000000124778\0_(투자 및 TIPS 추천) 한림대학교 Station C 연계 창업기업 투자·육성 지원 프로그램 참가 안내.pdf,
PBLN_000000000124777,0,https://www.bizinfo.go.kr/cmm/fms/getImageFile.do?atchFileId=FILE_000000000766293&fileSn=0,ok,200,application/x-download,1. 2026년 체육인 직업안정 사업(창업점검과정) 참여자 추가모집 공고_기간연장.pdf,339283,api\PBLN_000000000124777\0_1. 2026년 체육인 직업안정 사업(창업점검과정) 참여자 추가모집 공고_기간연장.pdf,
PBLN_000000000124773,0,https://www.bizinfo.go.kr/cmm/fms/getImageFile.do?atchFileId=FILE_000000000766279&fileSn=0,ok,200,application/x-download,붙임 1.[WORLD-OKTA] 2026 KOREA BUSINESS EXPO SHENZHEN 기업모집 안내문.pdf,438980,api\PBLN_000000000124773\0_붙임 1.[WORLD-OKTA] 2026 KOREA BUSINESS EXPO SHENZHEN 기업모집 안내문.pdf,
PBLN_000000000124771,0,https://www.bizinfo.go.kr/cmm/fms/getImageFile.do?atchFileId=FILE_000000000766218&fileSn=1,ok,200,application/x-download,공고문. 대학-기업 공동 기술 · 제품 기획지원.hwpx,87550,api\PBLN_000000000124771\0_공고문. 대학-기업 공동 기술 · 제품 기획지원.hwpx,
PBLN_000000000124770,0,https://www.bizinfo.go.kr/cmm/fms/getImageFile.do?atchFileId=FILE_000000000766214&fileSn=1,ok,200,application/x-download,공고문. 대학 테스트베드. 인프라 활용 실증 개발 지원.hwpx,93944,api\PBLN_000000000124770\0_공고문. 대학 테스트베드. 인프라 활용 실증 개발 지원.hwpx,
PBLN_000000000124769,0,https://www.bizinfo.go.kr/cmm/fms/getImageFile.do?atchFileId=FILE_000000000766210&fileSn=1,ok,200,application/x-download,1. [공고문] 2026년 푸드테크 연구지원센터 구축(세포배양식품) 실증 및 사업화 지원사업 기업모집(3차공고).hwp,87552,api\PBLN_000000000124769\0_1. [공고문] 2026년 푸드테크 연구지원센터 구축(세포배양식품) 실증 및 사업화 지원사업 기업모집(3차공고).hwp,
PBLN_000000000124768,0,https://www.bizinfo.go.kr/cmm/fms/getImageFile.do?atchFileId=FILE_000000000766204&fileSn=0,ok,200,application/x-download,슬로바키아-루마니아 진주시 종합 무역사절단 사업공고.pdf,401679,api\PBLN_000000000124768\0_슬로바키아-루마니아 진주시 종합 무역사절단 사업공고.pdf,
PBLN_000000000124767,0,https://www.bizinfo.go.kr/cmm/fms/getImageFile.do?atchFileId=FILE_000000000766202&fileSn=0,ok,200,application/x-download,공고_2026 미래 전략 산업혁신 투자포럼 참가기업 모집.pdf,395284,api\PBLN_000000000124767\0_공고_2026 미래 전략 산업혁신 투자포럼 참가기업 모집.pdf,
PBLN_000000000124766,0,https://www.bizinfo.go.kr/cmm/fms/getImageFile.do?atchFileId=FILE_000000000766208&fileSn=1,ok,200,application/x-download,중견기업 금융지원 프로그램(Rising Leaders 300) 8회차 선정 공고.pdf,1136971,api\PBLN_000000000124766\0_중견기업 금융지원 프로그램(Rising Leaders 300) 8회차 선정 공고.pdf,
PBLN_000000000124762,0,https://www.bizinfo.go.kr/cmm/fms/getImageFile.do?atchFileId=FILE_000000000766184&fileSn=1,ok,200,application/x-download,1. [공고문]대경 이음 미래모빌리티 일자리 고도화 지원 수혜기업 모집(4차).hwp,142848,api\PBLN_000000000124762\0_1. [공고문]대경 이음 미래모빌리티 일자리 고도화 지원 수혜기업 모집(4차).hwp,
PBLN_000000000124761,0,https://www.bizinfo.go.kr/cmm/fms/getImageFile.do?atchFileId=FILE_000000000766190&fileSn=1,ok,200,application/x-download,2026년 청년 고용 우수기업 근로환경 개선사업 공고문.hwp,23040,api\PBLN_000000000124761\0_2026년 청년 고용 우수기업 근로환경 개선사업 공고문.hwp,
PBLN_000000000124760,0,https://www.bizinfo.go.kr/cmm/fms/getImageFile.do?atchFileId=FILE_000000000766176&fileSn=0,ok,200,application/x-download,첨부1.모집공고문.pdf,151865,api\PBLN_000000000124760\0_첨부1.모집공고문.pdf,
PBLN_000000000124754,0,https://www.bizinfo.go.kr/cmm/fms/getImageFile.do?atchFileId=FILE_000000000766156&fileSn=1,ok,200,application/x-download,[붙임 1] 2026년 충청남도 장애인기업 마케팅홍보물 제작 지원 사업 공고안+.pdf,152477,api\PBLN_000000000124754\0_[붙임 1] 2026년 충청남도 장애인기업 마케팅홍보물 제작 지원 사업 공고안+.pdf,
PBLN_000000000124752,0,https://www.bizinfo.go.kr/cmm/fms/getImageFile.do?atchFileId=FILE_000000000766148&fileSn=1,ok,200,application/x-download,[붙임1]26년 홍보 콘텐츠 제작 지원사업 모집 연장 공고문.pdf,803619,api\PBLN_000000000124752\0_[붙임1]26년 홍보 콘텐츠 제작 지원사업 모집 연장 공고문.pdf,
PBLN_000000000124747,0,https://www.bizinfo.go.kr/cmm/fms/getImageFile.do?atchFileId=FILE_000000000766134&fileSn=0,ok,200,application/x-download,[공고문]+2026년+글로벌+K-푸드페어+국제식품박람회+비대면+홍보+참여기업+모집공고.pdf,1924618,api\PBLN_000000000124747\0_[공고문]+2026년+글로벌+K-푸드페어+국제식품박람회+비대면+홍보+참여기업+모집공고.pdf,
PBLN_000000000124745,0,https://www.bizinfo.go.kr/cmm/fms/getImageFile.do?atchFileId=FILE_000000000766080&fileSn=0,ok,200,application/x-download,★2026년+호주+K-푸드페어+참가업체+모집공고_최종.pdf,457942,api\PBLN_000000000124745\0_★2026년+호주+K-푸드페어+참가업체+모집공고_최종.pdf,
PBLN_000000000124742,0,https://www.bizinfo.go.kr/cmm/fms/getImageFile.do?atchFileId=FILE_000000000766074&fileSn=1,ok,200,application/x-download,2026_독일_국제_아이디어·발명·신제품_전시회_참가_모집_공고.pdf,277007,api\PBLN_000000000124742\0_2026_독일_국제_아이디어·발명·신제품_전시회_참가_모집_공고.pdf,
PBLN_000000000124739,0,https://www.bizinfo.go.kr/cmm/fms/getImageFile.do?atchFileId=FILE_000000000766122&fileSn=1,ok,200,application/x-download,붙임1. 웹상세페이지 디자인 지원(3차)_공고문.pdf,233474,api\PBLN_000000000124739\0_붙임1. 웹상세페이지 디자인 지원(3차)_공고문.pdf,
PBLN_000000000124735,0,https://www.bizinfo.go.kr/cmm/fms/getImageFile.do?atchFileId=FILE_000000000766110&fileSn=0,ok,200,application/x-download,2026년도 농촌 사회연대경제 서비스 협력모델 발굴 지원사업 모집공고.pdf,235128,api\PBLN_000000000124735\0_2026년도 농촌 사회연대경제 서비스 협력모델 발굴 지원사업 모집공고.pdf,
PBLN_000000000124734,0,https://www.bizinfo.go.kr/cmm/fms/getImageFile.do?atchFileId=FILE_000000000766108&fileSn=0,ok,200,application/x-download,(공고문)기술창업성장패키지지원참여기업모집공고.pdf,263636,api\PBLN_000000000124734\0_(공고문)기술창업성장패키지지원참여기업모집공고.pdf,
PBLN_000000000124732,0,https://www.bizinfo.go.kr/cmm/fms/getImageFile.do?atchFileId=FILE_000000000766102&fileSn=1,ok,200,application/x-download,[공고문] 2026 충북청주 강소특구 X SK텔레콤 AI 오픈이노베이션 지원사업 2차 모집.pdf,481111,api\PBLN_000000000124732\0_[공고문] 2026 충북청주 강소특구 X SK텔레콤 AI 오픈이노베이션 지원사업 2차 모집.pdf,
PBLN_000000000124731,0,https://www.bizinfo.go.kr/cmm/fms/getImageFile.do?atchFileId=FILE_000000000766033&fileSn=1,ok,200,application/x-download,★_2026년_중소기업_R&D_우수성과_50선_모집_연장_공고.pdf,932051,api\PBLN_000000000124731\0_★_2026년_중소기업_R&D_우수성과_50선_모집_연장_공고.pdf,
PBLN_000000000124726,0,https://www.bizinfo.go.kr/cmm/fms/getImageFile.do?atchFileId=FILE_000000000766016&fileSn=1,ok,200,application/x-download,붙임 1. (수정)사업공고문 [2026 충북 특화콘텐츠 마케팅 지원사업(팝업운영)].hwp,122368,api\PBLN_000000000124726\0_붙임 1. (수정)사업공고문 [2026 충북 특화콘텐츠 마케팅 지원사업(팝업운영)].hwp,
PBLN_000000000124717,0,https://www.bizinfo.go.kr/cmm/fms/getImageFile.do?atchFileId=FILE_000000000765994&fileSn=1,ok,200,application/x-download,2026년도 스페인 스마트시티 엑스포 추가모집 공고.pdf,441766,api\PBLN_000000000124717\0_2026년도 스페인 스마트시티 엑스포 추가모집 공고.pdf,
PBLN_000000000124716,0,https://www.bizinfo.go.kr/cmm/fms/getImageFile.do?atchFileId=FILE_000000000765990&fileSn=0,ok,200,application/x-download,세계한상수출상담회연계 2026년 해외바이어 초청 비즈니스 상담회 기업 모집.pdf,233277,api\PBLN_000000000124716\0_세계한상수출상담회연계 2026년 해외바이어 초청 비즈니스 상담회 기업 모집.pdf,
PBLN_000000000124713,0,https://www.bizinfo.go.kr/cmm/fms/getImageFile.do?atchFileId=FILE_000000000765984&fileSn=0,ok,200,application/x-download,2026년 음식점 조리장 환경개선 지원 참여 업소 모집 공고안 (기한연장).hwpx,78831,api\PBLN_000000000124713\0_2026년 음식점 조리장 환경개선 지원 참여 업소 모집 공고안 (기한연장).hwpx,
PBLN_000000000124710,0,https://www.bizinfo.go.kr/cmm/fms/getImageFile.do?atchFileId=FILE_000000000765977&fileSn=1,ok,200,application/x-download,2026년 수산분야 FTA 피해보전직불금 사업 신청 공고.hwpx,119923,api\PBLN_000000000124710\0_2026년 수산분야 FTA 피해보전직불금 사업 신청 공고.hwpx,
PBLN_000000000124709,0,https://www.bizinfo.go.kr/cmm/fms/getImageFile.do?atchFileId=FILE_000000000765973&fileSn=0,ok,200,application/x-download,2026년 FTA 피해보전직불금 사업 신청 공고문.hwpx,61372,api\PBLN_000000000124709\0_2026년 FTA 피해보전직불금 사업 신청 공고문.hwpx,
PBLN_000000000124708,0,https://www.bizinfo.go.kr/cmm/fms/getImageFile.do?atchFileId=FILE_000000000765965&fileSn=0,ok,200,application/x-download,(붙임1)+테크노파크+생산장비+고도화지원사업+통합+공고문.hwp,60928,api\PBLN_000000000124708\0_(붙임1)+테크노파크+생산장비+고도화지원사업+통합+공고문.hwp,
PBLN_000000000124706,0,https://www.bizinfo.go.kr/cmm/fms/getImageFile.do?atchFileId=FILE_000000000765971&fileSn=1,ok,200,application/x-download,붙임1._「전남_청년_희망_일자리_지원사업」_참여기업·참여청년_모집_재공고문.hwp,409600,api\PBLN_000000000124706\0_붙임1._「전남_청년_희망_일자리_지원사업」_참여기업·참여청년_모집_재공고문.hwp,
PBLN_000000000124701,0,https://www.bizinfo.go.kr/cmm/fms/getImageFile.do?atchFileId=FILE_000000000765944&fileSn=1,ok,200,application/x-download,「모두의 판로」 입점을 원하는 모든 희망기업 - 상품 공개모집 (26.7.22.~8.21.).pdf,172890,api\PBLN_000000000124701\0_「모두의 판로」 입점을 원하는 모든 희망기업 - 상품 공개모집 (26.7.22.~8.21.).pdf,
PBLN_000000000124700,0,https://www.bizinfo.go.kr/cmm/fms/getImageFile.do?atchFileId=FILE_000000000765940&fileSn=0,ok,200,application/x-download,High1 K-Collection 강원 쇼케이스 in 상하이.pdf,291519,api\PBLN_000000000124700\0_High1 K-Collection 강원 쇼케이스 in 상하이.pdf,
PBLN_000000000124699,0,https://www.bizinfo.go.kr/cmm/fms/getImageFile.do?atchFileId=FILE_000000000765941&fileSn=0,ok,200,application/x-download,260703_2026년+소상공인+카드수수료+지원사업+신청자+모집(공고문)_.pdf,250284,api\PBLN_000000000124699\0_260703_2026년+소상공인+카드수수료+지원사업+신청자+모집(공고문)_.pdf,
PBLN_000000000124697,0,https://www.bizinfo.go.kr/cmm/fms/getImageFile.do?atchFileId=FILE_000000000765929&fileSn=1,ok,200,application/x-download,공고문.hwpx,98038,api\PBLN_000000000124697\0_공고문.hwpx,
PBLN_000000000124695,0,https://www.bizinfo.go.kr/cmm/fms/getImageFile.do?atchFileId=FILE_000000000765927&fileSn=1,ok,200,application/x-download,2026년 국가첨단전략산업 소부장 중소·중견기업 투자지원금 사업시행 2차 공고.hwpx,127096,api\PBLN_000000000124695\0_2026년 국가첨단전략산업 소부장 중소·중견기업 투자지원금 사업시행 2차 공고.hwpx,
PBLN_000000000124694,0,https://www.bizinfo.go.kr/cmm/fms/getImageFile.do?atchFileId=FILE_000000000765923&fileSn=0,ok,200,application/x-download,2026 글로벌 배터리 선도기업 차세대 기술 분야 GP 사업.pdf,150125,api\PBLN_000000000124694\0_2026 글로벌 배터리 선도기업 차세대 기술 분야 GP 사업.pdf,
PBLN_000000000124693,0,https://www.bizinfo.go.kr/cmm/fms/getImageFile.do?atchFileId=FILE_000000000765931&fileSn=0,ok,200,application/x-download,식품안심업소(음식점 위생등급제) 컨설팅 지원 공고(안).hwpx,73920,api\PBLN_000000000124693\0_식품안심업소(음식점 위생등급제) 컨설팅 지원 공고(안).hwpx,
PBLN_000000000124692,0,https://www.bizinfo.go.kr/cmm/fms/getImageFile.do?atchFileId=FILE_000000000765921&fileSn=0,ok,200,application/x-download,[2026 Inside HONDA] 참가기업 모집 안내_260721.pdf,152848,api\PBLN_000000000124692\0_[2026 Inside HONDA] 참가기업 모집 안내_260721.pdf,
PBLN_000000000124688,0,https://www.bizinfo.go.kr/cmm/fms/getImageFile.do?atchFileId=FILE_000000000765915&fileSn=0,ok,200,application/x-download,2026년 FTA 피해보전직불금 사업신청 공고문.hwpx,92499,api\PBLN_000000000124688\0_2026년 FTA 피해보전직불금 사업신청 공고문.hwpx,
PBLN_000000000124685,0,https://www.bizinfo.go.kr/cmm/fms/getImageFile.do?atchFileId=FILE_000000000765903&fileSn=1,ok,200,application/x-download,1. 공고문_경남 방산 중소기업 생산성향상 지원사업+.pdf,210052,api\PBLN_000000000124685\0_1. 공고문_경남 방산 중소기업 생산성향상 지원사업+.pdf,
PBLN_000000000124681,0,https://www.bizinfo.go.kr/cmm/fms/getImageFile.do?atchFileId=FILE_000000000765897&fileSn=0,ok,200,application/x-download,석유화학업종 임금체계 개선 확산 사업 및 지원프로그램 안내(최종).pdf,1011688,api\PBLN_000000000124681\0_석유화학업종 임금체계 개선 확산 사업 및 지원프로그램 안내(최종).pdf,
PBLN_000000000124677,0,https://www.bizinfo.go.kr/cmm/fms/getImageFile.do?atchFileId=FILE_000000000765826&fileSn=0,ok,200,application/x-download,★2026년 하반기 소상공인 개별간판 개선지원사업 공고문.hwpx,838566,api\PBLN_000000000124677\0_★2026년 하반기 소상공인 개별간판 개선지원사업 공고문.hwpx,
PBLN_000000000124676,0,https://www.bizinfo.go.kr/cmm/fms/getImageFile.do?atchFileId=FILE_000000000765823&fileSn=1,ok,200,application/x-download,2026년 서울시 소상공인 안전검사 지원사업 안내(하반기).pdf,273778,api\PBLN_000000000124676\0_2026년 서울시 소상공인 안전검사 지원사업 안내(하반기).pdf,
PBLN_000000000124671,0,https://www.bizinfo.go.kr/cmm/fms/getImageFile.do?atchFileId=FILE_000000000765813&fileSn=1,ok,200,application/x-download,「2026 부산청년 글로벌잡 챌린지 프로젝트 사업」 공고문.hwp,196608,api\PBLN_000000000124671\0_「2026 부산청년 글로벌잡 챌린지 프로젝트 사업」 공고문.hwp,
PBLN_000000000124669,0,https://www.bizinfo.go.kr/cmm/fms/getImageFile.do?atchFileId=FILE_000000000765789&fileSn=0,ok,200,application/x-download,1. 2026년 용인특례시 글로벌 수출상담회 참가자 모집 공고.hwp,68096,api\PBLN_000000000124669\0_1. 2026년 용인특례시 글로벌 수출상담회 참가자 모집 공고.hwp,
PBLN_000000000124666,0,https://www.bizinfo.go.kr/cmm/fms/getImageFile.do?atchFileId=FILE_000000000765785&fileSn=0,ok,200,application/x-download,2026년도_우체국_창구전시판매_모집계획_이미지.pdf,633733,api\PBLN_000000000124666\0_2026년도_우체국_창구전시판매_모집계획_이미지.pdf,
PBLN_000000000124665,0,https://www.bizinfo.go.kr/cmm/fms/getImageFile.do?atchFileId=FILE_000000000765798&fileSn=1,ok,200,application/x-download,2026년 제2차(하반기) 서울시 예비사회적기업 지정 계획 공고문.hwp,157184,api\PBLN_000000000124665\0_2026년 제2차(하반기) 서울시 예비사회적기업 지정 계획 공고문.hwp,
PBLN_000000000124664,0,https://www.bizinfo.go.kr/cmm/fms/getImageFile.do?atchFileId=FILE_000000000765792&fileSn=1,ok,200,application/x-download,붙임 1. 특화 인공지능 파운데이션 모델 개발(사이버보안 분야) 사업 공고문(수정).hwp,73216,api\PBLN_000000000124664\0_붙임 1. 특화 인공지능 파운데이션 모델 개발(사이버보안 분야) 사업 공고문(수정).hwp,
PBLN_000000000124661,0,https://www.bizinfo.go.kr/cmm/fms/getImageFile.do?atchFileId=FILE_000000000765783&fileSn=0,fail,200,,,0,,HTTP 200
PBLN_000000000124654,0,https://www.bizinfo.go.kr/cmm/fms/getImageFile.do?atchFileId=FILE_000000000765763&fileSn=2,ok,200,application/x-download,[2026년 지역특화 제조데이터 활성화 사업]컨설팅 지원 사업 참여기업 모집 공고+.pdf,414108,api\PBLN_000000000124654\0_[2026년 지역특화 제조데이터 활성화 사업]컨설팅 지원 사업 참여기업 모집 공고+.pdf,
PBLN_000000000124651,0,https://www.bizinfo.go.kr/cmm/fms/getImageFile.do?atchFileId=FILE_000000000765749&fileSn=0,ok,200,application/x-download,[공고문]_글로벌_리스크_관리_지원사업_참가기업_2차(상시)_모집공고문.pdf,182810,api\PBLN_000000000124651\0_[공고문]_글로벌_리스크_관리_지원사업_참가기업_2차(상시)_모집공고문.pdf,
PBLN_000000000124650,0,https://www.bizinfo.go.kr/cmm/fms/getImageFile.do?atchFileId=FILE_000000000765657&fileSn=0,ok,200,application/x-download,2026.07.13._달성_창업_성공패키지_공고문.pdf,155128,api\PBLN_000000000124650\0_2026.07.13._달성_창업_성공패키지_공고문.pdf,
PBLN_000000000124648,0,https://www.bizinfo.go.kr/cmm/fms/getImageFile.do?atchFileId=FILE_000000000765747&fileSn=1,ok,200,application/x-download,2026년 정선군 해외물류비 지원사업 모집공고 및 신청서+.pdf,390764,api\PBLN_000000000124648\0_2026년 정선군 해외물류비 지원사업 모집공고 및 신청서+.pdf,
PBLN_000000000124641,0,https://www.bizinfo.go.kr/cmm/fms/getImageFile.do?atchFileId=FILE_000000000765720&fileSn=1,ok,200,application/x-download,[공고문] 자발적 환경정보공개 3차 모집 공고문.pdf,157700,api\PBLN_000000000124641\0_[공고문] 자발적 환경정보공개 3차 모집 공고문.pdf,
PBLN_000000000124639,0,https://www.bizinfo.go.kr/cmm/fms/getImageFile.do?atchFileId=FILE_000000000765714&fileSn=1,ok,200,application/x-download,1. 2026년 양주시 사물인터넷(IoT) 측정기기 부착 지원사업 공고문+.pdf,912594,api\PBLN_000000000124639\0_1. 2026년 양주시 사물인터넷(IoT) 측정기기 부착 지원사업 공고문+.pdf,
PBLN_000000000124636,0,https://www.bizinfo.go.kr/cmm/fms/getImageFile.do?atchFileId=FILE_000000000765704&fileSn=1,ok,200,application/x-download,2026년도 하반기 환경분야 혁신제품 신규지정 공고.pdf,790189,api\PBLN_000000000124636\0_2026년도 하반기 환경분야 혁신제품 신규지정 공고.pdf,
PBLN_000000000124635,0,https://www.bizinfo.go.kr/cmm/fms/getImageFile.do?atchFileId=FILE_000000000765700&fileSn=0,ok,200,application/x-download,Stand-alone 고출력 EUV 검사기 장비 기술 및 EUV 검사기 인프라 구축 사업 기술지원기업 모집 공고 안내.pdf,238035,api\PBLN_000000000124635\0_Stand-alone 고출력 EUV 검사기 장비 기술 및 EUV 검사기 인프라 구축 사업 기술지원기업 모집 공고 안내.pdf,
PBLN_000000000124631,0,https://www.bizinfo.go.kr/cmm/fms/getImageFile.do?atchFileId=FILE_000000000765689&fileSn=0,ok,200,application/x-download,붙임. 디스플레이 특화단지 R&D 컨설팅 지원사업 공고문(상시 모집) 및 신청양식.hwp,173568,api\PBLN_000000000124631\0_붙임. 디스플레이 특화단지 R&D 컨설팅 지원사업 공고문(상시 모집) 및 신청양식.hwp,
PBLN_000000000124625,0,https://www.bizinfo.go.kr/cmm/fms/getImageFile.do?atchFileId=FILE_000000000765673&fileSn=0,ok,200,application/x-download,2026 오프라인 판매기획전 기업모집 공고문(안).pdf,256575,api\PBLN_000000000124625\0_2026 오프라인 판매기획전 기업모집 공고문(안).pdf,
PBLN_000000000124622,0,https://www.bizinfo.go.kr/cmm/fms/getImageFile.do?atchFileId=FILE_000000000765570&fileSn=0,ok,200,application/x-download,(공고문)기업 위기대응 원스톱 에이전트 참여기업 모집공고.pdf,2350656,api\PBLN_000000000124622\0_(공고문)기업 위기대응 원스톱 에이전트 참여기업 모집공고.pdf,
PBLN_000000000124614,0,https://www.bizinfo.go.kr/cmm/fms/getImageFile.do?atchFileId=FILE_000000000765560&fileSn=1,ok,200,application/x-download,붙임 1. 장성군 산업농공단지 활성화 지원사업 2차 공고문.hwp,114176,api\PBLN_000000000124614\0_붙임 1. 장성군 산업농공단지 활성화 지원사업 2차 공고문.hwp,
PBLN_000000000124607,0,https://www.bizinfo.go.kr/cmm/fms/getImageFile.do?atchFileId=FILE_000000000765543&fileSn=1,ok,200,application/x-download,★2026년+스포츠산업+융자+지원사업+공고문_.pdf,169549,api\PBLN_000000000124607\0_★2026년+스포츠산업+융자+지원사업+공고문_.pdf,
PBLN_000000000124606,0,https://www.bizinfo.go.kr/cmm/fms/getImageFile.do?atchFileId=FILE_000000000765496&fileSn=1,ok,200,application/x-download,붙임 1. 2026 이노비즈기업 경쟁력강화 지원사업 참여기업 모집공고 2차+.pdf,270129,api\PBLN_000000000124606\0_붙임 1. 2026 이노비즈기업 경쟁력강화 지원사업 참여기업 모집공고 2차+.pdf,
PBLN_000000000124602,0,https://www.bizinfo.go.kr/cmm/fms/getImageFile.do?atchFileId=FILE_000000000765523&fileSn=1,ok,200,application/x-download,2026  강원 영동권 관광 가치이음 지원사업 2차 모집 공고.pdf,704630,api\PBLN_000000000124602\0_2026  강원 영동권 관광 가치이음 지원사업 2차 모집 공고.pdf,
PBLN_000000000124601,0,https://www.bizinfo.go.kr/cmm/fms/getImageFile.do?atchFileId=FILE_000000000765525&fileSn=1,ok,200,application/x-download,2026년도 산업통상부-삼성전자 기술나눔 공고문.hwpx,116087,api\PBLN_000000000124601\0_2026년도 산업통상부-삼성전자 기술나눔 공고문.hwpx,
PBLN_000000000124599,0,https://www.bizinfo.go.kr/cmm/fms/getImageFile.do?atchFileId=FILE_000000000765515&fileSn=0,ok,200,application/x-download,2026 마닐라 스마트시티 로드쇼.pdf,401738,api\PBLN_000000000124599\0_2026 마닐라 스마트시티 로드쇼.pdf,
PBLN_000000000124597,0,https://www.bizinfo.go.kr/cmm/fms/getImageFile.do?atchFileId=FILE_000000000765513&fileSn=0,ok,200,application/x-download,2026년 경기게임오디션(제21회) 참가사 모집 공고문.hwp,89088,api\PBLN_000000000124597\0_2026년 경기게임오디션(제21회) 참가사 모집 공고문.hwp,
PBLN_000000000124589,0,https://www.bizinfo.go.kr/cmm/fms/getImageFile.do?atchFileId=FILE_000000000765487&fileSn=1,ok,200,application/x-download,[붙임1] 「2026년 안동시 수출기업 역량강화 지원사업」 참여기업 모집 공고(수출직불금).pdf,463679,api\PBLN_000000000124589\0_[붙임1] 「2026년 안동시 수출기업 역량강화 지원사업」 참여기업 모집 공고(수출직불금).pdf,
PBLN_000000000124583,0,https://www.bizinfo.go.kr/cmm/fms/getImageFile.do?atchFileId=FILE_000000000765462&fileSn=0,ok,200,application/x-download,[모집공고] 2026 하반기 부산 원스톱기업지원센터 전문가 컨설팅 지원사업.hwp,22528,api\PBLN_000000000124583\0_[모집공고] 2026 하반기 부산 원스톱기업지원센터 전문가 컨설팅 지원사업.hwp,
PBLN_000000000124576,0,https://www.bizinfo.go.kr/cmm/fms/getImageFile.do?atchFileId=FILE_000000000765445&fileSn=1,ok,200,application/x-download,「농림식품신기술(NET) 인증제」 2026년도 하반기 시행계획 공고+.pdf,260803,api\PBLN_000000000124576\0_「농림식품신기술(NET) 인증제」 2026년도 하반기 시행계획 공고+.pdf,
PBLN_000000000124572,0,https://www.bizinfo.go.kr/cmm/fms/getImageFile.do?atchFileId=FILE_000000000765429&fileSn=0,ok,200,application/x-download,(공고문) 로컬 스타트업 챌린지 의정부 2026_공모내용_시티온 트랙_.pdf,229746,api\PBLN_000000000124572\0_(공고문) 로컬 스타트업 챌린지 의정부 2026_공모내용_시티온 트랙_.pdf,
PBLN_000000000124571,0,https://www.bizinfo.go.kr/cmm/fms/getImageFile.do?atchFileId=FILE_000000000765427&fileSn=0,ok,200,application/x-download,붙임1. 공고문.pdf,280207,api\PBLN_000000000124571\0_붙임1. 공고문.pdf,
PBLN_000000000124564,0,https://www.bizinfo.go.kr/cmm/fms/getImageFile.do?atchFileId=FILE_000000000765325&fileSn=0,ok,200,application/x-download,[안내문]_정보보호제품_성능평가_지원_공모_사업.pdf,124394,api\PBLN_000000000124564\0_[안내문]_정보보호제품_성능평가_지원_공모_사업.pdf,
PBLN_000000000124561,0,https://www.bizinfo.go.kr/cmm/fms/getImageFile.do?atchFileId=FILE_000000000765339&fileSn=1,ok,200,application/x-download,(공고문)2026년ILP서비스기술연결수요기업모집공고(6차).pdf,424394,api\PBLN_000000000124561\0_(공고문)2026년ILP서비스기술연결수요기업모집공고(6차).pdf,
PBLN_000000000124560,0,https://www.bizinfo.go.kr/cmm/fms/getImageFile.do?atchFileId=FILE_000000000765323&fileSn=0,ok,200,application/x-download,[공고문]2026년 하반기 소상공인 경영안정자금 지원사업 공고문.hwpx,68974,api\PBLN_000000000124560\0_[공고문]2026년 하반기 소상공인 경영안정자금 지원사업 공고문.hwpx,
PBLN_000000000124558,0,https://www.bizinfo.go.kr/cmm/fms/getImageFile.do?atchFileId=FILE_000000000765331&fileSn=0,ok,200,application/x-download,붙임._제2회_제조AI_솔루션_공모전_공고.hwpx,103570,api\PBLN_000000000124558\0_붙임._제2회_제조AI_솔루션_공모전_공고.hwpx,
PBLN_000000000124556,0,https://www.bizinfo.go.kr/cmm/fms/getImageFile.do?atchFileId=FILE_000000000765307&fileSn=0,ok,200,application/x-download,(본문) 기업지원 공고문.pdf,507688,api\PBLN_000000000124556\0_(본문) 기업지원 공고문.pdf,
PBLN_000000000124555,0,https://www.bizinfo.go.kr/cmm/fms/getImageFile.do?atchFileId=FILE_000000000765319&fileSn=0,ok,200,application/x-download,붙임 1. 가치업고 마일리지 프로그램 사업 공고문.pdf,303062,api\PBLN_000000000124555\0_붙임 1. 가치업고 마일리지 프로그램 사업 공고문.pdf,
PBLN_000000000124552,0,https://www.bizinfo.go.kr/cmm/fms/getImageFile.do?atchFileId=FILE_000000000765315&fileSn=1,ok,200,application/x-download,공고문_f.pdf,327000,api\PBLN_000000000124552\0_공고문_f.pdf,
PBLN_000000000124551,0,https://www.bizinfo.go.kr/cmm/fms/getImageFile.do?atchFileId=FILE_000000000765298&fileSn=1,ok,200,application/x-download,★「2026년 라이브커머스 제작운영지원 사업」참여기업 모집공고 ★.pdf,351477,api\PBLN_000000000124551\0_★「2026년 라이브커머스 제작운영지원 사업」참여기업 모집공고 ★.pdf,
PBLN_000000000124550,0,https://www.bizinfo.go.kr/cmm/fms/getImageFile.do?atchFileId=FILE_000000000765305&fileSn=1,ok,200,application/x-download,2026년 옥천군 중소기업 경쟁력 강화사업 2차 공고문.pdf,243040,api\PBLN_000000000124550\0_2026년 옥천군 중소기업 경쟁력 강화사업 2차 공고문.pdf,
PBLN_000000000124549,0,https://www.bizinfo.go.kr/cmm/fms/getImageFile.do?atchFileId=FILE_000000000765294&fileSn=0,ok,200,application/x-download,「2026년 소상공인 온라인쇼핑몰 판매지원사업」참여기업 모집공고.pdf,464413,api\PBLN_000000000124549\0_「2026년 소상공인 온라인쇼핑몰 판매지원사업」참여기업 모집공고.pdf,
PBLN_000000000124547,0,https://www.bizinfo.go.kr/cmm/fms/getImageFile.do?atchFileId=FILE_000000000765301&fileSn=0,ok,200,application/x-download,2026년 충청북도&충청권 내일이음 취업박람회 기업모집 공고.hwp,88064,api\PBLN_000000000124547\0_2026년 충청북도&충청권 내일이음 취업박람회 기업모집 공고.hwp,
PBLN_000000000124545,0,https://www.bizinfo.go.kr/cmm/fms/getImageFile.do?atchFileId=FILE_000000000765289&fileSn=1,ok,200,application/x-download,붙임1. 2026년 그린바이오 벤처 캠퍼스 기업지원 프로그램(고용창출) 공고문.hwp,1715712,api\PBLN_000000000124545\0_붙임1. 2026년 그린바이오 벤처 캠퍼스 기업지원 프로그램(고용창출) 공고문.hwp,
PBLN_000000000124544,0,https://www.bizinfo.go.kr/cmm/fms/getImageFile.do?atchFileId=FILE_000000000765285&fileSn=0,ok,200,application/x-download,글로벌+B2B+한국식품관+입점기업+모집공고.pdf,206386,api\PBLN_000000000124544\0_글로벌+B2B+한국식품관+입점기업+모집공고.pdf,
PBLN_000000000124542,0,https://www.bizinfo.go.kr/cmm/fms/getImageFile.do?atchFileId=FILE_000000000765283&fileSn=0,ok,200,application/x-download,2026 AI&IoT 쇼케이스 공고문.pdf,3057133,api\PBLN_000000000124542\0_2026 AI&IoT 쇼케이스 공고문.pdf,
PBLN_000000000124537,0,https://www.bizinfo.go.kr/cmm/fms/getImageFile.do?atchFileId=FILE_000000000765263&fileSn=2,ok,200,application/x-download,1. 2026년 사물인터넷IoT 설치 지원사업 모집 3차 변경 공고.pdf,427014,api\PBLN_000000000124537\0_1. 2026년 사물인터넷IoT 설치 지원사업 모집 3차 변경 공고.pdf,
PBLN_000000000124528,0,https://www.bizinfo.go.kr/cmm/fms/getImageFile.do?atchFileId=FILE_000000000765236&fileSn=4,ok,200,application/x-download,1. 2026년 제3차 특장차산업 활성화 및 산업생태계 모델구축 기업지원사업 공고.pdf,210004,api\PBLN_000000000124528\0_1. 2026년 제3차 특장차산업 활성화 및 산업생태계 모델구축 기업지원사업 공고.pdf,
PBLN_000000000124526,0,https://www.bizinfo.go.kr/cmm/fms/getImageFile.do?atchFileId=FILE_000000000765228&fileSn=1,ok,200,application/x-download,2026년 제3차 자동차 대체부품 분야 기업지원 사업공고+.pdf,282274,api\PBLN_000000000124526\0_2026년 제3차 자동차 대체부품 분야 기업지원 사업공고+.pdf,
PBLN_000000000124518,0,https://www.bizinfo.go.kr/cmm/fms/getImageFile.do?atchFileId=FILE_000000000765195&fileSn=0,ok,200,application/x-download,해외규격인증 취득 절차 심층 컨설팅.pdf,1974509,api\PBLN_000000000124518\0_해외규격인증 취득 절차 심층 컨설팅.pdf,
PBLN_000000000124508,0,https://www.bizinfo.go.kr/cmm/fms/getImageFile.do?atchFileId=FILE_000000000765167&fileSn=1,ok,200,application/x-download,첨부1. 2026년 기술확보지원사업 공급망안정화지원 참여기업 모집공고_3차.pdf,171428,api\PBLN_000000000124508\0_첨부1. 2026년 기술확보지원사업 공급망안정화지원 참여기업 모집공고_3차.pdf,
PBLN_000000000124505,0,https://www.bizinfo.go.kr/cmm/fms/getImageFile.do?atchFileId=FILE_000000000765112&fileSn=1,ok,200,application/x-download,2026년 적층제조 산업발전 유공자 포상 공고(안).hwpx,243815,api\PBLN_000000000124505\0_2026년 적층제조 산업발전 유공자 포상 공고(안).hwpx,
PBLN_000000000124502,0,https://www.bizinfo.go.kr/cmm/fms/getImageFile.do?atchFileId=FILE_000000000765100&fileSn=1,ok,200,application/x-download,[붙임1] 2026년 군산-김제자유무역지역기업지원사업 4차 통합 공고문.pdf,217312,api\PBLN_000000000124502\0_[붙임1] 2026년 군산-김제자유무역지역기업지원사업 4차 통합 공고문.pdf,
PBLN_000000000124501,0,https://www.bizinfo.go.kr/cmm/fms/getImageFile.do?atchFileId=FILE_000000000765096&fileSn=0,ok,200,application/x-download,붙임1.(참여기업) 2026 사회연대경제 청년 일경험 시범사업 2차모집 추가공고(안)_수정.hwp,78848,api\PBLN_000000000124501\0_붙임1.(참여기업) 2026 사회연대경제 청년 일경험 시범사업 2차모집 추가공고(안)_수정.hwp,
PBLN_000000000124493,0,https://www.bizinfo.go.kr/cmm/fms/getImageFile.do?atchFileId=FILE_000000000765074&fileSn=1,ok,200,application/x-download,[붙임1] 공고문+.pdf,298488,api\PBLN_000000000124493\0_[붙임1] 공고문+.pdf,
PBLN_000000000124486,0,https://www.bizinfo.go.kr/cmm/fms/getImageFile.do?atchFileId=FILE_000000000765050&fileSn=1,ok,200,application/x-download,붙임. 2026년 중소기업육성자금 융자(이차보전) 지원계획 변경공고문.hwp,302592,api\PBLN_000000000124486\0_붙임. 2026년 중소기업육성자금 융자(이차보전) 지원계획 변경공고문.hwp,
PBLN_000000000124484,0,https://www.bizinfo.go.kr/cmm/fms/getImageFile.do?atchFileId=FILE_000000000765040&fileSn=1,ok,200,application/x-download,1.+2026년+복합형+거점+불류센터(D.C)+지원사업+수출업체+수시모집+공고1.pdf,186367,api\PBLN_000000000124484\0_1.+2026년+복합형+거점+불류센터(D.C)+지원사업+수출업체+수시모집+공고1.pdf,
PBLN_000000000124473,0,https://www.bizinfo.go.kr/cmm/fms/getImageFile.do?atchFileId=FILE_000000000765004&fileSn=1,ok,200,application/x-download,(공고문)2026년_온라인수출_물류_지원사업_참여기업_2차_모집공고+.pdf,564875,api\PBLN_000000000124473\0_(공고문)2026년_온라인수출_물류_지원사업_참여기업_2차_모집공고+.pdf,
PBLN_000000000124471,0,https://www.bizinfo.go.kr/cmm/fms/getImageFile.do?atchFileId=FILE_000000000764996&fileSn=1,ok,200,application/x-download,2026년_생애_최초_경영안정화_교육지원_모집공고_및_신청서식 (52)+.pdf,353985,api\PBLN_000000000124471\0_2026년_생애_최초_경영안정화_교육지원_모집공고_및_신청서식 (52)+.pdf,
PBLN_000000000124460,0,https://www.bizinfo.go.kr/cmm/fms/getImageFile.do?atchFileId=FILE_000000000764912&fileSn=2,ok,200,application/x-download,26-1차_광주국방벤처센터_협약기업_모집_공고문.pdf,284476,api\PBLN_000000000124460\0_26-1차_광주국방벤처센터_협약기업_모집_공고문.pdf,
PBLN_000000000124459,0,https://www.bizinfo.go.kr/cmm/fms/getImageFile.do?atchFileId=FILE_000000000764908&fileSn=1,ok,200,application/x-download,2026지진안전기반구축사업기술지원수혜기업모집공고문(상시).hwp,117248,api\PBLN_000000000124459\0_2026지진안전기반구축사업기술지원수혜기업모집공고문(상시).hwp,
PBLN_000000000124443,0,https://www.bizinfo.go.kr/cmm/fms/getImageFile.do?atchFileId=FILE_000000000764852&fileSn=0,ok,200,application/x-download,(붙임2) 2026년 경기도 수출프론티어기업 모집.hwp,133120,api\PBLN_000000000124443\0_(붙임2) 2026년 경기도 수출프론티어기업 모집.hwp,
PBLN_000000000124442,0,https://www.bizinfo.go.kr/cmm/fms/getImageFile.do?atchFileId=FILE_000000000764850&fileSn=1,ok,200,application/x-download,2026년도_청도군_시군구연고산업육성사업_지원모집(스마트 기술 컨설팅).hwp,145920,api\PBLN_000000000124442\0_2026년도_청도군_시군구연고산업육성사업_지원모집(스마트 기술 컨설팅).hwp,
PBLN_000000000124441,0,https://www.bizinfo.go.kr/cmm/fms/getImageFile.do?atchFileId=FILE_000000000764854&fileSn=1,ok,200,application/x-download,(공고문) 2026년 광양 지역산업 위기대응 맞춤형 지원사업 3차공고+.pdf,807155,api\PBLN_000000000124441\0_(공고문) 2026년 광양 지역산업 위기대응 맞춤형 지원사업 3차공고+.pdf,
PBLN_000000000124438,0,https://www.bizinfo.go.kr/cmm/fms/getImageFile.do?atchFileId=FILE_000000000764836&fileSn=0,ok,200,application/x-download,(붙임1) 2026년 경기도 수출기업인의날 표창 대상자 모집.hwp,176640,api\PBLN_000000000124438\0_(붙임1) 2026년 경기도 수출기업인의날 표창 대상자 모집.hwp,
PBLN_000000000124433,0,https://www.bizinfo.go.kr/cmm/fms/getImageFile.do?atchFileId=FILE_000000000764826&fileSn=1,ok,200,application/x-download,붙임1.+공고문(안).pdf,298604,api\PBLN_000000000124433\0_붙임1.+공고문(안).pdf,
PBLN_000000000124427,0,https://www.bizinfo.go.kr/cmm/fms/getImageFile.do?atchFileId=FILE_000000000764811&fileSn=1,ok,200,application/x-download,붙임 1. [공고문] 2026년 경상북도 클린제조환경조성 사업 2차 모집 공고.pdf,389254,api\PBLN_000000000124427\0_붙임 1. [공고문] 2026년 경상북도 클린제조환경조성 사업 2차 모집 공고.pdf,
PBLN_000000000124425,0,https://www.bizinfo.go.kr/cmm/fms/getImageFile.do?atchFileId=FILE_000000000764796&fileSn=0,ok,200,application/x-download,1-1_ 공고문_기술개발지원_미래 상용차 대응 핵심기술 내재화 기술개발 지원(2차)_260715.pdf,335288,api\PBLN_000000000124425\0_1-1_ 공고문_기술개발지원_미래 상용차 대응 핵심기술 내재화 기술개발 지원(2차)_260715.pdf,
PBLN_000000000124423,0,https://www.bizinfo.go.kr/cmm/fms/getImageFile.do?atchFileId=FILE_000000000764792&fileSn=0,ok,200,application/x-download,[공고문] 2026년 첨단로봇 산업육성 및 글로벌 경쟁력 강화사업 『2026 대구국제로봇산업전』 참가기업 모집 공고_수정.hwp,174592,api\PBLN_000000000124423\0_[공고문] 2026년 첨단로봇 산업육성 및 글로벌 경쟁력 강화사업 『2026 대구국제로봇산업전』 참가기업 모집 공고_수정.hwp,
PBLN_000000000124422,0,https://www.bizinfo.go.kr/cmm/fms/getImageFile.do?atchFileId=FILE_000000000764790&fileSn=0,ok,200,application/x-download,2-1 공고문_수요기술 공급 지원 컨설팅(2차)_260715.pdf,215918,api\PBLN_000000000124422\0_2-1 공고문_수요기술 공급 지원 컨설팅(2차)_260715.pdf,
PBLN_000000000124419,0,https://www.bizinfo.go.kr/cmm/fms/getImageFile.do?atchFileId=FILE_000000000764784&fileSn=1,ok,200,application/x-download,붙임1. 2026. 청년창업 아이디에이션 4.0 참가자 모집 공고문.pdf,203212,api\PBLN_000000000124419\0_붙임1. 2026. 청년창업 아이디에이션 4.0 참가자 모집 공고문.pdf,
PBLN_000000000124404,0,https://www.bizinfo.go.kr/cmm/fms/getImageFile.do?atchFileId=FILE_000000000764740&fileSn=1,ok,200,application/x-download,붙임1. 2026 콘텐츠IP 마켓 참가기업 모집공고+.pdf,162426,api\PBLN_000000000124404\0_붙임1. 2026 콘텐츠IP 마켓 참가기업 모집공고+.pdf,
PBLN_000000000124402,0,https://www.bizinfo.go.kr/cmm/fms/getImageFile.do?atchFileId=FILE_000000000764677&fileSn=0,ok,200,application/x-download,한방바이오제천몰+웹상세페이지+제작+지원사업+공고문.pdf,120768,api\PBLN_000000000124402\0_한방바이오제천몰+웹상세페이지+제작+지원사업+공고문.pdf,
PBLN_000000000124392,0,https://www.bizinfo.go.kr/cmm/fms/getImageFile.do?atchFileId=FILE_000000000764583&fileSn=0,ok,200,application/x-download,2026년 하반기 과학기술정보통신부 혁신제품 지정제도 신청 공고문.hwpx,104161,api\PBLN_000000000124392\0_2026년 하반기 과학기술정보통신부 혁신제품 지정제도 신청 공고문.hwpx,
PBLN_000000000124380,0,https://www.bizinfo.go.kr/cmm/fms/getImageFile.do?atchFileId=FILE_000000000764612&fileSn=1,ok,200,application/x-download,[붙임1] 2026년 경기우수벤처기업 표창 공고.pdf,284254,api\PBLN_000000000124380\0_[붙임1] 2026년 경기우수벤처기업 표창 공고.pdf,
PBLN_000000000124379,0,https://www.bizinfo.go.kr/cmm/fms/getImageFile.do?atchFileId=FILE_000000000764602&fileSn=0,ok,200,application/x-download,무역구제 조사·상담 컨설팅 지원 접수 안내.pdf,180709,api\PBLN_000000000124379\0_무역구제 조사·상담 컨설팅 지원 접수 안내.pdf,
PBLN_000000000124378,0,https://www.bizinfo.go.kr/cmm/fms/getImageFile.do?atchFileId=FILE_000000000764604&fileSn=1,ok,200,application/x-download,2026년 시군구연고산업육성사업(고성군) 지원기업 4차 모집공고.hwp,91648,api\PBLN_000000000124378\0_2026년 시군구연고산업육성사업(고성군) 지원기업 4차 모집공고.hwp,
PBLN_000000000124376,0,https://www.bizinfo.go.kr/cmm/fms/getImageFile.do?atchFileId=FILE_000000000764593&fileSn=1,ok,200,application/x-download,2026년도 녹색인증 유공자 포상 신청 공고.hwpx,154456,api\PBLN_000000000124376\0_2026년도 녹색인증 유공자 포상 신청 공고.hwpx,
PBLN_000000000124375,0,https://www.bizinfo.go.kr/cmm/fms/getImageFile.do?atchFileId=FILE_000000000764591&fileSn=1,ok,200,application/x-download,(공고문)2026년_해외규격인증획득지원사업(일반지원)_참여기업_모집공고(2차).pdf,717612,api\PBLN_000000000124375\0_(공고문)2026년_해외규격인증획득지원사업(일반지원)_참여기업_모집공고(2차).pdf,
PBLN_000000000124360,0,https://www.bizinfo.go.kr/cmm/fms/getImageFile.do?atchFileId=FILE_000000000764534&fileSn=0,ok,200,application/x-download,붙임 1. 2026년 시스템반도체 개발 인프라 활용 지원 사업 [계측 인프라 부문] 기업 모집 공고문(추가 모집 공고).pdf,149509,api\PBLN_000000000124360\0_붙임 1. 2026년 시스템반도체 개발 인프라 활용 지원 사업 [계측 인프라 부문] 기업 모집 공고문(추가 모집 공고).pdf,
PBLN_000000000124359,0,https://www.bizinfo.go.kr/cmm/fms/getImageFile.do?atchFileId=FILE_000000000764529&fileSn=0,ok,200,application/x-download,2026 공공데이터 활용기업 AI연계 맞춤형 성장 지원사업모집 공고문_F+.pdf,192115,api\PBLN_000000000124359\0_2026 공공데이터 활용기업 AI연계 맞춤형 성장 지원사업모집 공고문_F+.pdf,
PBLN_000000000124357,0,https://www.bizinfo.go.kr/cmm/fms/getImageFile.do?atchFileId=FILE_000000000764527&fileSn=1,ok,200,application/x-download,붙임1. [공고문] 권역별 핵심산업 신규입직자 정착 지원(5차)_배포용.hwp,589824,api\PBLN_000000000124357\0_붙임1. [공고문] 권역별 핵심산업 신규입직자 정착 지원(5차)_배포용.hwp,
PBLN_000000000124347,0,https://www.bizinfo.go.kr/cmm/fms/getImageFile.do?atchFileId=FILE_000000000764444&fileSn=1,ok,200,application/x-download,2026년 산학융합지구 조성사업(기업밀착형 산학융합촉진)] 프로젝트LAB  지원사업 공고.pdf,626295,api\PBLN_000000000124347\0_2026년 산학융합지구 조성사업(기업밀착형 산학융합촉진)] 프로젝트LAB  지원사업 공고.pdf,
PBLN_000000000124346,0,https://www.bizinfo.go.kr/cmm/fms/getImageFile.do?atchFileId=FILE_000000000764437&fileSn=0,ok,200,application/x-download,[붙임1] 2026년 충청북도 기숙사임차비지원사업 모집공고문(충주).pdf,516989,api\PBLN_000000000124346\0_[붙임1] 2026년 충청북도 기숙사임차비지원사업 모집공고문(충주).pdf,
PBLN_000000000124341,0,https://www.bizinfo.go.kr/cmm/fms/getImageFile.do?atchFileId=FILE_000000000764421&fileSn=0,ok,200,application/x-download,붙임1-2026년-온라인-K-SEAFOOD-판매-전용관-운영-사업-입점-제품-하반기-모집공고.hwp,949760,api\PBLN_000000000124341\0_붙임1-2026년-온라인-K-SEAFOOD-판매-전용관-운영-사업-입점-제품-하반기-모집공고.hwp,
PBLN_000000000124333,0,https://www.bizinfo.go.kr/cmm/fms/getImageFile.do?atchFileId=FILE_000000000764398&fileSn=0,ok,200,application/x-download,2026년 산학융합지구 조성사업(기업밀착형 산학융합촉진)] 산학융합R&D 지원사업 공고.pdf,670323,api\PBLN_000000000124333\0_2026년 산학융합지구 조성사업(기업밀착형 산학융합촉진)] 산학융합R&D 지원사업 공고.pdf,
PBLN_000000000124332,0,https://www.bizinfo.go.kr/cmm/fms/getImageFile.do?atchFileId=FILE_000000000764396&fileSn=2,ok,200,application/x-download,1.1._경북국방벤처 2026년 하반기 협약기업 모집 공고문.pdf,324675,api\PBLN_000000000124332\0_1.1._경북국방벤처 2026년 하반기 협약기업 모집 공고문.pdf,
PBLN_000000000124325,0,https://www.bizinfo.go.kr/cmm/fms/getImageFile.do?atchFileId=FILE_000000000764376&fileSn=0,ok,200,application/x-download,(공고문) 2026년 조달청 벤처나라 추천기업 모집 공고.pdf,236866,api\PBLN_000000000124325\0_(공고문) 2026년 조달청 벤처나라 추천기업 모집 공고.pdf,
PBLN_000000000124315,0,https://www.bizinfo.go.kr/cmm/fms/getImageFile.do?atchFileId=FILE_000000000764348&fileSn=0,ok,200,application/x-download,2026년 서울시 중장년 채용박람회 권역별 참여기업 모집 공고.pdf,1955020,api\PBLN_000000000124315\0_2026년 서울시 중장년 채용박람회 권역별 참여기업 모집 공고.pdf,
PBLN_000000000124309,0,https://www.bizinfo.go.kr/cmm/fms/getImageFile.do?atchFileId=FILE_000000000764329&fileSn=1,ok,200,application/x-download,붙임 1. 공고(안).pdf,214424,api\PBLN_000000000124309\0_붙임 1. 공고(안).pdf,
PBLN_000000000124308,0,https://www.bizinfo.go.kr/cmm/fms/getImageFile.do?atchFileId=FILE_000000000764266&fileSn=1,ok,200,application/x-download,붙임1._2026_해오름동맹_첨단이차전지_연대협력사업_기업지원_모집공고_상시_.hwp,180224,api\PBLN_000000000124308\0_붙임1._2026_해오름동맹_첨단이차전지_연대협력사업_기업지원_모집공고_상시_.hwp,
PBLN_000000000124307,0,https://www.bizinfo.go.kr/cmm/fms/getImageFile.do?atchFileId=FILE_000000000764262&fileSn=1,ok,200,application/x-download,1.+2026항공부품고도화기술지원사업+인증+및+컨설팅+공고문.hwp,61440,api\PBLN_000000000124307\0_1.+2026항공부품고도화기술지원사업+인증+및+컨설팅+공고문.hwp,
PBLN_000000000124304,0,https://www.bizinfo.go.kr/cmm/fms/getImageFile.do?atchFileId=FILE_000000000764228&fileSn=0,ok,200,application/x-download,(공고문)「2026년 울릉군 소상공인 카드수수료 지원사업」 참여 점포 모집 공고문.pdf,255075,api\PBLN_000000000124304\0_(공고문)「2026년 울릉군 소상공인 카드수수료 지원사업」 참여 점포 모집 공고문.pdf,
PBLN_000000000124300,0,https://www.bizinfo.go.kr/cmm/fms/getImageFile.do?atchFileId=FILE_000000000764246&fileSn=0,ok,200,application/x-download,AIoT융합부품 성능검증시스템 고도화사업 수시모집 공고문.hwp,32768,api\PBLN_000000000124300\0_AIoT융합부품 성능검증시스템 고도화사업 수시모집 공고문.hwp,
PBLN_000000000124299,0,https://www.bizinfo.go.kr/cmm/fms/getImageFile.do?atchFileId=FILE_000000000764224&fileSn=0,ok,200,application/x-download,(공고문)국가기술표준원 공고 제2026-220호 `26년 제3회 GR 인증 신규신청 및 유효기간 연장신청 접수 공고.pdf,297973,api\PBLN_000000000124299\0_(공고문)국가기술표준원 공고 제2026-220호 `26년 제3회 GR 인증 신규신청 및 유효기간 연장신청 접수 공고.pdf,
PBLN_000000000124295,0,https://www.bizinfo.go.kr/cmm/fms/getImageFile.do?atchFileId=FILE_000000000764222&fileSn=0,ok,200,application/x-download,공고문_신청서식(우체국쇼핑몰).hwpx,89991,api\PBLN_000000000124295\0_공고문_신청서식(우체국쇼핑몰).hwpx,
PBLN_000000000124279,0,https://www.bizinfo.go.kr/cmm/fms/getImageFile.do?atchFileId=FILE_000000000764168&fileSn=0,ok,200,application/x-download,26년_창업BuS_홍보포스터-_복사본.pdf,121956,api\PBLN_000000000124279\0_26년_창업BuS_홍보포스터-_복사본.pdf,
PBLN_000000000124274,0,https://www.bizinfo.go.kr/cmm/fms/getImageFile.do?atchFileId=FILE_000000000764162&fileSn=0,ok,200,application/x-download,붙임1. 2026년 그린바이오 소재 첨단분석시스템 활성화 지원사업(장비 활용) 수혜기업 모집 공고문.pdf,379144,api\PBLN_000000000124274\0_붙임1. 2026년 그린바이오 소재 첨단분석시스템 활성화 지원사업(장비 활용) 수혜기업 모집 공고문.pdf,
PBLN_000000000124273,0,https://www.bizinfo.go.kr/cmm/fms/getImageFile.do?atchFileId=FILE_000000000764160&fileSn=1,ok,200,application/x-download,1.2026년 청년일자리도약장려금 사업 안내기업 배부용.pdf,141073,api\PBLN_000000000124273\0_1.2026년 청년일자리도약장려금 사업 안내기업 배부용.pdf,
PBLN_000000000124272,0,https://www.bizinfo.go.kr/cmm/fms/getImageFile.do?atchFileId=FILE_000000000764150&fileSn=0,ok,200,application/x-download,1. 2026 인도네시아 발명가의 날 국제발명전시회 참가 모집 공고.pdf,579835,api\PBLN_000000000124272\0_1. 2026 인도네시아 발명가의 날 국제발명전시회 참가 모집 공고.pdf,
PBLN_000000000124271,0,https://www.bizinfo.go.kr/cmm/fms/getImageFile.do?atchFileId=FILE_000000000764156&fileSn=0,ok,200,application/x-download,2026_대한민국발명특허대전_출품_신청_안내(상세본).pdf,728396,api\PBLN_000000000124271\0_2026_대한민국발명특허대전_출품_신청_안내(상세본).pdf,
PBLN_000000000124269,0,https://www.bizinfo.go.kr/cmm/fms/getImageFile.do?atchFileId=FILE_000000000764153&fileSn=0,ok,200,application/x-download,2026ICT이노베이션확산사업_기업협력 프로젝트_참여기업 모집.pdf,2134154,api\PBLN_000000000124269\0_2026ICT이노베이션확산사업_기업협력 프로젝트_참여기업 모집.pdf,
PBLN_000000000124268,0,https://www.bizinfo.go.kr/cmm/fms/getImageFile.do?atchFileId=FILE_000000000764151&fileSn=0,ok,200,application/x-download,[공고문] 「2026년 수출기업 외국어 통번역 사업」 참가기업 모집공고.pdf,111787,api\PBLN_000000000124268\0_[공고문] 「2026년 수출기업 외국어 통번역 사업」 참가기업 모집공고.pdf,
PBLN_000000000124266,0,https://www.bizinfo.go.kr/cmm/fms/getImageFile.do?atchFileId=FILE_000000000764127&fileSn=0,ok,200,application/x-download,2026 대구 동남아 기계부품 무역사절단 기업모집 안내_0710.hwp,52736,api\PBLN_000000000124266\0_2026 대구 동남아 기계부품 무역사절단 기업모집 안내_0710.hwp,
PBLN_000000000124254,0,https://www.bizinfo.go.kr/cmm/fms/getImageFile.do?atchFileId=FILE_000000000764062&fileSn=0,ok,200,application/x-download,공고문.hwp,507904,api\PBLN_000000000124254\0_공고문.hwp,
PBLN_000000000124248,0,https://www.bizinfo.go.kr/cmm/fms/getImageFile.do?atchFileId=FILE_000000000764042&fileSn=0,ok,200,application/x-download,01.2026년지역특화스마트공장구축지원사업공고문(안)_추가모집(수시모집).pdf,409024,api\PBLN_000000000124248\0_01.2026년지역특화스마트공장구축지원사업공고문(안)_추가모집(수시모집).pdf,
PBLN_000000000124246,0,https://www.bizinfo.go.kr/cmm/fms/getImageFile.do?atchFileId=FILE_000000000764039&fileSn=1,ok,200,application/x-download,공고문 및 신청서식(1~3).hwpx,74696,api\PBLN_000000000124246\0_공고문 및 신청서식(1~3).hwpx,
PBLN_000000000124232,0,https://www.bizinfo.go.kr/cmm/fms/getImageFile.do?atchFileId=FILE_000000000763995&fileSn=1,ok,200,application/x-download,2026년도_투·융자연계_기술개발사업(스케일업팁스.글로벌팁스.DCP)_지원계획_수정 공고.pdf,3267653,api\PBLN_000000000124232\0_2026년도_투·융자연계_기술개발사업(스케일업팁스.글로벌팁스.DCP)_지원계획_수정 공고.pdf,
PBLN_000000000124229,0,https://www.bizinfo.go.kr/cmm/fms/getImageFile.do?atchFileId=FILE_000000000763979&fileSn=0,ok,200,application/x-download,[붙임 1] 2026 기술자료 임치 수수료 지원 안내 공고문.pdf,78750,api\PBLN_000000000124229\0_[붙임 1] 2026 기술자료 임치 수수료 지원 안내 공고문.pdf,
PBLN_000000000124223,0,https://www.bizinfo.go.kr/cmm/fms/getImageFile.do?atchFileId=FILE_000000000763967&fileSn=1,ok,200,application/x-download,「2026년 수출기업 통상경쟁력 강화 지원(수출물류)」모집 변경공고.pdf,314170,api\PBLN_000000000124223\0_「2026년 수출기업 통상경쟁력 강화 지원(수출물류)」모집 변경공고.pdf,
PBLN_000000000124218,0,https://www.bizinfo.go.kr/cmm/fms/getImageFile.do?atchFileId=FILE_000000000763949&fileSn=0,ok,200,application/x-download,2026 사회적경제 온라인 판로 활성화 사업 「11번가 기획전」 참여기업 모집 공고.pdf,130926,api\PBLN_000000000124218\0_2026 사회적경제 온라인 판로 활성화 사업 「11번가 기획전」 참여기업 모집 공고.pdf,
PBLN_000000000124214,0,https://www.bizinfo.go.kr/cmm/fms/getImageFile.do?atchFileId=FILE_000000000763941&fileSn=0,ok,200,application/x-download,붙임1. 2026년 SW제품경쟁력강화 지원사업 공고문.pdf,299224,api\PBLN_000000000124214\0_붙임1. 2026년 SW제품경쟁력강화 지원사업 공고문.pdf,
PBLN_000000000124208,0,https://www.bizinfo.go.kr/cmm/fms/getImageFile.do?atchFileId=FILE_000000000763925&fileSn=0,ok,200,application/x-download,참가기업 모집 포스터.pdf,895144,api\PBLN_000000000124208\0_참가기업 모집 포스터.pdf,
PBLN_000000000124193,0,https://www.bizinfo.go.kr/cmm/fms/getImageFile.do?atchFileId=FILE_000000000763824&fileSn=0,ok,200,application/x-download,2026년 속초시 전시박람회 참가 지원사업 참가기업 2차 추가 모집 공고 및 신청서식.hwp,79872,api\PBLN_000000000124193\0_2026년 속초시 전시박람회 참가 지원사업 참가기업 2차 추가 모집 공고 및 신청서식.hwp,
PBLN_000000000124179,0,https://www.bizinfo.go.kr/cmm/fms/getImageFile.do?atchFileId=FILE_000000000763784&fileSn=2,ok,200,application/x-download,(공고문)2026년 여수시 소상공인 융자금 이차보전 지원 계획 변경 공고.pdf,349242,api\PBLN_000000000124179\0_(공고문)2026년 여수시 소상공인 융자금 이차보전 지원 계획 변경 공고.pdf,
PBLN_000000000124174,0,https://www.bizinfo.go.kr/cmm/fms/getImageFile.do?atchFileId=FILE_000000000763758&fileSn=1,ok,200,application/x-download,붙임_1. [공고문] 2026년 인천지역 중소기업 정보보호 특화 지원사업 수요기업 모집.pdf,441829,api\PBLN_000000000124174\0_붙임_1. [공고문] 2026년 인천지역 중소기업 정보보호 특화 지원사업 수요기업 모집.pdf,
PBLN_000000000124171,0,https://www.bizinfo.go.kr/cmm/fms/getImageFile.do?atchFileId=FILE_000000000763764&fileSn=0,ok,200,application/x-download,2026년 휴머노이드 로봇 안전인증센터 기업지원 공고문.hwp,126464,api\PBLN_000000000124171\0_2026년 휴머노이드 로봇 안전인증센터 기업지원 공고문.hwp,
PBLN_000000000124159,0,https://www.bizinfo.go.kr/cmm/fms/getImageFile.do?atchFileId=FILE_000000000763723&fileSn=1,ok,200,application/x-download,2026 인천광역시노사민정협의회 방호장치 및 휴게시설 개선 지원사업 공고문.hwp,93184,api\PBLN_000000000124159\0_2026 인천광역시노사민정협의회 방호장치 및 휴게시설 개선 지원사업 공고문.hwp,
PBLN_000000000124154,0,https://www.bizinfo.go.kr/cmm/fms/getImageFile.do?atchFileId=FILE_000000000763708&fileSn=0,ok,200,application/x-download,(공고문)2026년+중소기업+빅데이터+분석+활용+지원사업(데이터+가치평가)+참가기업+모집.hwpx,138009,api\PBLN_000000000124154\0_(공고문)2026년+중소기업+빅데이터+분석+활용+지원사업(데이터+가치평가)+참가기업+모집.hwpx,
PBLN_000000000124152,0,https://www.bizinfo.go.kr/cmm/fms/getImageFile.do?atchFileId=FILE_000000000763702&fileSn=1,ok,200,application/x-download,2026년_연천군_우리동네_맑은공기_패키지_지원사업_공고문_+.pdf,282684,api\PBLN_000000000124152\0_2026년_연천군_우리동네_맑은공기_패키지_지원사업_공고문_+.pdf,
PBLN_000000000124130,0,https://www.bizinfo.go.kr/cmm/fms/getImageFile.do?atchFileId=FILE_000000000763601&fileSn=1,ok,200,application/x-download,AX 지원사업_공고(4차 상시)+.pdf,371051,api\PBLN_000000000124130\0_AX 지원사업_공고(4차 상시)+.pdf,
PBLN_000000000124128,0,https://www.bizinfo.go.kr/cmm/fms/getImageFile.do?atchFileId=FILE_000000000763587&fileSn=0,ok,200,application/x-download,붙임1. (공고문) 2026년 「경기도 반려동물 창업 공모전」 참가자 모집(v1.0)).hwp,189952,api\PBLN_000000000124128\0_붙임1. (공고문) 2026년 「경기도 반려동물 창업 공모전」 참가자 모집(v1.0)).hwp,
PBLN_000000000124122,0,https://www.bizinfo.go.kr/cmm/fms/getImageFile.do?atchFileId=FILE_000000000763567&fileSn=1,ok,200,application/x-download,2026년 KOLAS 공인 시험성적서 발급 지원 공고.pdf,175302,api\PBLN_000000000124122\0_2026년 KOLAS 공인 시험성적서 발급 지원 공고.pdf,
PBLN_000000000124121,0,https://www.bizinfo.go.kr/cmm/fms/getImageFile.do?atchFileId=FILE_000000000763571&fileSn=1,ok,200,application/x-download,[공고] 2026년 ｢기업 전시회 참가 지원사업｣ 3차 모집공고(국내 전시회(공동관)).pdf,508858,api\PBLN_000000000124121\0_[공고] 2026년 ｢기업 전시회 참가 지원사업｣ 3차 모집공고(국내 전시회(공동관)).pdf,
PBLN_000000000124120,0,https://www.bizinfo.go.kr/cmm/fms/getImageFile.do?atchFileId=FILE_000000000763547&fileSn=0,ok,200,application/x-download,2026년 산업부 혁신제품 지정 컨설팅 지원사업 참여기업 모집공고+.pdf,341534,api\PBLN_000000000124120\0_2026년 산업부 혁신제품 지정 컨설팅 지원사업 참여기업 모집공고+.pdf,
PBLN_000000000124111,0,https://www.bizinfo.go.kr/cmm/fms/getImageFile.do?atchFileId=FILE_000000000763531&fileSn=1,ok,200,application/x-download,2026년 하반기 부천시 중소기업육성자금 지원 계획 공고.hwpx,526082,api\PBLN_000000000124111\0_2026년 하반기 부천시 중소기업육성자금 지원 계획 공고.hwpx,
PBLN_000000000124107,0,https://www.bizinfo.go.kr/cmm/fms/getImageFile.do?atchFileId=FILE_000000000763521&fileSn=0,ok,200,application/x-download,서울시 소상공인 온라인 유통 MD 상담 지원 공고문.docx,28287,api\PBLN_000000000124107\0_서울시 소상공인 온라인 유통 MD 상담 지원 공고문.docx,
PBLN_000000000124089,0,https://www.bizinfo.go.kr/cmm/fms/getImageFile.do?atchFileId=FILE_000000000763459&fileSn=1,ok,200,application/x-download,모집공고.hwpx,123488,api\PBLN_000000000124089\0_모집공고.hwpx,
PBLN_000000000124086,0,https://www.bizinfo.go.kr/cmm/fms/getImageFile.do?atchFileId=FILE_000000000763451&fileSn=1,ok,200,application/x-download,1.+2026년+뷰티라이브커머스+참여기업+모집+공고.hwp,75264,api\PBLN_000000000124086\0_1.+2026년+뷰티라이브커머스+참여기업+모집+공고.hwp,
PBLN_000000000124085,0,https://www.bizinfo.go.kr/cmm/fms/getImageFile.do?atchFileId=FILE_000000000763447&fileSn=1,ok,200,application/x-download,2026년 제3차 고령친화우수식품 신규지정 공고 계획 공고문+.pdf,612569,api\PBLN_000000000124085\0_2026년 제3차 고령친화우수식품 신규지정 공고 계획 공고문+.pdf,
PBLN_000000000124081,0,https://www.bizinfo.go.kr/cmm/fms/getImageFile.do?atchFileId=FILE_000000000763425&fileSn=0,ok,200,application/x-download,붙임 1. (공고문) 2026년 중고로봇 재제조 로봇리퍼브센터 기반구축 기업지원사업(기술지도) 모집공고.pdf,453205,api\PBLN_000000000124081\0_붙임 1. (공고문) 2026년 중고로봇 재제조 로봇리퍼브센터 기반구축 기업지원사업(기술지도) 모집공고.pdf,
PBLN_000000000124055,0,https://www.bizinfo.go.kr/cmm/fms/getImageFile.do?atchFileId=FILE_000000000763301&fileSn=1,ok,200,application/x-download,(붙임) 2026년도 재생에너지 금융지원사업 지원 변경 공고.hwpx,147180,api\PBLN_000000000124055\0_(붙임) 2026년도 재생에너지 금융지원사업 지원 변경 공고.hwpx,
PBLN_000000000124046,0,https://www.bizinfo.go.kr/cmm/fms/getImageFile.do?atchFileId=FILE_000000000763267&fileSn=0,ok,200,application/x-download,사회적가치형청년일경험지원사업신청서식기업용.hwp,1430016,api\PBLN_000000000124046\0_사회적가치형청년일경험지원사업신청서식기업용.hwp,
PBLN_000000000124045,0,https://www.bizinfo.go.kr/cmm/fms/getImageFile.do?atchFileId=FILE_000000000763269&fileSn=1,ok,200,application/x-download,1. 2026 서울기후테크산업지원센터 경영 및 기술컨설팅(멘토링) 안내문.hwp,55808,api\PBLN_000000000124045\0_1. 2026 서울기후테크산업지원센터 경영 및 기술컨설팅(멘토링) 안내문.hwp,
PBLN_000000000124043,0,https://www.bizinfo.go.kr/cmm/fms/getImageFile.do?atchFileId=FILE_000000000763263&fileSn=1,ok,200,application/x-download,[공고문] 2026년 물리화학적 시험평가인증 지원사업 (2차).pdf,102980,api\PBLN_000000000124043\0_[공고문] 2026년 물리화학적 시험평가인증 지원사업 (2차).pdf,
PBLN_000000000124020,0,https://www.bizinfo.go.kr/cmm/fms/getImageFile.do?atchFileId=FILE_000000000763183&fileSn=1,ok,200,application/x-download,2026년도_윈윈_아너스(WIN-WIN_HONORS)프로젝트_추진계획_공고(2차)_(최종).pdf,693727,api\PBLN_000000000124020\0_2026년도_윈윈_아너스(WIN-WIN_HONORS)프로젝트_추진계획_공고(2차)_(최종).pdf,
PBLN_000000000123983,0,https://www.bizinfo.go.kr/cmm/fms/getImageFile.do?atchFileId=FILE_000000000763029&fileSn=1,ok,200,application/x-download,2026년 상시컨설팅.pdf,1018782,api\PBLN_000000000123983\0_2026년 상시컨설팅.pdf,
PBLN_000000000123982,0,https://www.bizinfo.go.kr/cmm/fms/getImageFile.do?atchFileId=FILE_000000000763021&fileSn=0,ok,200,application/x-download,[공고] 창원 강소특구 이노테크 기업 육성(SPDM 기반 맞춤형 시뮬레이션 지원).hwp,147456,api\PBLN_000000000123982\0_[공고] 창원 강소특구 이노테크 기업 육성(SPDM 기반 맞춤형 시뮬레이션 지원).hwp,
PBLN_000000000123973,0,https://www.bizinfo.go.kr/cmm/fms/getImageFile.do?atchFileId=FILE_000000000762989&fileSn=0,ok,200,application/x-download,붙임. 2026년 마이데이터 전문가 상시자문 지원 안내문.pdf,98584,api\PBLN_000000000123973\0_붙임. 2026년 마이데이터 전문가 상시자문 지원 안내문.pdf,
PBLN_000000000123968,0,https://www.bizinfo.go.kr/cmm/fms/getImageFile.do?atchFileId=FILE_000000000762974&fileSn=0,ok,200,application/x-download,1. [재공고] 공고문(2026년 경상북도 규제샌드박스 지원사업).pdf,202460,api\PBLN_000000000123968\0_1. [재공고] 공고문(2026년 경상북도 규제샌드박스 지원사업).pdf,
PBLN_000000000123966,0,https://www.bizinfo.go.kr/cmm/fms/getImageFile.do?atchFileId=FILE_000000000762972&fileSn=0,ok,200,application/x-download,붙임 1. 2026년 나노 소재제품 시험평가지원 참여기업 상시 모집 공고+.pdf,303728,api\PBLN_000000000123966\0_붙임 1. 2026년 나노 소재제품 시험평가지원 참여기업 상시 모집 공고+.pdf,
PBLN_000000000123961,0,https://www.bizinfo.go.kr/cmm/fms/getImageFile.do?atchFileId=FILE_000000000762962&fileSn=1,ok,200,application/x-download,제2026-270호_2026년+고위험산업+사각지대+집중관리사업+3차+추가모집+공고문_안전보호구+지원+.pdf,293594,api\PBLN_000000000123961\0_제2026-270호_2026년+고위험산업+사각지대+집중관리사업+3차+추가모집+공고문_안전보호구+지원+.pdf,
PBLN_000000000123939,0,https://www.bizinfo.go.kr/cmm/fms/getImageFile.do?atchFileId=FILE_000000000762855&fileSn=1,ok,200,application/x-download,2026 중소기업 해외인증 획득 지원사업 참가 기업 모집 공고문.hwp,160768,api\PBLN_000000000123939\0_2026 중소기업 해외인증 획득 지원사업 참가 기업 모집 공고문.hwp,
PBLN_000000000123926,0,https://www.bizinfo.go.kr/cmm/fms/getImageFile.do?atchFileId=FILE_000000000762817&fileSn=0,ok,200,application/x-download,2026 디지털커머스 전문기관(소담스퀘어 in 전남)2.pdf,600016,api\PBLN_000000000123926\0_2026 디지털커머스 전문기관(소담스퀘어 in 전남)2.pdf,
PBLN_000000000123923,0,https://www.bizinfo.go.kr/cmm/fms/getImageFile.do?atchFileId=FILE_000000000762811&fileSn=1,ok,200,application/x-download,2026년 하반기 중소기업 산업인증비용 지원사업 공고문수정.hwp,168448,api\PBLN_000000000123923\0_2026년 하반기 중소기업 산업인증비용 지원사업 공고문수정.hwp,
PBLN_000000000123922,0,https://www.bizinfo.go.kr/cmm/fms/getImageFile.do?atchFileId=FILE_000000000762797&fileSn=0,ok,200,application/x-download,2026년 중소·중견기업 수입규제 대응 컨설팅 안내.pdf,659343,api\PBLN_000000000123922\0_2026년 중소·중견기업 수입규제 대응 컨설팅 안내.pdf,
PBLN_000000000123915,0,https://www.bizinfo.go.kr/cmm/fms/getImageFile.do?atchFileId=FILE_000000000762787&fileSn=0,ok,200,application/x-download,2026 서울시 중소기업 워라밸 포인트제 적립 운영 안내.hwp,90112,api\PBLN_000000000123915\0_2026 서울시 중소기업 워라밸 포인트제 적립 운영 안내.hwp,
PBLN_000000000123907,0,https://www.bizinfo.go.kr/cmm/fms/getImageFile.do?atchFileId=FILE_000000000762719&fileSn=2,ok,200,application/x-download,2026년 하반기 진주시 중소기업육성기금 지원계획 공고.pdf,583614,api\PBLN_000000000123907\0_2026년 하반기 진주시 중소기업육성기금 지원계획 공고.pdf,
PBLN_000000000123905,0,https://www.bizinfo.go.kr/cmm/fms/getImageFile.do?atchFileId=FILE_000000000762711&fileSn=1,ok,200,application/x-download,2026 충북 기술닥터 기업애로상담 프로그램 수요기업 모집 공고문.pdf,402362,api\PBLN_000000000123905\0_2026 충북 기술닥터 기업애로상담 프로그램 수요기업 모집 공고문.pdf,
PBLN_000000000123904,0,https://www.bizinfo.go.kr/cmm/fms/getImageFile.do?atchFileId=FILE_000000000762670&fileSn=1,ok,200,application/x-download,산업안전보건 국제표준 인증기업 지원사업 공고(하반기).hwp,144896,api\PBLN_000000000123904\0_산업안전보건 국제표준 인증기업 지원사업 공고(하반기).hwp,
PBLN_000000000123901,0,https://www.bizinfo.go.kr/cmm/fms/getImageFile.do?atchFileId=FILE_000000000762693&fileSn=1,ok,200,application/x-download,★2026년 청년 소상공인 창업응원금 지원사업 참여자 모집(3분기) 공고문.hwp,105472,api\PBLN_000000000123901\0_★2026년 청년 소상공인 창업응원금 지원사업 참여자 모집(3분기) 공고문.hwp,
PBLN_000000000123900,0,https://www.bizinfo.go.kr/cmm/fms/getImageFile.do?atchFileId=FILE_000000000762687&fileSn=0,ok,200,application/x-download,2026년 고양시 영상기업 활용 인센티브 사업 공고문(2차).hwp,143360,api\PBLN_000000000123900\0_2026년 고양시 영상기업 활용 인센티브 사업 공고문(2차).hwp,
PBLN_000000000123877,0,https://www.bizinfo.go.kr/cmm/fms/getImageFile.do?atchFileId=FILE_000000000762611&fileSn=0,ok,200,application/x-download,2026년 국제크루즈 관광객 유치 인센티브 지원 변경 공고.pdf,129911,api\PBLN_000000000123877\0_2026년 국제크루즈 관광객 유치 인센티브 지원 변경 공고.pdf,
PBLN_000000000123874,0,https://www.bizinfo.go.kr/cmm/fms/getImageFile.do?atchFileId=FILE_000000000762597&fileSn=0,ok,200,application/x-download,ULSAN EXPORT PLAZA 2026 해외바이어 초청 수출상담회 참가기업 모집공고.hwp,3879424,api\PBLN_000000000123874\0_ULSAN EXPORT PLAZA 2026 해외바이어 초청 수출상담회 참가기업 모집공고.hwp,
PBLN_000000000123863,0,https://www.bizinfo.go.kr/cmm/fms/getImageFile.do?atchFileId=FILE_000000000762564&fileSn=0,ok,200,application/x-download,붙임1. 「경기도 디스플레이 기술개발 지원사업」 기술실증 지원사업 공고문(2026).hwp,76800,api\PBLN_000000000123863\0_붙임1. 「경기도 디스플레이 기술개발 지원사업」 기술실증 지원사업 공고문(2026).hwp,
PBLN_000000000123862,0,https://www.bizinfo.go.kr/cmm/fms/getImageFile.do?atchFileId=FILE_000000000762560&fileSn=1,ok,200,application/x-download,(붙임 1) 2026년 하반기 경기지역 모빌리티 및 연관산업 지원사업 공고문_최종+.pdf,1072438,api\PBLN_000000000123862\0_(붙임 1) 2026년 하반기 경기지역 모빌리티 및 연관산업 지원사업 공고문_최종+.pdf,
PBLN_000000000123858,0,https://www.bizinfo.go.kr/cmm/fms/getImageFile.do?atchFileId=FILE_000000000762552&fileSn=0,ok,200,application/x-download,1. 2026 바이오메디컬 맞춤형 패키지 지원 프로그램 공고_.hwp,109568,api\PBLN_000000000123858\0_1. 2026 바이오메디컬 맞춤형 패키지 지원 프로그램 공고_.hwp,
PBLN_000000000123852,0,https://www.bizinfo.go.kr/cmm/fms/getImageFile.do?atchFileId=FILE_000000000762514&fileSn=0,ok,200,application/x-download,디지털+제품(서비스)+컨설팅+및+테스팅+지원+공고문.pdf,145044,api\PBLN_000000000123852\0_디지털+제품(서비스)+컨설팅+및+테스팅+지원+공고문.pdf,
PBLN_000000000123847,0,https://www.bizinfo.go.kr/cmm/fms/getImageFile.do?atchFileId=FILE_000000000762478&fileSn=0,ok,200,application/x-download,붙임 1. 2026년 ｢평택시 우수기업 선정 지원사업｣ 모집 공고.pdf,381160,api\PBLN_000000000123847\0_붙임 1. 2026년 ｢평택시 우수기업 선정 지원사업｣ 모집 공고.pdf,
PBLN_000000000123844,0,https://www.bizinfo.go.kr/cmm/fms/getImageFile.do?atchFileId=FILE_000000000762474&fileSn=1,ok,200,application/x-download,(붙임) 2026년 하반기 중장년 소상공인 디지털 전환지원 사업 모집공고+.pdf,1153769,api\PBLN_000000000123844\0_(붙임) 2026년 하반기 중장년 소상공인 디지털 전환지원 사업 모집공고+.pdf,
PBLN_000000000123842,0,https://www.bizinfo.go.kr/cmm/fms/getImageFile.do?atchFileId=FILE_000000000762454&fileSn=1,ok,200,application/x-download,2026년 하반기 위기 소상공인 조기발굴 및 선제지원(Track2) 모집공고+.pdf,1265508,api\PBLN_000000000123842\0_2026년 하반기 위기 소상공인 조기발굴 및 선제지원(Track2) 모집공고+.pdf,
PBLN_000000000123841,0,https://www.bizinfo.go.kr/cmm/fms/getImageFile.do?atchFileId=FILE_000000000762429&fileSn=0,ok,200,application/x-download,부산 게임&콘텐츠 기업을 위한 무료 법률 자문 오피스아워 상시 모집.pdf,459005,api\PBLN_000000000123841\0_부산 게임&콘텐츠 기업을 위한 무료 법률 자문 오피스아워 상시 모집.pdf,
PBLN_000000000123820,0,https://www.bizinfo.go.kr/cmm/fms/getImageFile.do?atchFileId=FILE_000000000762382&fileSn=1,ok,200,application/x-download,1. 공고문(사용후배터리)_상시모집.pdf,214193,api\PBLN_000000000123820\0_1. 공고문(사용후배터리)_상시모집.pdf,
PBLN_000000000123814,0,https://www.bizinfo.go.kr/cmm/fms/getImageFile.do?atchFileId=FILE_000000000762361&fileSn=0,ok,200,application/x-download,1. (공고문) 2026년 온실가스 국제감축사업_투자지원사업 3차.hwpx,87732,api\PBLN_000000000123814\0_1. (공고문) 2026년 온실가스 국제감축사업_투자지원사업 3차.hwpx,
PBLN_000000000123810,0,https://www.bizinfo.go.kr/cmm/fms/getImageFile.do?atchFileId=FILE_000000000762335&fileSn=0,ok,200,application/x-download,붙임1. 공고문.hwp,97792,api\PBLN_000000000123810\0_붙임1. 공고문.hwp,
PBLN_000000000123800,0,https://www.bizinfo.go.kr/cmm/fms/getImageFile.do?atchFileId=FILE_000000000762315&fileSn=0,ok,200,application/x-download,붙임_1. [공고문] 2026년 ICT 중소기업 정보보호 지원사업 수요기업 모집_인천센터.pdf,643499,api\PBLN_000000000123800\0_붙임_1. [공고문] 2026년 ICT 중소기업 정보보호 지원사업 수요기업 모집_인천센터.pdf,
PBLN_000000000123797,0,https://www.bizinfo.go.kr/cmm/fms/getImageFile.do?atchFileId=FILE_000000000762311&fileSn=0,ok,200,application/x-download,2026년 스마트 플래그십 스토어 (소담상회 with LOTTE ON).pdf,1885304,api\PBLN_000000000123797\0_2026년 스마트 플래그십 스토어 (소담상회 with LOTTE ON).pdf,
PBLN_000000000123795,0,https://www.bizinfo.go.kr/cmm/fms/getImageFile.do?atchFileId=FILE_000000000762289&fileSn=0,ok,200,application/x-download,[붙임] 2026년 찾아가는 1대1 교육(경영애로 개선 컨설팅) 시행 공고문.hwp,123392,api\PBLN_000000000123795\0_[붙임] 2026년 찾아가는 1대1 교육(경영애로 개선 컨설팅) 시행 공고문.hwp,
PBLN_000000000123790,0,https://www.bizinfo.go.kr/cmm/fms/getImageFile.do?atchFileId=FILE_000000000762291&fileSn=0,ok,200,application/x-download,세대통합형 안내 포스터(아이피시 관악지사).pdf,1681744,api\PBLN_000000000123790\0_세대통합형 안내 포스터(아이피시 관악지사).pdf,
PBLN_000000000123770,0,https://www.bizinfo.go.kr/cmm/fms/getImageFile.do?atchFileId=FILE_000000000762160&fileSn=1,ok,200,application/x-download,26년_지원사업_추가_공고문.pdf,255746,api\PBLN_000000000123770\0_26년_지원사업_추가_공고문.pdf,
PBLN_000000000123769,0,https://www.bizinfo.go.kr/cmm/fms/getImageFile.do?atchFileId=FILE_000000000762154&fileSn=0,ok,200,application/x-download,붙임1._2026년_인천광역시_중동_대응_긴급_수출바우처_지원사업_공고(안).pdf,288728,api\PBLN_000000000123769\0_붙임1._2026년_인천광역시_중동_대응_긴급_수출바우처_지원사업_공고(안).pdf,
PBLN_000000000123766,0,https://www.bizinfo.go.kr/cmm/fms/getImageFile.do?atchFileId=FILE_000000000762144&fileSn=0,ok,200,application/x-download,붙임 1. 2026년 충청북도 스마트공장 구축 자부담금 지원사업 수혜기업 모집 공고.pdf,194308,api\PBLN_000000000123766\0_붙임 1. 2026년 충청북도 스마트공장 구축 자부담금 지원사업 수혜기업 모집 공고.pdf,
PBLN_000000000123764,0,https://www.bizinfo.go.kr/cmm/fms/getImageFile.do?atchFileId=FILE_000000000762138&fileSn=1,ok,200,application/x-download,1. 수시_AI융합 의료기기 신뢰성 강화 및 성능 평가·실증 통합지원 사업.pdf,193456,api\PBLN_000000000123764\0_1. 수시_AI융합 의료기기 신뢰성 강화 및 성능 평가·실증 통합지원 사업.pdf,
PBLN_000000000123754,0,https://www.bizinfo.go.kr/cmm/fms/getImageFile.do?atchFileId=FILE_000000000762109&fileSn=1,ok,200,application/x-download,2026년 전라남도 협동조합 맞춤형 컨설팅 지원사업 공고문.hwp,76800,api\PBLN_000000000123754\0_2026년 전라남도 협동조합 맞춤형 컨설팅 지원사업 공고문.hwp,
PBLN_000000000123753,0,https://www.bizinfo.go.kr/cmm/fms/getImageFile.do?atchFileId=FILE_000000000762105&fileSn=0,ok,200,application/x-download,(붙임1)공고문.pdf,96924,api\PBLN_000000000123753\0_(붙임1)공고문.pdf,
PBLN_000000000123746,0,https://www.bizinfo.go.kr/cmm/fms/getImageFile.do?atchFileId=FILE_000000000762083&fileSn=1,ok,200,application/x-download,「2026년_소상공인_온라인_입점_지원사업」_참여_소상공인_모집_공고.hwp,116224,api\PBLN_000000000123746\0_「2026년_소상공인_온라인_입점_지원사업」_참여_소상공인_모집_공고.hwp,
PBLN_000000000123743,0,https://www.bizinfo.go.kr/cmm/fms/getImageFile.do?atchFileId=FILE_000000000762075&fileSn=0,ok,200,application/x-download,2026년_포천시_중소기업_전시(박람)회_출전_지원사업(2차)_공고문.hwp,93696,api\PBLN_000000000123743\0_2026년_포천시_중소기업_전시(박람)회_출전_지원사업(2차)_공고문.hwp,
PBLN_000000000123736,0,https://www.bizinfo.go.kr/cmm/fms/getImageFile.do?atchFileId=FILE_000000000762058&fileSn=0,ok,200,application/x-download,2026년 퇴직공무원 사회공헌사업 컨설팅 참여기업 모집 공고문(2차).hwp,163328,api\PBLN_000000000123736\0_2026년 퇴직공무원 사회공헌사업 컨설팅 참여기업 모집 공고문(2차).hwp,
PBLN_000000000123733,0,https://www.bizinfo.go.kr/cmm/fms/getImageFile.do?atchFileId=FILE_000000000762052&fileSn=0,ok,200,application/x-download,[붙임 1] 그린안전리모델링 모집공고문(하반기).hwp,1451008,api\PBLN_000000000123733\0_[붙임 1] 그린안전리모델링 모집공고문(하반기).hwp,
PBLN_000000000123725,0,https://www.bizinfo.go.kr/cmm/fms/getImageFile.do?atchFileId=FILE_000000000761964&fileSn=0,ok,200,application/x-download,(붙임1)소상공인 카드수수료 모집공고(청송군).hwp,107520,api\PBLN_000000000123725\0_(붙임1)소상공인 카드수수료 모집공고(청송군).hwp,
PBLN_000000000123719,0,https://www.bizinfo.go.kr/cmm/fms/getImageFile.do?atchFileId=FILE_000000000761954&fileSn=1,ok,200,application/x-download,1. 2026년 품질보증조달물품 지정계획 공고(3차).hwpx,66895,api\PBLN_000000000123719\0_1. 2026년 품질보증조달물품 지정계획 공고(3차).hwpx,
PBLN_000000000123713,0,https://www.bizinfo.go.kr/cmm/fms/getImageFile.do?atchFileId=FILE_000000000761944&fileSn=1,ok,200,application/x-download,[공고문] 강원 바이오-헬스케어 AI 대전환 수요기업 모집 공고.pdf,273725,api\PBLN_000000000123713\0_[공고문] 강원 바이오-헬스케어 AI 대전환 수요기업 모집 공고.pdf,
PBLN_000000000123711,0,https://www.bizinfo.go.kr/cmm/fms/getImageFile.do?atchFileId=FILE_000000000761928&fileSn=1,ok,200,application/x-download,전라남도 소상공인 육성자금지원계획 공고.hwpx,136080,api\PBLN_000000000123711\0_전라남도 소상공인 육성자금지원계획 공고.hwpx,
PBLN_000000000123709,0,https://www.bizinfo.go.kr/cmm/fms/getImageFile.do?atchFileId=FILE_000000000761918&fileSn=1,ok,200,application/x-download,강원특별자치도 공고 2026년 소상공인 경영안정자금(2차)★.pdf,791464,api\PBLN_000000000123709\0_강원특별자치도 공고 2026년 소상공인 경영안정자금(2차)★.pdf,
PBLN_000000000123701,0,https://www.bizinfo.go.kr/cmm/fms/getImageFile.do?atchFileId=FILE_000000000761902&fileSn=0,ok,200,application/x-download,공고문 인사노무관리 컨설팅 지원.hwp,71168,api\PBLN_000000000123701\0_공고문 인사노무관리 컨설팅 지원.hwp,
PBLN_000000000123696,0,https://www.bizinfo.go.kr/cmm/fms/getImageFile.do?atchFileId=FILE_000000000761836&fileSn=0,ok,200,application/x-download,공고문 노동존중 기업 모집.hwp,67584,api\PBLN_000000000123696\0_공고문 노동존중 기업 모집.hwp,
PBLN_000000000123695,0,https://www.bizinfo.go.kr/cmm/fms/getImageFile.do?atchFileId=FILE_000000000761834&fileSn=0,ok,200,application/x-download,공고문 취업규칙 제정· 개정 지원.hwp,75776,api\PBLN_000000000123695\0_공고문 취업규칙 제정· 개정 지원.hwp,
PBLN_000000000123682,0,https://www.bizinfo.go.kr/cmm/fms/getImageFile.do?atchFileId=FILE_000000000761778&fileSn=0,ok,200,application/x-download,2026년 ICT 중소기업 정보보호 지원 사업 수요기업 모집 공고문.hwpx,499011,api\PBLN_000000000123682\0_2026년 ICT 중소기업 정보보호 지원 사업 수요기업 모집 공고문.hwpx,
PBLN_000000000123669,0,https://www.bizinfo.go.kr/cmm/fms/getImageFile.do?atchFileId=FILE_000000000761755&fileSn=0,ok,200,application/x-download,붙임 1. 2026년 R&D 과제 발굴 및 기획 지원 공고.pdf,340891,api\PBLN_000000000123669\0_붙임 1. 2026년 R&D 과제 발굴 및 기획 지원 공고.pdf,
PBLN_000000000123666,0,https://www.bizinfo.go.kr/cmm/fms/getImageFile.do?atchFileId=FILE_000000000761739&fileSn=0,ok,200,application/x-download,2026년 광역이음프로젝트 공동 R&D일터 개선재직자 훈련 참여 기업 모집 3차 통합 공고.pdf,2745300,api\PBLN_000000000123666\0_2026년 광역이음프로젝트 공동 R&D일터 개선재직자 훈련 참여 기업 모집 3차 통합 공고.pdf,
PBLN_000000000123662,0,https://www.bizinfo.go.kr/cmm/fms/getImageFile.do?atchFileId=FILE_000000000761695&fileSn=0,ok,200,application/x-download,[붙임1] 2026 게임기업 컨설팅 지원사업 공고문.pdf,367421,api\PBLN_000000000123662\0_[붙임1] 2026 게임기업 컨설팅 지원사업 공고문.pdf,
PBLN_000000000123661,0,https://www.bizinfo.go.kr/cmm/fms/getImageFile.do?atchFileId=FILE_000000000761735&fileSn=1,ok,200,application/x-download,홍보리플렛_26년 중소사업장 유해화학물질 취급시설 안전관리 지원사업.pdf,3743885,api\PBLN_000000000123661\0_홍보리플렛_26년 중소사업장 유해화학물질 취급시설 안전관리 지원사업.pdf,
PBLN_000000000123648,0,https://www.bizinfo.go.kr/cmm/fms/getImageFile.do?atchFileId=FILE_000000000761691&fileSn=0,ok,200,application/x-download,붙임1._기업지원_공고문_산업혁신기반구축사업.pdf,253521,api\PBLN_000000000123648\0_붙임1._기업지원_공고문_산업혁신기반구축사업.pdf,
PBLN_000000000123647,0,https://www.bizinfo.go.kr/cmm/fms/getImageFile.do?atchFileId=FILE_000000000761669&fileSn=0,ok,200,application/x-download,붙임1_수정_._공고문_2026년_소규모사업장_노후_안전시설_개선_지원사업_상시.hwp,84992,api\PBLN_000000000123647\0_붙임1_수정_._공고문_2026년_소규모사업장_노후_안전시설_개선_지원사업_상시.hwp,
PBLN_000000000123640,0,https://www.bizinfo.go.kr/cmm/fms/getImageFile.do?atchFileId=FILE_000000000761658&fileSn=0,ok,200,application/x-download,붙임1._기업지원_공고문_산업혁신기반구축사업.pdf,253521,api\PBLN_000000000123640\0_붙임1._기업지원_공고문_산업혁신기반구축사업.pdf,
PBLN_000000000123626,0,https://www.bizinfo.go.kr/cmm/fms/getImageFile.do?atchFileId=FILE_000000000761592&fileSn=0,ok,200,application/x-download,2026 중국(난징. 충칭) 시장개척단 파견 참가기업 모집 공고문.hwpx,94720,api\PBLN_000000000123626\0_2026 중국(난징. 충칭) 시장개척단 파견 참가기업 모집 공고문.hwpx,
PBLN_000000000123596,0,https://www.bizinfo.go.kr/cmm/fms/getImageFile.do?atchFileId=FILE_000000000761501&fileSn=0,ok,200,application/x-download,포스터_2.pdf,890749,api\PBLN_000000000123596\0_포스터_2.pdf,
PBLN_000000000123587,0,https://www.bizinfo.go.kr/cmm/fms/getImageFile.do?atchFileId=FILE_000000000761471&fileSn=1,ok,200,application/x-download,1. 2026 동남 정보보호클러스터 보안 테스팅(경남) 지원사업 공고.pdf,150000,api\PBLN_000000000123587\0_1. 2026 동남 정보보호클러스터 보안 테스팅(경남) 지원사업 공고.pdf,
PBLN_000000000123544,0,https://www.bizinfo.go.kr/cmm/fms/getImageFile.do?atchFileId=FILE_000000000761312&fileSn=1,ok,200,application/x-download,2026년 가족친화인증기업 대상 직장문화개선 컨설팅 참여기업 모집공고.pdf,1499189,api\PBLN_000000000123544\0_2026년 가족친화인증기업 대상 직장문화개선 컨설팅 참여기업 모집공고.pdf,
PBLN_000000000123536,0,https://www.bizinfo.go.kr/cmm/fms/getImageFile.do?atchFileId=FILE_000000000761287&fileSn=0,ok,200,application/x-download,취·창업 CDP 지원 프로그램 [충청권 ICT 기업탐방·채용연계 참여기업 모집].pdf,2356921,api\PBLN_000000000123536\0_취·창업 CDP 지원 프로그램 [충청권 ICT 기업탐방·채용연계 참여기업 모집].pdf,
PBLN_000000000123523,0,https://www.bizinfo.go.kr/cmm/fms/getImageFile.do?atchFileId=FILE_000000000761156&fileSn=0,ok,200,application/x-download,2026년 바이오헬스 글로벌 수출부대비용 지원 신청 안내(상시모집)_.pdf,830658,api\PBLN_000000000123523\0_2026년 바이오헬스 글로벌 수출부대비용 지원 신청 안내(상시모집)_.pdf,
PBLN_000000000123513,0,https://www.bizinfo.go.kr/cmm/fms/getImageFile.do?atchFileId=FILE_000000000761152&fileSn=1,ok,200,application/x-download,[공고문] 먹거리골목 디지털 주문시스템 설치 지원사업 참여업소 모집 재공고+.pdf,154048,api\PBLN_000000000123513\0_[공고문] 먹거리골목 디지털 주문시스템 설치 지원사업 참여업소 모집 재공고+.pdf,
PBLN_000000000123494,0,https://www.bizinfo.go.kr/cmm/fms/getImageFile.do?atchFileId=FILE_000000000761087&fileSn=0,ok,200,application/x-download,국가신약개발사업 2026년 CDMO 사전상담 프로그램 2차 모집 공고.pdf,199662,api\PBLN_000000000123494\0_국가신약개발사업 2026년 CDMO 사전상담 프로그램 2차 모집 공고.pdf,
PBLN_000000000123481,0,https://www.bizinfo.go.kr/cmm/fms/getImageFile.do?atchFileId=FILE_000000000761055&fileSn=1,ok,200,application/x-download,기술컨설팅_지원기업_모집_공고문_Fn.pdf,121675,api\PBLN_000000000123481\0_기술컨설팅_지원기업_모집_공고문_Fn.pdf,
PBLN_000000000123478,0,https://www.bizinfo.go.kr/cmm/fms/getImageFile.do?atchFileId=FILE_000000000761037&fileSn=1,ok,200,application/x-download,2026년+연구개발장비+공동활용+지원사업_2차공고+.pdf,489793,api\PBLN_000000000123478\0_2026년+연구개발장비+공동활용+지원사업_2차공고+.pdf,
PBLN_000000000123466,0,https://www.bizinfo.go.kr/cmm/fms/getImageFile.do?atchFileId=FILE_000000000761005&fileSn=1,ok,200,application/x-download,붙임2. 2026년 기업지원 프로그램 공고_고신뢰_지능형_최종.pdf,408537,api\PBLN_000000000123466\0_붙임2. 2026년 기업지원 프로그램 공고_고신뢰_지능형_최종.pdf,
PBLN_000000000123451,0,https://www.bizinfo.go.kr/cmm/fms/getImageFile.do?atchFileId=FILE_000000000760919&fileSn=1,ok,200,application/x-download,152734_(공고문)기업지원 공통_취합.pdf,98494,api\PBLN_000000000123451\0_152734_(공고문)기업지원 공통_취합.pdf,
PBLN_000000000123429,0,https://www.bizinfo.go.kr/cmm/fms/getImageFile.do?atchFileId=FILE_000000000760867&fileSn=0,ok,200,application/x-download,(공고문) 2026 제주다양성영화 영화제 참가활동 지원사업 공고.pdf,264822,api\PBLN_000000000123429\0_(공고문) 2026 제주다양성영화 영화제 참가활동 지원사업 공고.pdf,
PBLN_000000000123420,0,https://www.bizinfo.go.kr/cmm/fms/getImageFile.do?atchFileId=FILE_000000000760849&fileSn=0,ok,200,application/x-download,2026년 경북PRIDE기업 _글로벌 비즈니스 스케일업 모집 공고.pdf,363128,api\PBLN_000000000123420\0_2026년 경북PRIDE기업 _글로벌 비즈니스 스케일업 모집 공고.pdf,
PBLN_000000000123412,0,https://www.bizinfo.go.kr/cmm/fms/getImageFile.do?atchFileId=FILE_000000000760824&fileSn=1,ok,200,application/x-download,붙임1. 지원기업 모집공고문_책임보험+.pdf,180142,api\PBLN_000000000123412\0_붙임1. 지원기업 모집공고문_책임보험+.pdf,
PBLN_000000000123385,0,https://www.bizinfo.go.kr/cmm/fms/getImageFile.do?atchFileId=FILE_000000000760710&fileSn=1,ok,200,application/x-download,20260605+2026년도+동네방네+노무사+참여사업장+모집+공고문.pdf,1069152,api\PBLN_000000000123385\0_20260605+2026년도+동네방네+노무사+참여사업장+모집+공고문.pdf,
PBLN_000000000123384,0,https://www.bizinfo.go.kr/cmm/fms/getImageFile.do?atchFileId=FILE_000000000760703&fileSn=0,ok,200,application/x-download,2026년 울주군 소상공인 신규채용 인건비 지원사업 모집 정정공고+.pdf,399437,api\PBLN_000000000123384\0_2026년 울주군 소상공인 신규채용 인건비 지원사업 모집 정정공고+.pdf,
PBLN_000000000123383,0,https://www.bizinfo.go.kr/cmm/fms/getImageFile.do?atchFileId=FILE_000000000760701&fileSn=0,ok,200,application/x-download,기업맞춤 고용지원사업 방문컨설팅_웹포스터.pdf,1701182,api\PBLN_000000000123383\0_기업맞춤 고용지원사업 방문컨설팅_웹포스터.pdf,
PBLN_000000000123363,0,https://www.bizinfo.go.kr/cmm/fms/getImageFile.do?atchFileId=FILE_000000000760588&fileSn=0,ok,200,application/x-download,2026년 선도기업 전략직종 직무개발 참여 기업 모집 공고문(추가 모집).pdf,265101,api\PBLN_000000000123363\0_2026년 선도기업 전략직종 직무개발 참여 기업 모집 공고문(추가 모집).pdf,
PBLN_000000000123356,0,https://www.bizinfo.go.kr/cmm/fms/getImageFile.do?atchFileId=FILE_000000000760562&fileSn=0,ok,200,application/x-download,(공고문) 부산 관광 마이스 3UP 프로젝트 (1)+.pdf,565703,api\PBLN_000000000123356\0_(공고문) 부산 관광 마이스 3UP 프로젝트 (1)+.pdf,
PBLN_000000000123352,0,https://www.bizinfo.go.kr/cmm/fms/getImageFile.do?atchFileId=FILE_000000000760518&fileSn=0,ok,200,application/x-download,2026년 시제품제작터 웹포스터.pdf,732592,api\PBLN_000000000123352\0_2026년 시제품제작터 웹포스터.pdf,
PBLN_000000000123341,0,https://www.bizinfo.go.kr/cmm/fms/getImageFile.do?atchFileId=FILE_000000000760529&fileSn=1,ok,200,application/x-download,2026년 찾아가는 사업장 안전교육 지원사업 참여기업체 모집 공고문.hwpx,52129,api\PBLN_000000000123341\0_2026년 찾아가는 사업장 안전교육 지원사업 참여기업체 모집 공고문.hwpx,
PBLN_000000000123338,0,https://www.bizinfo.go.kr/cmm/fms/getImageFile.do?atchFileId=FILE_000000000760512&fileSn=0,ok,200,application/x-download,2026년_IP투자연계_지식재산평가_지원사업_재공고.pdf,539197,api\PBLN_000000000123338\0_2026년_IP투자연계_지식재산평가_지원사업_재공고.pdf,
PBLN_000000000123336,0,https://www.bizinfo.go.kr/cmm/fms/getImageFile.do?atchFileId=FILE_000000000760508&fileSn=1,ok,200,application/x-download,1.2026년 서울제로마켓 2차 모집 공고문.hwpx,81520,api\PBLN_000000000123336\0_1.2026년 서울제로마켓 2차 모집 공고문.hwpx,
PBLN_000000000123334,0,https://www.bizinfo.go.kr/cmm/fms/getImageFile.do?atchFileId=FILE_000000000760504&fileSn=0,ok,200,application/x-download,2026년 소상공인 무료 법률·세무·노무 간편상담 지원사업 안내.pdf,255954,api\PBLN_000000000123334\0_2026년 소상공인 무료 법률·세무·노무 간편상담 지원사업 안내.pdf,
PBLN_000000000123327,0,https://www.bizinfo.go.kr/cmm/fms/getImageFile.do?atchFileId=FILE_000000000760483&fileSn=0,ok,200,application/x-download,붙임_제주+로컬기업+크라우드펀딩+참여기업+모집+공고문.hwp,112640,api\PBLN_000000000123327\0_붙임_제주+로컬기업+크라우드펀딩+참여기업+모집+공고문.hwp,
PBLN_000000000123307,0,https://www.bizinfo.go.kr/cmm/fms/getImageFile.do?atchFileId=FILE_000000000760372&fileSn=0,ok,200,application/x-download,2026년 여성 농업인 특수건강검진 지원사업 신청 공고문(화성시).hwpx,70081,api\PBLN_000000000123307\0_2026년 여성 농업인 특수건강검진 지원사업 신청 공고문(화성시).hwpx,
PBLN_000000000123299,0,https://www.bizinfo.go.kr/cmm/fms/getImageFile.do?atchFileId=FILE_000000000760328&fileSn=1,ok,200,application/x-download,(추가) 2026 PBV)pbv 기업 지원 프로그램 공고.pdf,129843,api\PBLN_000000000123299\0_(추가) 2026 PBV)pbv 기업 지원 프로그램 공고.pdf,
PBLN_000000000123291,0,https://www.bizinfo.go.kr/cmm/fms/getImageFile.do?atchFileId=FILE_000000000760334&fileSn=1,ok,200,application/x-download,[붙임1]  [공고문] 「군산국가산업단지 스마트그린 AX실증산단 구축사업」 AX 얼라이언스 산·학·연 종합지원 프로그램 2차 모집 공고.pdf,256665,api\PBLN_000000000123291\0_[붙임1]  [공고문] 「군산국가산업단지 스마트그린 AX실증산단 구축사업」 AX 얼라이언스 산·학·연 종합지원 프로그램 2차 모집 공고.pdf,
PBLN_000000000123277,0,https://www.bizinfo.go.kr/cmm/fms/getImageFile.do?atchFileId=FILE_000000000760268&fileSn=0,ok,200,application/x-download,2026 중소기업AI훈련확산센터 참여기업 모집 안내자료_한국문화산업협회.pdf,303118,api\PBLN_000000000123277\0_2026 중소기업AI훈련확산센터 참여기업 모집 안내자료_한국문화산업협회.pdf,
PBLN_000000000123260,0,https://www.bizinfo.go.kr/cmm/fms/getImageFile.do?atchFileId=FILE_000000000760243&fileSn=0,ok,200,application/x-download,2026년도 지역산업위기대응 이차보전 지원사업 1차 변경공고(산업통상부공고 제2026-440호)_최종+.pdf,284611,api\PBLN_000000000123260\0_2026년도 지역산업위기대응 이차보전 지원사업 1차 변경공고(산업통상부공고 제2026-440호)_최종+.pdf,
PBLN_000000000123238,0,https://www.bizinfo.go.kr/cmm/fms/getImageFile.do?atchFileId=FILE_000000000760115&fileSn=1,ok,200,application/x-download,[공고] 2026 도내 여행사 대상 단체유치 지원 공고(하반기).hwp,69120,api\PBLN_000000000123238\0_[공고] 2026 도내 여행사 대상 단체유치 지원 공고(하반기).hwp,
PBLN_000000000123218,0,https://www.bizinfo.go.kr/cmm/fms/getImageFile.do?atchFileId=FILE_000000000760060&fileSn=0,ok,200,application/x-download,2026년IP디딤돌프로그램 후속지원 사업 공고문.pdf,195582,api\PBLN_000000000123218\0_2026년IP디딤돌프로그램 후속지원 사업 공고문.pdf,
PBLN_000000000123213,0,https://www.bizinfo.go.kr/cmm/fms/getImageFile.do?atchFileId=FILE_000000000760044&fileSn=0,ok,200,application/x-download,2026 경북FTA활용지원 사업공고(추가).hwp,19456,api\PBLN_000000000123213\0_2026 경북FTA활용지원 사업공고(추가).hwp,
PBLN_000000000123208,0,https://www.bizinfo.go.kr/cmm/fms/getImageFile.do?atchFileId=FILE_000000000760016&fileSn=1,ok,200,application/x-download,2026년 지역기업 공공조달 컨설팅 참가기업 모집공고(안)+.pdf,233649,api\PBLN_000000000123208\0_2026년 지역기업 공공조달 컨설팅 참가기업 모집공고(안)+.pdf,
PBLN_000000000123203,0,https://www.bizinfo.go.kr/cmm/fms/getImageFile.do?atchFileId=FILE_000000000760004&fileSn=1,ok,200,application/x-download,붙임1.+AI기반+Age-Tech+바이오데이터+및+알고리즘+실증+기반구축+상시공고문+.pdf,181097,api\PBLN_000000000123203\0_붙임1.+AI기반+Age-Tech+바이오데이터+및+알고리즘+실증+기반구축+상시공고문+.pdf,
PBLN_000000000123202,0,https://www.bizinfo.go.kr/cmm/fms/getImageFile.do?atchFileId=FILE_000000000760000&fileSn=0,ok,200,application/x-download,소상공인 온라인 플랫폼 지원사업(홍보물).pdf,1769166,api\PBLN_000000000123202\0_소상공인 온라인 플랫폼 지원사업(홍보물).pdf,
PBLN_000000000123174,0,https://www.bizinfo.go.kr/cmm/fms/getImageFile.do?atchFileId=FILE_000000000759847&fileSn=0,ok,200,application/x-download,★(수정공고문)_포천시_현장기술돌봄이_지원사업.pdf,287623,api\PBLN_000000000123174\0_★(수정공고문)_포천시_현장기술돌봄이_지원사업.pdf,
PBLN_000000000123173,0,https://www.bizinfo.go.kr/cmm/fms/getImageFile.do?atchFileId=FILE_000000000759864&fileSn=1,ok,200,application/x-download,1.26년(여수시)지역산업위기대응 맞춤형 지원사업_공고(2차).hwp,299520,api\PBLN_000000000123173\0_1.26년(여수시)지역산업위기대응 맞춤형 지원사업_공고(2차).hwp,
PBLN_000000000123170,0,https://www.bizinfo.go.kr/cmm/fms/getImageFile.do?atchFileId=FILE_000000000759855&fileSn=0,ok,200,application/x-download,붙임1. 2026 경북 게임 맞춤형 지원사업(컨설팅 분야) 참여기업 모집공고.hwp,137728,api\PBLN_000000000123170\0_붙임1. 2026 경북 게임 맞춤형 지원사업(컨설팅 분야) 참여기업 모집공고.hwp,
PBLN_000000000123160,0,https://www.bizinfo.go.kr/cmm/fms/getImageFile.do?atchFileId=FILE_000000000759815&fileSn=0,ok,200,application/x-download,2026년도 부산광역시 중소기업 자금지원계획 9차 변경 공고(260612)+.pdf,1573062,api\PBLN_000000000123160\0_2026년도 부산광역시 중소기업 자금지원계획 9차 변경 공고(260612)+.pdf,
PBLN_000000000123155,0,https://www.bizinfo.go.kr/cmm/fms/getImageFile.do?atchFileId=FILE_000000000759808&fileSn=0,ok,200,application/x-download,우체국 국제특급우편(EMS) 할인서비스 이용 희망기업 모집 공고.png,502849,api\PBLN_000000000123155\0_우체국 국제특급우편(EMS) 할인서비스 이용 희망기업 모집 공고.png,
PBLN_000000000123140,0,https://www.bizinfo.go.kr/cmm/fms/getImageFile.do?atchFileId=FILE_000000000759772&fileSn=0,ok,200,application/x-download,붙임1. 모집재공고문.pdf,262748,api\PBLN_000000000123140\0_붙임1. 모집재공고문.pdf,
PBLN_000000000123138,0,https://www.bizinfo.go.kr/cmm/fms/getImageFile.do?atchFileId=FILE_000000000759721&fileSn=0,ok,200,application/x-download,1.+해외+네트워크+활용+K-푸드+정품+전시+홍보+제품+모집+공고+.pdf,185956,api\PBLN_000000000123138\0_1.+해외+네트워크+활용+K-푸드+정품+전시+홍보+제품+모집+공고+.pdf,
PBLN_000000000123126,0,https://www.bizinfo.go.kr/cmm/fms/getImageFile.do?atchFileId=FILE_000000000759676&fileSn=0,ok,200,application/x-download,(공고문)「2026년 영덕군 소상공인 카드수수료 지원사업」 참여 점포 모집 공고문.pdf,300912,api\PBLN_000000000123126\0_(공고문)「2026년 영덕군 소상공인 카드수수료 지원사업」 참여 점포 모집 공고문.pdf,
PBLN_000000000123119,0,https://www.bizinfo.go.kr/cmm/fms/getImageFile.do?atchFileId=FILE_000000000759667&fileSn=1,ok,200,application/x-download,[붙임 1] 모집공고문 및 신청서류 양식.pdf,576632,api\PBLN_000000000123119\0_[붙임 1] 모집공고문 및 신청서류 양식.pdf,
PBLN_000000000123108,0,https://www.bizinfo.go.kr/cmm/fms/getImageFile.do?atchFileId=FILE_000000000759634&fileSn=0,ok,200,application/x-download,01_홍보_이미지.pdf,1435747,api\PBLN_000000000123108\0_01_홍보_이미지.pdf,
PBLN_000000000123098,0,https://www.bizinfo.go.kr/cmm/fms/getImageFile.do?atchFileId=FILE_000000000759603&fileSn=0,ok,200,application/x-download,2026년디자인공모전사업공고문.pdf,326869,api\PBLN_000000000123098\0_2026년디자인공모전사업공고문.pdf,
PBLN_000000000123096,0,https://www.bizinfo.go.kr/cmm/fms/getImageFile.do?atchFileId=FILE_000000000759599&fileSn=0,ok,200,application/x-download,2026 『부산국제신발섬유패션전시회(PFB패패부산)』 참가 기업 모집 공고.pdf,370480,api\PBLN_000000000123096\0_2026 『부산국제신발섬유패션전시회(PFB패패부산)』 참가 기업 모집 공고.pdf,
PBLN_000000000123095,0,https://www.bizinfo.go.kr/cmm/fms/getImageFile.do?atchFileId=FILE_000000000759597&fileSn=0,ok,200,application/x-download,[붙임1]2026년가명정보활용컨설팅지원모집공고문.pdf,85945,api\PBLN_000000000123095\0_[붙임1]2026년가명정보활용컨설팅지원모집공고문.pdf,
PBLN_000000000123093,0,https://www.bizinfo.go.kr/cmm/fms/getImageFile.do?atchFileId=FILE_000000000759593&fileSn=0,ok,200,application/x-download,(붙임 1) 모집공고(안).pdf,108903,api\PBLN_000000000123093\0_(붙임 1) 모집공고(안).pdf,
PBLN_000000000123091,0,https://www.bizinfo.go.kr/cmm/fms/getImageFile.do?atchFileId=FILE_000000000759589&fileSn=0,ok,200,application/x-download,붙임1. 모집재공고문.pdf,262748,api\PBLN_000000000123091\0_붙임1. 모집재공고문.pdf,
PBLN_000000000123056,0,https://www.bizinfo.go.kr/cmm/fms/getImageFile.do?atchFileId=FILE_000000000759412&fileSn=1,ok,200,application/x-download,1. 2026년 음식점 미세먼지 악취 방지시설 설치 지원사업 2차 공고.pdf,306214,api\PBLN_000000000123056\0_1. 2026년 음식점 미세먼지 악취 방지시설 설치 지원사업 2차 공고.pdf,
PBLN_000000000123050,0,https://www.bizinfo.go.kr/cmm/fms/getImageFile.do?atchFileId=FILE_000000000759384&fileSn=0,ok,200,application/x-download,1. [공고문] 「2026 스케일업 액셀러레이팅」 상시 멘토링 프로그램 참여기업 모집.pdf,259864,api\PBLN_000000000123050\0_1. [공고문] 「2026 스케일업 액셀러레이팅」 상시 멘토링 프로그램 참여기업 모집.pdf,
PBLN_000000000123034,0,https://www.bizinfo.go.kr/cmm/fms/getImageFile.do?atchFileId=FILE_000000000759348&fileSn=0,ok,200,application/x-download,울산테크노파크_2026년_울산_지역기업_「경영_멘토링」기업모집-.pdf,85798,api\PBLN_000000000123034\0_울산테크노파크_2026년_울산_지역기업_「경영_멘토링」기업모집-.pdf,
PBLN_000000000123026,0,https://www.bizinfo.go.kr/cmm/fms/getImageFile.do?atchFileId=FILE_000000000759278&fileSn=2,ok,200,application/x-download,[안내]26년 시니어인턴십 사업안내.pdf,96686,api\PBLN_000000000123026\0_[안내]26년 시니어인턴십 사업안내.pdf,
PBLN_000000000123023,0,https://www.bizinfo.go.kr/cmm/fms/getImageFile.do?atchFileId=FILE_000000000759270&fileSn=0,ok,200,application/x-download,사이버 위기대응 모의훈련 및 보안점검 수요기업 모집 공고.pdf,94662,api\PBLN_000000000123023\0_사이버 위기대응 모의훈련 및 보안점검 수요기업 모집 공고.pdf,
PBLN_000000000123022,0,https://www.bizinfo.go.kr/cmm/fms/getImageFile.do?atchFileId=FILE_000000000759268&fileSn=0,ok,200,application/x-download,경남 제조기업 정보보호 컨설팅 지원사업 수요기업 모집 공고.pdf,90864,api\PBLN_000000000123022\0_경남 제조기업 정보보호 컨설팅 지원사업 수요기업 모집 공고.pdf,
PBLN_000000000123021,0,https://www.bizinfo.go.kr/cmm/fms/getImageFile.do?atchFileId=FILE_000000000759265&fileSn=2,ok,200,application/x-download,2026년 우체국 국제특급우편(EMS) 할인서비스 이용 희망기업 모집.pdf,874817,api\PBLN_000000000123021\0_2026년 우체국 국제특급우편(EMS) 할인서비스 이용 희망기업 모집.pdf,
PBLN_000000000123019,0,https://www.bizinfo.go.kr/cmm/fms/getImageFile.do?atchFileId=FILE_000000000759263&fileSn=0,ok,200,application/x-download,[공고문] 중소기업육성자금 지원 공고(7차-기금 융자자금).pdf,507502,api\PBLN_000000000123019\0_[공고문] 중소기업육성자금 지원 공고(7차-기금 융자자금).pdf,
PBLN_000000000123003,0,https://www.bizinfo.go.kr/cmm/fms/getImageFile.do?atchFileId=FILE_000000000759215&fileSn=0,ok,200,application/x-download,2026년 수산물 전시회 및 박람회 참가지원 사업 공고.pdf,54747,api\PBLN_000000000123003\0_2026년 수산물 전시회 및 박람회 참가지원 사업 공고.pdf,
PBLN_000000000122968,0,https://www.bizinfo.go.kr/cmm/fms/getImageFile.do?atchFileId=FILE_000000000759095&fileSn=0,ok,200,application/x-download,[붙임] 2026년 안전일터 조성지원 사업 공고문_수정(2차).pdf,5075545,api\PBLN_000000000122968\0_[붙임] 2026년 안전일터 조성지원 사업 공고문_수정(2차).pdf,
PBLN_000000000122956,0,https://www.bizinfo.go.kr/cmm/fms/getImageFile.do?atchFileId=FILE_000000000759043&fileSn=1,ok,200,application/x-download,붙임 1. 사업 공고문(3차 추가모집).pdf,351023,api\PBLN_000000000122956\0_붙임 1. 사업 공고문(3차 추가모집).pdf,
PBLN_000000000122952,0,https://www.bizinfo.go.kr/cmm/fms/getImageFile.do?atchFileId=FILE_000000000759035&fileSn=1,ok,200,application/x-download,2026년+영세소상공인+중소금융권+금융비용+지원사업+재공고.hwpx,97108,api\PBLN_000000000122952\0_2026년+영세소상공인+중소금융권+금융비용+지원사업+재공고.hwpx,
PBLN_000000000122948,0,https://www.bizinfo.go.kr/cmm/fms/getImageFile.do?atchFileId=FILE_000000000759023&fileSn=0,ok,200,application/x-download,공고문_소상공인 유통산업 경쟁력 강화 지원사업(시흥시 동네슈퍼 공동세일전) 참여점포 모집+.pdf,226420,api\PBLN_000000000122948\0_공고문_소상공인 유통산업 경쟁력 강화 지원사업(시흥시 동네슈퍼 공동세일전) 참여점포 모집+.pdf,
PBLN_000000000122942,0,https://www.bizinfo.go.kr/cmm/fms/getImageFile.do?atchFileId=FILE_000000000759009&fileSn=1,ok,200,application/x-download,[공고문] 2026년 다수공급자계약(MAS) 컨설팅.pdf,313201,api\PBLN_000000000122942\0_[공고문] 2026년 다수공급자계약(MAS) 컨설팅.pdf,
PBLN_000000000122914,0,https://www.bizinfo.go.kr/cmm/fms/getImageFile.do?atchFileId=FILE_000000000758943&fileSn=0,ok,200,application/x-download,붙임1. 2026 거점기관 개방형혁신사업 장비 및 인프라 활용 공고문.pdf,852640,api\PBLN_000000000122914\0_붙임1. 2026 거점기관 개방형혁신사업 장비 및 인프라 활용 공고문.pdf,
PBLN_000000000122910,0,https://www.bizinfo.go.kr/cmm/fms/getImageFile.do?atchFileId=FILE_000000000758935&fileSn=0,ok,200,application/x-download,붙임+1.+공고문_글로벌+밸류체인+진출을+위한+미래차+혁신성장+기술지원_시험평가지원(수시접수).hwp,68608,api\PBLN_000000000122910\0_붙임+1.+공고문_글로벌+밸류체인+진출을+위한+미래차+혁신성장+기술지원_시험평가지원(수시접수).hwp,
PBLN_000000000122907,0,https://www.bizinfo.go.kr/cmm/fms/getImageFile.do?atchFileId=FILE_000000000758810&fileSn=0,ok,200,application/x-download,26년+규제개혁+어드바이저+참여기업+모집+공고문.pdf,213022,api\PBLN_000000000122907\0_26년+규제개혁+어드바이저+참여기업+모집+공고문.pdf,
PBLN_000000000122906,0,https://www.bizinfo.go.kr/cmm/fms/getImageFile.do?atchFileId=FILE_000000000758852&fileSn=0,ok,200,application/x-download,부·울·경 3T(Together Towards Tomorrow) 협력 파트너십 공고문_.hwp,110080,api\PBLN_000000000122906\0_부·울·경 3T(Together Towards Tomorrow) 협력 파트너십 공고문_.hwp,
PBLN_000000000122900,0,https://www.bizinfo.go.kr/cmm/fms/getImageFile.do?atchFileId=FILE_000000000758838&fileSn=0,ok,200,application/x-download,2026년_수질_자동측정기기_설치운영_지원사업_모집공고문.hwp,110592,api\PBLN_000000000122900\0_2026년_수질_자동측정기기_설치운영_지원사업_모집공고문.hwp,
PBLN_000000000122896,0,https://www.bizinfo.go.kr/cmm/fms/getImageFile.do?atchFileId=FILE_000000000758829&fileSn=0,ok,200,application/x-download,2026년_굴뚝_자동측정기기_설치운영_지원사업_모집공고문.hwp,215552,api\PBLN_000000000122896\0_2026년_굴뚝_자동측정기기_설치운영_지원사업_모집공고문.hwp,
PBLN_000000000122893,0,https://www.bizinfo.go.kr/cmm/fms/getImageFile.do?atchFileId=FILE_000000000758802&fileSn=0,ok,200,application/x-download,붙임+1.+2026년+세종테크밸리+첨단기업+유치+임차료+지원사업+희망기업임차기업+모집+수정+공고문+.pdf,872883,api\PBLN_000000000122893\0_붙임+1.+2026년+세종테크밸리+첨단기업+유치+임차료+지원사업+희망기업임차기업+모집+수정+공고문+.pdf,
PBLN_000000000122877,0,https://www.bizinfo.go.kr/cmm/fms/getImageFile.do?atchFileId=FILE_000000000758773&fileSn=0,ok,200,application/x-download,붙임 1. 참여기업 모집 공고문.hwp,821760,api\PBLN_000000000122877\0_붙임 1. 참여기업 모집 공고문.hwp,
PBLN_000000000122876,0,https://www.bizinfo.go.kr/cmm/fms/getImageFile.do?atchFileId=FILE_000000000758775&fileSn=1,ok,200,application/x-download,2026년도_일반_물류바우처(2차)_사업_참여기업_모집공고.pdf,437783,api\PBLN_000000000122876\0_2026년도_일반_물류바우처(2차)_사업_참여기업_모집공고.pdf,
PBLN_000000000122875,0,https://www.bizinfo.go.kr/cmm/fms/getImageFile.do?atchFileId=FILE_000000000758769&fileSn=1,ok,200,application/x-download,2026년 소상공인 유통플랫폼 MD 상담회 소상공인 모집공고문(2차).hwp,392192,api\PBLN_000000000122875\0_2026년 소상공인 유통플랫폼 MD 상담회 소상공인 모집공고문(2차).hwp,
PBLN_000000000122866,0,https://www.bizinfo.go.kr/cmm/fms/getImageFile.do?atchFileId=FILE_000000000758727&fileSn=0,ok,200,application/x-download,2026년 연구조직(기업부설연구소 등) 설립 및 기술·경영혁신 인증 지원사업 참여기업 모집 공고문.pdf,347005,api\PBLN_000000000122866\0_2026년 연구조직(기업부설연구소 등) 설립 및 기술·경영혁신 인증 지원사업 참여기업 모집 공고문.pdf,
PBLN_000000000122863,0,https://www.bizinfo.go.kr/cmm/fms/getImageFile.do?atchFileId=FILE_000000000758725&fileSn=0,ok,200,application/x-download,[붙임1] 활용기업 모집 공고문.hwpx,5282907,api\PBLN_000000000122863\0_[붙임1] 활용기업 모집 공고문.hwpx,
PBLN_000000000122858,0,https://www.bizinfo.go.kr/cmm/fms/getImageFile.do?atchFileId=FILE_000000000758708&fileSn=0,ok,200,application/x-download,1. 신규 입점기업 수시모집공고_2026 분.pdf,74279,api\PBLN_000000000122858\0_1. 신규 입점기업 수시모집공고_2026 분.pdf,
PBLN_000000000122834,0,https://www.bizinfo.go.kr/cmm/fms/getImageFile.do?atchFileId=FILE_000000000758591&fileSn=0,ok,200,application/x-download,2026년 홍천군 중소기업 수출물류비 지원사업 참가기업 모집 공고 및 신청서식+.pdf,197677,api\PBLN_000000000122834\0_2026년 홍천군 중소기업 수출물류비 지원사업 참가기업 모집 공고 및 신청서식+.pdf,
PBLN_000000000122828,0,https://www.bizinfo.go.kr/cmm/fms/getImageFile.do?atchFileId=FILE_000000000758577&fileSn=1,ok,200,application/x-download,붙임 1. 사업 변경 공고문.pdf,969424,api\PBLN_000000000122828\0_붙임 1. 사업 변경 공고문.pdf,
PBLN_000000000122801,0,https://www.bizinfo.go.kr/cmm/fms/getImageFile.do?atchFileId=FILE_000000000758452&fileSn=0,ok,200,application/x-download,2026년+수출기업+맞춤형+조사+지원사업+추가모집+공고문.pdf,411469,api\PBLN_000000000122801\0_2026년+수출기업+맞춤형+조사+지원사업+추가모집+공고문.pdf,
PBLN_000000000122800,0,https://www.bizinfo.go.kr/cmm/fms/getImageFile.do?atchFileId=FILE_000000000758450&fileSn=0,ok,200,application/x-download,목포새일-여성친화기업-웹-전단.pdf,618962,api\PBLN_000000000122800\0_목포새일-여성친화기업-웹-전단.pdf,
PBLN_000000000122739,0,https://www.bizinfo.go.kr/cmm/fms/getImageFile.do?atchFileId=FILE_000000000758218&fileSn=1,ok,200,application/x-download,대전 소상공인·자영업자 재기지원(폐업정리) 공고(안)+.pdf,502492,api\PBLN_000000000122739\0_대전 소상공인·자영업자 재기지원(폐업정리) 공고(안)+.pdf,
PBLN_000000000122724,0,https://www.bizinfo.go.kr/cmm/fms/getImageFile.do?atchFileId=FILE_000000000758125&fileSn=1,ok,200,application/x-download,103458665745_공정혁신 시뮬레이션 기술지원 수혜기업 2차 모집 연장공고.hwpx,89725,api\PBLN_000000000122724\0_103458665745_공정혁신 시뮬레이션 기술지원 수혜기업 2차 모집 연장공고.hwpx,
PBLN_000000000122718,0,https://www.bizinfo.go.kr/cmm/fms/getImageFile.do?atchFileId=FILE_000000000758109&fileSn=1,ok,200,application/x-download,145410_[붙임1] 충북TP 유망기업 IP투자연계 지식재산평가 지원사업 공고문.pdf,208292,api\PBLN_000000000122718\0_145410_[붙임1] 충북TP 유망기업 IP투자연계 지식재산평가 지원사업 공고문.pdf,
PBLN_000000000122716,0,https://www.bizinfo.go.kr/cmm/fms/getImageFile.do?atchFileId=FILE_000000000758103&fileSn=1,ok,200,application/x-download,2026년 국제특송 해외물류비 지원사업  참가기업 모집 수정공고.hwp,79360,api\PBLN_000000000122716\0_2026년 국제특송 해외물류비 지원사업  참가기업 모집 수정공고.hwp,
PBLN_000000000122713,0,https://www.bizinfo.go.kr/cmm/fms/getImageFile.do?atchFileId=FILE_000000000758085&fileSn=0,ok,200,application/x-download,(붙임1) 2026년 포항시 수출기업 해외 물류비 지원사업 공고문.pdf,306486,api\PBLN_000000000122713\0_(붙임1) 2026년 포항시 수출기업 해외 물류비 지원사업 공고문.pdf,
PBLN_000000000122664,0,https://www.bizinfo.go.kr/cmm/fms/getImageFile.do?atchFileId=FILE_000000000757873&fileSn=0,ok,200,application/x-download,2단계 2026년 해외지사화사업 지원사업 참여업체 추가 모집 공고.hwp,152064,api\PBLN_000000000122664\0_2단계 2026년 해외지사화사업 지원사업 참여업체 추가 모집 공고.hwp,
PBLN_000000000122656,0,https://www.bizinfo.go.kr/cmm/fms/getImageFile.do?atchFileId=FILE_000000000757839&fileSn=0,ok,200,application/x-download,영화·드라마 제작 인센티브 지원사업 공고.hwpx,67198,api\PBLN_000000000122656\0_영화·드라마 제작 인센티브 지원사업 공고.hwpx,
PBLN_000000000122650,0,https://www.bizinfo.go.kr/cmm/fms/getImageFile.do?atchFileId=FILE_000000000757846&fileSn=1,ok,200,application/x-download,충북 연구개발장비 공동활용 기업애로상담 프로그램 수요기업 모집 공고.pdf,410164,api\PBLN_000000000122650\0_충북 연구개발장비 공동활용 기업애로상담 프로그램 수요기업 모집 공고.pdf,
PBLN_000000000122640,0,https://www.bizinfo.go.kr/cmm/fms/getImageFile.do?atchFileId=FILE_000000000757809&fileSn=0,ok,200,application/x-download,붙임 1. 「2026년도 기술닥터제 활성화 지원사업」 지원사업 공고(현장애로) (1).pdf,58620,api\PBLN_000000000122640\0_붙임 1. 「2026년도 기술닥터제 활성화 지원사업」 지원사업 공고(현장애로) (1).pdf,
PBLN_000000000122625,0,https://www.bizinfo.go.kr/cmm/fms/getImageFile.do?atchFileId=FILE_000000000757791&fileSn=0,ok,200,application/x-download,2026년도 해상풍력 맞춤형 보증지원 사업 공고.pdf,328449,api\PBLN_000000000122625\0_2026년도 해상풍력 맞춤형 보증지원 사업 공고.pdf,
PBLN_000000000122613,0,https://www.bizinfo.go.kr/cmm/fms/getImageFile.do?atchFileId=FILE_000000000757667&fileSn=0,ok,200,application/x-download,[공고] 2026년 ｢수출환변동 보험료 지원사업｣ 공고문.pdf,391497,api\PBLN_000000000122613\0_[공고] 2026년 ｢수출환변동 보험료 지원사업｣ 공고문.pdf,
PBLN_000000000122611,0,https://www.bizinfo.go.kr/cmm/fms/getImageFile.do?atchFileId=FILE_000000000757665&fileSn=0,ok,200,application/x-download,[공고] 2026년 ｢물류비 지원사업｣ 공고문.pdf,593309,api\PBLN_000000000122611\0_[공고] 2026년 ｢물류비 지원사업｣ 공고문.pdf,
PBLN_000000000122609,0,https://www.bizinfo.go.kr/cmm/fms/getImageFile.do?atchFileId=FILE_000000000757663&fileSn=1,ok,200,application/x-download,붙임1. 공고문.pdf,690986,api\PBLN_000000000122609\0_붙임1. 공고문.pdf,
PBLN_000000000122589,0,https://www.bizinfo.go.kr/cmm/fms/getImageFile.do?atchFileId=FILE_000000000757617&fileSn=0,ok,200,application/x-download,(공고문)+제조산업+공정작업용+로봇+엔드이펙터+실증+기반+구축+사업+지원+기업+모집+공고_복합형상표준센터+.pdf,208707,api\PBLN_000000000122589\0_(공고문)+제조산업+공정작업용+로봇+엔드이펙터+실증+기반+구축+사업+지원+기업+모집+공고_복합형상표준센터+.pdf,
PBLN_000000000122587,0,https://www.bizinfo.go.kr/cmm/fms/getImageFile.do?atchFileId=FILE_000000000757632&fileSn=0,ok,200,application/x-download,2026년 육아휴직자 대체인력 인건비 지원사업 모집공고(변경).pdf,506446,api\PBLN_000000000122587\0_2026년 육아휴직자 대체인력 인건비 지원사업 모집공고(변경).pdf,
PBLN_000000000122580,0,https://www.bizinfo.go.kr/cmm/fms/getImageFile.do?atchFileId=FILE_000000000757611&fileSn=0,ok,200,application/x-download,(공고문)「2026년 청도군 소상공인 카드수수료 지원사업」 참여 점포 모집 공고문.pdf,303121,api\PBLN_000000000122580\0_(공고문)「2026년 청도군 소상공인 카드수수료 지원사업」 참여 점포 모집 공고문.pdf,
PBLN_000000000122564,0,https://www.bizinfo.go.kr/cmm/fms/getImageFile.do?atchFileId=FILE_000000000757550&fileSn=0,ok,200,application/x-download,2026년 기업 스마트 혁신지원단 운영사업 참여기업 모집공고+.pdf,307936,api\PBLN_000000000122564\0_2026년 기업 스마트 혁신지원단 운영사업 참여기업 모집공고+.pdf,
PBLN_000000000122563,0,https://www.bizinfo.go.kr/cmm/fms/getImageFile.do?atchFileId=FILE_000000000757548&fileSn=0,ok,200,application/x-download,붙임. 천안 기술이전·가치평가 지원사업 참여기업 모집공고+.pdf,680790,api\PBLN_000000000122563\0_붙임. 천안 기술이전·가치평가 지원사업 참여기업 모집공고+.pdf,
PBLN_000000000122551,0,https://www.bizinfo.go.kr/cmm/fms/getImageFile.do?atchFileId=FILE_000000000757466&fileSn=0,ok,200,application/x-download,[안내자료]2026 해외 홍보 지원사업(AI무역지원센터 활용 해외마케팅 지원사업).hwp,129536,api\PBLN_000000000122551\0_[안내자료]2026 해외 홍보 지원사업(AI무역지원센터 활용 해외마케팅 지원사업).hwp,
PBLN_000000000122526,0,https://www.bizinfo.go.kr/cmm/fms/getImageFile.do?atchFileId=FILE_000000000757403&fileSn=1,ok,200,application/x-download,[붙임1] 「경상북도 중대재해 예방 사각지대 해소 지원사업」참여기업 모집 변경공고.pdf,417777,api\PBLN_000000000122526\0_[붙임1] 「경상북도 중대재해 예방 사각지대 해소 지원사업」참여기업 모집 변경공고.pdf,
PBLN_000000000122516,0,https://www.bizinfo.go.kr/cmm/fms/getImageFile.do?atchFileId=FILE_000000000757376&fileSn=0,ok,200,application/x-download,침해사고 예방을 위한 취약점 점검 무료 지원.pdf,1711992,api\PBLN_000000000122516\0_침해사고 예방을 위한 취약점 점검 무료 지원.pdf,
PBLN_000000000122497,0,https://www.bizinfo.go.kr/cmm/fms/getImageFile.do?atchFileId=FILE_000000000757341&fileSn=0,ok,200,application/x-download,2026년 KDT 사업홍보.jpg,164153,api\PBLN_000000000122497\0_2026년 KDT 사업홍보.jpg,
PBLN_000000000122492,0,https://www.bizinfo.go.kr/cmm/fms/getImageFile.do?atchFileId=FILE_000000000757275&fileSn=0,ok,200,application/x-download,충남 2026년 IP디딤돌 프로그램 창업자 후속지원 대상자 모집 공고문.pdf,207898,api\PBLN_000000000122492\0_충남 2026년 IP디딤돌 프로그램 창업자 후속지원 대상자 모집 공고문.pdf,
PBLN_000000000122474,0,https://www.bizinfo.go.kr/cmm/fms/getImageFile.do?atchFileId=FILE_000000000757232&fileSn=0,ok,200,application/x-download,2026 충북 소비재산업 종합무역상담회 개최사업 참여기업 모집공고.png,497642,api\PBLN_000000000122474\0_2026 충북 소비재산업 종합무역상담회 개최사업 참여기업 모집공고.png,
PBLN_000000000122473,0,https://www.bizinfo.go.kr/cmm/fms/getImageFile.do?atchFileId=FILE_000000000757234&fileSn=1,ok,200,application/x-download,[붙임] 2026년 상반기 해양수산 연구장비 렌탈지원사업 공고문.hwp,364544,api\PBLN_000000000122473\0_[붙임] 2026년 상반기 해양수산 연구장비 렌탈지원사업 공고문.hwp,
PBLN_000000000122470,0,https://www.bizinfo.go.kr/cmm/fms/getImageFile.do?atchFileId=FILE_000000000757228&fileSn=1,ok,200,application/x-download,2026년 인제군 중소기업 해외물류비 지원사업 참가기업 모집 공고.hwp,73728,api\PBLN_000000000122470\0_2026년 인제군 중소기업 해외물류비 지원사업 참가기업 모집 공고.hwp,
PBLN_000000000122442,0,https://www.bizinfo.go.kr/cmm/fms/getImageFile.do?atchFileId=FILE_000000000757150&fileSn=1,ok,200,application/x-download,붙임1._2026년도_기술이전지원사업_기술코칭_프로그램_참여기업_모집공고.hwp,131072,api\PBLN_000000000122442\0_붙임1._2026년도_기술이전지원사업_기술코칭_프로그램_참여기업_모집공고.hwp,
PBLN_000000000122433,0,https://www.bizinfo.go.kr/cmm/fms/getImageFile.do?atchFileId=FILE_000000000757074&fileSn=0,ok,200,application/x-download,1. 2026년 (Pre)스타기업 육성사업 개별지원 유형별 특성화지원 통합 공고문.pdf,208747,api\PBLN_000000000122433\0_1. 2026년 (Pre)스타기업 육성사업 개별지원 유형별 특성화지원 통합 공고문.pdf,
PBLN_000000000122428,0,https://www.bizinfo.go.kr/cmm/fms/getImageFile.do?atchFileId=FILE_000000000757048&fileSn=0,ok,200,application/x-download,붙임1. 공고문_2026년 콘텐츠 기업 노무 컨설팅 참가사 지원.hwp,64000,api\PBLN_000000000122428\0_붙임1. 공고문_2026년 콘텐츠 기업 노무 컨설팅 참가사 지원.hwp,
PBLN_000000000122420,0,https://www.bizinfo.go.kr/cmm/fms/getImageFile.do?atchFileId=FILE_000000000757017&fileSn=0,ok,200,application/x-download,IBK ESG컨설팅 참가지원 모집 공고문.pdf,129671,api\PBLN_000000000122420\0_IBK ESG컨설팅 참가지원 모집 공고문.pdf,
PBLN_000000000122418,0,https://www.bizinfo.go.kr/cmm/fms/getImageFile.do?atchFileId=FILE_000000000757022&fileSn=0,ok,200,application/x-download,1.-2026년-공공조달-멘토링-지원-참여기업-모집공고배포용+.pdf,164864,api\PBLN_000000000122418\0_1.-2026년-공공조달-멘토링-지원-참여기업-모집공고배포용+.pdf,
PBLN_000000000122409,0,https://www.bizinfo.go.kr/cmm/fms/getImageFile.do?atchFileId=FILE_000000000757001&fileSn=1,ok,200,application/x-download,「2026년 포항시 신산업 플러스 일자리 창출 우수기업 지원사업」참여업체 추가모집 공고.pdf,351441,api\PBLN_000000000122409\0_「2026년 포항시 신산업 플러스 일자리 창출 우수기업 지원사업」참여업체 추가모집 공고.pdf,
PBLN_000000000122394,0,https://www.bizinfo.go.kr/cmm/fms/getImageFile.do?atchFileId=FILE_000000000756965&fileSn=1,ok,200,application/x-download,붙임. 모집공고문.pdf,226249,api\PBLN_000000000122394\0_붙임. 모집공고문.pdf,
PBLN_000000000122373,0,https://www.bizinfo.go.kr/cmm/fms/getImageFile.do?atchFileId=FILE_000000000756910&fileSn=1,ok,200,application/x-download,2026년+과천시+중소기업+및+소상공인+육성자금+이자차액보전+지원계획+변경공고문_서식포함+.pdf,908829,api\PBLN_000000000122373\0_2026년+과천시+중소기업+및+소상공인+육성자금+이자차액보전+지원계획+변경공고문_서식포함+.pdf,
PBLN_000000000122368,0,https://www.bizinfo.go.kr/cmm/fms/getImageFile.do?atchFileId=FILE_000000000756844&fileSn=1,ok,200,application/x-download,2026년 농업발전기금 융자사업 공고문_.pdf,230872,api\PBLN_000000000122368\0_2026년 농업발전기금 융자사업 공고문_.pdf,
PBLN_000000000122357,0,https://www.bizinfo.go.kr/cmm/fms/getImageFile.do?atchFileId=FILE_000000000756808&fileSn=1,ok,200,application/x-download,2026년도_중소기업_경영애로_전문가_컨설팅기업_모집_공고문.pdf,149746,api\PBLN_000000000122357\0_2026년도_중소기업_경영애로_전문가_컨설팅기업_모집_공고문.pdf,
PBLN_000000000122346,0,https://www.bizinfo.go.kr/cmm/fms/getImageFile.do?atchFileId=FILE_000000000756710&fileSn=0,ok,200,application/x-download,공고문(26년 상권 활성화).hwpx,90212,api\PBLN_000000000122346\0_공고문(26년 상권 활성화).hwpx,
PBLN_000000000122333,0,https://www.bizinfo.go.kr/cmm/fms/getImageFile.do?atchFileId=FILE_000000000756748&fileSn=3,ok,200,application/x-download,1. [공고문] 2026년 SDV 전장부품 보안 평가센터 기업지원사업 수혜기업 모집 공고(상시)(4차).pdf,86320,api\PBLN_000000000122333\0_1. [공고문] 2026년 SDV 전장부품 보안 평가센터 기업지원사업 수혜기업 모집 공고(상시)(4차).pdf,
PBLN_000000000122332,0,https://www.bizinfo.go.kr/cmm/fms/getImageFile.do?atchFileId=FILE_000000000756746&fileSn=0,ok,200,application/x-download,대구경북경제자유구역 기술 창업기업 맞춤형 멘토링 지원 포스터.jpg,159819,api\PBLN_000000000122332\0_대구경북경제자유구역 기술 창업기업 맞춤형 멘토링 지원 포스터.jpg,
PBLN_000000000122329,0,https://www.bizinfo.go.kr/cmm/fms/getImageFile.do?atchFileId=FILE_000000000756740&fileSn=0,ok,200,application/x-download,2026년_제조데이터_기반_AI_활용_컨설팅_모집_공고.hwpx,638489,api\PBLN_000000000122329\0_2026년_제조데이터_기반_AI_활용_컨설팅_모집_공고.hwpx,
PBLN_000000000122327,0,https://www.bizinfo.go.kr/cmm/fms/getImageFile.do?atchFileId=FILE_000000000756736&fileSn=0,ok,200,application/x-download,2. [포스터] 2026년 경기도 31개 시군 일생활 균형 제도 도입 지원 컨설팅 포스터.pdf,1494435,api\PBLN_000000000122327\0_2. [포스터] 2026년 경기도 31개 시군 일생활 균형 제도 도입 지원 컨설팅 포스터.pdf,
PBLN_000000000122309,0,https://www.bizinfo.go.kr/cmm/fms/getImageFile.do?atchFileId=FILE_000000000756627&fileSn=0,ok,200,application/x-download,붙임1.+2026년+바이오+의료기기+해외진출지원+제로트러스트+기반+구축+참여기업+상시+지원+모집+공고.hwp,360448,api\PBLN_000000000122309\0_붙임1.+2026년+바이오+의료기기+해외진출지원+제로트러스트+기반+구축+참여기업+상시+지원+모집+공고.hwp,
PBLN_000000000122305,0,https://www.bizinfo.go.kr/cmm/fms/getImageFile.do?atchFileId=FILE_000000000756638&fileSn=0,ok,200,application/x-download,1. 2026년 음식점 미세먼지 악취 방지시설 설치 지원사업양주시 공고.pdf,306909,api\PBLN_000000000122305\0_1. 2026년 음식점 미세먼지 악취 방지시설 설치 지원사업양주시 공고.pdf,
PBLN_000000000122297,0,https://www.bizinfo.go.kr/cmm/fms/getImageFile.do?atchFileId=FILE_000000000756590&fileSn=0,ok,200,application/x-download,(포스터) 직장 내 성희롱 예방 컨설팅.pdf,1110171,api\PBLN_000000000122297\0_(포스터) 직장 내 성희롱 예방 컨설팅.pdf,
PBLN_000000000122273,0,https://www.bizinfo.go.kr/cmm/fms/getImageFile.do?atchFileId=FILE_000000000756538&fileSn=1,ok,200,application/x-download,26년+찾아가는+1대1+디지털+교육+소상공인+모집공고.pdf,531215,api\PBLN_000000000122273\0_26년+찾아가는+1대1+디지털+교육+소상공인+모집공고.pdf,
PBLN_000000000122268,0,https://www.bizinfo.go.kr/cmm/fms/getImageFile.do?atchFileId=FILE_000000000756541&fileSn=0,ok,200,application/x-download,[공고문] 2026년 생물학적 시험평가인증 지원사업 (2차).pdf,106898,api\PBLN_000000000122268\0_[공고문] 2026년 생물학적 시험평가인증 지원사업 (2차).pdf,
PBLN_000000000122255,0,https://www.bizinfo.go.kr/cmm/fms/getImageFile.do?atchFileId=FILE_000000000756460&fileSn=1,ok,200,application/x-download,2026년 원주시 중소기업 지식재산 국내 분쟁 지원 사업 수시 모집 공고.hwpx,79567,api\PBLN_000000000122255\0_2026년 원주시 중소기업 지식재산 국내 분쟁 지원 사업 수시 모집 공고.hwpx,
PBLN_000000000122254,0,https://www.bizinfo.go.kr/cmm/fms/getImageFile.do?atchFileId=FILE_000000000756442&fileSn=0,ok,200,application/x-download,(공고문)_2026년 전통시장 등 공동배송시스템 지원사업(라이더배송 지원)+.pdf,113583,api\PBLN_000000000122254\0_(공고문)_2026년 전통시장 등 공동배송시스템 지원사업(라이더배송 지원)+.pdf,
PBLN_000000000122249,0,https://www.bizinfo.go.kr/cmm/fms/getImageFile.do?atchFileId=FILE_000000000756427&fileSn=0,ok,200,application/x-download,[공고문]+고유가+대응+수출기업+물류비+지원사업+.pdf,413521,api\PBLN_000000000122249\0_[공고문]+고유가+대응+수출기업+물류비+지원사업+.pdf,
PBLN_000000000122247,0,https://www.bizinfo.go.kr/cmm/fms/getImageFile.do?atchFileId=FILE_000000000756425&fileSn=0,ok,200,application/x-download,20260519_[공고문]+해외전시회+개별참가지원+.pdf,224739,api\PBLN_000000000122247\0_20260519_[공고문]+해외전시회+개별참가지원+.pdf,
PBLN_000000000122238,0,https://www.bizinfo.go.kr/cmm/fms/getImageFile.do?atchFileId=FILE_000000000756417&fileSn=1,ok,200,application/x-download,1. 춘천시 지식재산 국내분쟁 비용지원 사업 모집 연장 공고.pdf,98308,api\PBLN_000000000122238\0_1. 춘천시 지식재산 국내분쟁 비용지원 사업 모집 연장 공고.pdf,
PBLN_000000000122229,0,https://www.bizinfo.go.kr/cmm/fms/getImageFile.do?atchFileId=FILE_000000000756367&fileSn=0,ok,200,application/x-download,[세종창조경제혁신센터] 2026 창업-BuS in 세종 수요투자라운드(미니IR피칭) 신청 안내.pdf,722149,api\PBLN_000000000122229\0_[세종창조경제혁신센터] 2026 창업-BuS in 세종 수요투자라운드(미니IR피칭) 신청 안내.pdf,
PBLN_000000000122227,0,https://www.bizinfo.go.kr/cmm/fms/getImageFile.do?atchFileId=FILE_000000000756372&fileSn=0,ok,200,application/x-download,2026 수출입 애로 중소기업 바우처 지원사업 모집공고 개요(5월).pdf,295544,api\PBLN_000000000122227\0_2026 수출입 애로 중소기업 바우처 지원사업 모집공고 개요(5월).pdf,
PBLN_000000000122216,0,https://www.bizinfo.go.kr/cmm/fms/getImageFile.do?atchFileId=FILE_000000000756322&fileSn=0,ok,200,application/x-download,2026년+「직장문화개선+기업컨설팅」+참여기업+모집공고.pdf,118449,api\PBLN_000000000122216\0_2026년+「직장문화개선+기업컨설팅」+참여기업+모집공고.pdf,
PBLN_000000000122195,0,https://www.bizinfo.go.kr/cmm/fms/getImageFile.do?atchFileId=FILE_000000000756212&fileSn=1,ok,200,application/x-download,2026 신발산업 해외물류 바우처 지원사업 참가기업 모집공고 및 제출서식(지원확대).hwp,166400,api\PBLN_000000000122195\0_2026 신발산업 해외물류 바우처 지원사업 참가기업 모집공고 및 제출서식(지원확대).hwp,
PBLN_000000000122191,0,https://www.bizinfo.go.kr/cmm/fms/getImageFile.do?atchFileId=FILE_000000000756188&fileSn=0,ok,200,application/x-download,[공고문 및 작성서식]2026년 경북 소상공인 사회보험료 지원사업.hwp,638976,api\PBLN_000000000122191\0_[공고문 및 작성서식]2026년 경북 소상공인 사회보험료 지원사업.hwp,
PBLN_000000000122174,0,https://www.bizinfo.go.kr/cmm/fms/getImageFile.do?atchFileId=FILE_000000000756151&fileSn=0,ok,200,application/x-download,붙임1. 2026년 블록체인 바우처 지원사업 수요기업 모집 공고문.pdf,265325,api\PBLN_000000000122174\0_붙임1. 2026년 블록체인 바우처 지원사업 수요기업 모집 공고문.pdf,
PBLN_000000000122173,0,https://www.bizinfo.go.kr/cmm/fms/getImageFile.do?atchFileId=FILE_000000000756137&fileSn=0,ok,200,application/x-download,2026년_소상공인_온라인_쇼핑몰_기획전_참여_소상공인_모집_공고+.pdf,331465,api\PBLN_000000000122173\0_2026년_소상공인_온라인_쇼핑몰_기획전_참여_소상공인_모집_공고+.pdf,
PBLN_000000000122168,0,https://www.bizinfo.go.kr/cmm/fms/getImageFile.do?atchFileId=FILE_000000000756133&fileSn=0,ok,200,application/x-download,2026년 소규모 사업장 방지시설 설치 지원사업 공고문.pdf,1586045,api\PBLN_000000000122168\0_2026년 소규모 사업장 방지시설 설치 지원사업 공고문.pdf,
PBLN_000000000122153,0,https://www.bizinfo.go.kr/cmm/fms/getImageFile.do?atchFileId=FILE_000000000756098&fileSn=0,ok,200,application/x-download,공고문_외식업 경영혁신 컨설팅 지원 참여 업소 모집.hwpx,92224,api\PBLN_000000000122153\0_공고문_외식업 경영혁신 컨설팅 지원 참여 업소 모집.hwpx,
PBLN_000000000122147,0,https://www.bizinfo.go.kr/cmm/fms/getImageFile.do?atchFileId=FILE_000000000756077&fileSn=0,ok,200,application/x-download,2026년 영업비밀·기술 보호 컨설팅 모집 공고문+.pdf,550548,api\PBLN_000000000122147\0_2026년 영업비밀·기술 보호 컨설팅 모집 공고문+.pdf,
PBLN_000000000122145,0,https://www.bizinfo.go.kr/cmm/fms/getImageFile.do?atchFileId=FILE_000000000756075&fileSn=0,ok,200,application/x-download,2026년+미래내일+일경험+사업+참여기업+모집+공고(인턴형)_서식+포함+.pdf,540867,api\PBLN_000000000122145\0_2026년+미래내일+일경험+사업+참여기업+모집+공고(인턴형)_서식+포함+.pdf,
PBLN_000000000122128,0,https://www.bizinfo.go.kr/cmm/fms/getImageFile.do?atchFileId=FILE_000000000755994&fileSn=1,ok,200,application/x-download,「2026년 울진군 소상공인 카드수수료 지원사업」참여업체 모집 공고_.pdf,300629,api\PBLN_000000000122128\0_「2026년 울진군 소상공인 카드수수료 지원사업」참여업체 모집 공고_.pdf,
PBLN_000000000122121,0,https://www.bizinfo.go.kr/cmm/fms/getImageFile.do?atchFileId=FILE_000000000755972&fileSn=0,ok,200,application/x-download,2026 해외 상표 무단선점 심층조사 지원사업 공고.pdf,1112480,api\PBLN_000000000122121\0_2026 해외 상표 무단선점 심층조사 지원사업 공고.pdf,
PBLN_000000000122114,0,https://www.bizinfo.go.kr/cmm/fms/getImageFile.do?atchFileId=FILE_000000000755952&fileSn=0,ok,200,application/x-download,(공고문)국가산단 소규모 영세사업장 안전컨설팅 지원사업 참여기업 모집공고.pdf,118163,api\PBLN_000000000122114\0_(공고문)국가산단 소규모 영세사업장 안전컨설팅 지원사업 참여기업 모집공고.pdf,
PBLN_000000000122104,0,https://www.bizinfo.go.kr/cmm/fms/getImageFile.do?atchFileId=FILE_000000000755930&fileSn=1,ok,200,application/x-download,홍보물(수정).png,5682448,api\PBLN_000000000122104\0_홍보물(수정).png,
PBLN_000000000122103,0,https://www.bizinfo.go.kr/cmm/fms/getImageFile.do?atchFileId=FILE_000000000755923&fileSn=1,ok,200,application/x-download,(공고문)+2026년+기술임치기업+보증용+기술가치평가+지원사업+공고+.pdf,225418,api\PBLN_000000000122103\0_(공고문)+2026년+기술임치기업+보증용+기술가치평가+지원사업+공고+.pdf,
PBLN_000000000122057,0,https://www.bizinfo.go.kr/cmm/fms/getImageFile.do?atchFileId=FILE_000000000755721&fileSn=0,ok,200,application/x-download,김포시 중소기업 긴급경영자금 지원계획 공고문.hwp,107520,api\PBLN_000000000122057\0_김포시 중소기업 긴급경영자금 지원계획 공고문.hwp,
PBLN_000000000122045,0,https://www.bizinfo.go.kr/cmm/fms/getImageFile.do?atchFileId=FILE_000000000755682&fileSn=0,ok,200,application/x-download,2026년 연구조직(기업부설연구소 등) 설립 및 기술·경영혁신 인증 지원사업 참여기업 모집 공고문.pdf,347005,api\PBLN_000000000122045\0_2026년 연구조직(기업부설연구소 등) 설립 및 기술·경영혁신 인증 지원사업 참여기업 모집 공고문.pdf,
PBLN_000000000122042,0,https://www.bizinfo.go.kr/cmm/fms/getImageFile.do?atchFileId=FILE_000000000755678&fileSn=2,ok,200,application/x-download,붙임 1. 2026년 기술혁신전문가(기술닥터) 지원사업 공고문.pdf,1535316,api\PBLN_000000000122042\0_붙임 1. 2026년 기술혁신전문가(기술닥터) 지원사업 공고문.pdf,
PBLN_000000000122026,0,https://www.bizinfo.go.kr/cmm/fms/getImageFile.do?atchFileId=FILE_000000000755630&fileSn=0,ok,200,application/x-download,2026년 소상공인 특례보증 지원 확대 계획 공고.pdf,104299,api\PBLN_000000000122026\0_2026년 소상공인 특례보증 지원 확대 계획 공고.pdf,
PBLN_000000000122024,0,https://www.bizinfo.go.kr/cmm/fms/getImageFile.do?atchFileId=FILE_000000000755624&fileSn=0,ok,200,application/x-download,2026년 중소기업 특례보증 지원 확대 계획 공고.pdf,109475,api\PBLN_000000000122024\0_2026년 중소기업 특례보증 지원 확대 계획 공고.pdf,
PBLN_000000000122007,0,https://www.bizinfo.go.kr/cmm/fms/getImageFile.do?atchFileId=FILE_000000000755444&fileSn=0,ok,200,application/x-download,2026년 원산지 검증 대응 지원 컨설팅 모집공고.pdf,310364,api\PBLN_000000000122007\0_2026년 원산지 검증 대응 지원 컨설팅 모집공고.pdf,
PBLN_000000000121980,0,https://www.bizinfo.go.kr/cmm/fms/getImageFile.do?atchFileId=FILE_000000000755381&fileSn=1,ok,200,application/x-download,붙임1_2026년 강릉시 중소기업 지식재산 국내 분쟁 지원 사업 모집 연장 공고.pdf,105563,api\PBLN_000000000121980\0_붙임1_2026년 강릉시 중소기업 지식재산 국내 분쟁 지원 사업 모집 연장 공고.pdf,
PBLN_000000000121976,0,https://www.bizinfo.go.kr/cmm/fms/getImageFile.do?atchFileId=FILE_000000000755356&fileSn=1,ok,200,application/x-download,2026년_포천가산가구소공인특화지원센터_사업공고_및_신청서식(재공고).hwp,2097152,api\PBLN_000000000121976\0_2026년_포천가산가구소공인특화지원센터_사업공고_및_신청서식(재공고).hwp,
PBLN_000000000121956,0,https://www.bizinfo.go.kr/cmm/fms/getImageFile.do?atchFileId=FILE_000000000755251&fileSn=0,ok,200,application/x-download,[제2026-105호] (국비)금형 디지털전환 지원사업 2026년 기술지도 공고문.hwp,83456,api\PBLN_000000000121956\0_[제2026-105호] (국비)금형 디지털전환 지원사업 2026년 기술지도 공고문.hwp,
PBLN_000000000121945,0,https://www.bizinfo.go.kr/cmm/fms/getImageFile.do?atchFileId=FILE_000000000755222&fileSn=0,ok,200,application/x-download,(260512)_2026년_자이언트캐스팅_시험평가지원_기술지도_시행공고문.pdf,201560,api\PBLN_000000000121945\0_(260512)_2026년_자이언트캐스팅_시험평가지원_기술지도_시행공고문.pdf,
PBLN_000000000121931,0,https://www.bizinfo.go.kr/cmm/fms/getImageFile.do?atchFileId=FILE_000000000755184&fileSn=0,ok,200,application/x-download,2026년 소상공인 경영전략 컨설팅 소상공인 모집 공고문.pdf,227868,api\PBLN_000000000121931\0_2026년 소상공인 경영전략 컨설팅 소상공인 모집 공고문.pdf,
PBLN_000000000121915,0,https://www.bizinfo.go.kr/cmm/fms/getImageFile.do?atchFileId=FILE_000000000755149&fileSn=0,ok,200,application/x-download,2026+광주기획전+입점+참여+소상공인+모집공고.hwp,176640,api\PBLN_000000000121915\0_2026+광주기획전+입점+참여+소상공인+모집공고.hwp,
PBLN_000000000121892,0,https://www.bizinfo.go.kr/cmm/fms/getImageFile.do?atchFileId=FILE_000000000755052&fileSn=1,ok,200,application/x-download,붙임 공고문(2026년 해외공공조달 시장 진출 지원사업).pdf,415279,api\PBLN_000000000121892\0_붙임 공고문(2026년 해외공공조달 시장 진출 지원사업).pdf,
PBLN_000000000121889,0,https://www.bizinfo.go.kr/cmm/fms/getImageFile.do?atchFileId=FILE_000000000755029&fileSn=0,ok,200,application/x-download,대전상공회의소 중소기업 PL보험료 지원 사업 공고문.hwp,32768,api\PBLN_000000000121889\0_대전상공회의소 중소기업 PL보험료 지원 사업 공고문.hwp,
PBLN_000000000121888,0,https://www.bizinfo.go.kr/cmm/fms/getImageFile.do?atchFileId=FILE_000000000755036&fileSn=1,ok,200,application/x-download,중소기업 육성자금 지원계획 2차 변경 공고.hwpx,245698,api\PBLN_000000000121888\0_중소기업 육성자금 지원계획 2차 변경 공고.hwpx,
PBLN_000000000121868,0,https://www.bizinfo.go.kr/cmm/fms/getImageFile.do?atchFileId=FILE_000000000754958&fileSn=0,ok,200,application/x-download,(통합본)_컨설팅_지원사업_공고문.hwp,79872,api\PBLN_000000000121868\0_(통합본)_컨설팅_지원사업_공고문.hwp,
PBLN_000000000121852,0,https://www.bizinfo.go.kr/cmm/fms/getImageFile.do?atchFileId=FILE_000000000754887&fileSn=0,ok,200,application/x-download,인천지역기업 신용평가 지원사업 공고문.pdf,115533,api\PBLN_000000000121852\0_인천지역기업 신용평가 지원사업 공고문.pdf,
PBLN_000000000121849,0,https://www.bizinfo.go.kr/cmm/fms/getImageFile.do?atchFileId=FILE_000000000754875&fileSn=0,ok,200,application/x-download,전기차 차체섀시 충돌안전 기업지원 공고(xEV 보호차체 충돌안전 기업지원사업).hwp,82432,api\PBLN_000000000121849\0_전기차 차체섀시 충돌안전 기업지원 공고(xEV 보호차체 충돌안전 기업지원사업).hwp,
PBLN_000000000121840,0,https://www.bizinfo.go.kr/cmm/fms/getImageFile.do?atchFileId=FILE_000000000754862&fileSn=1,ok,200,application/x-download,「2026년 중소기업 해외세일즈 개별 출장 지원」모집 변경공고.pdf,212865,api\PBLN_000000000121840\0_「2026년 중소기업 해외세일즈 개별 출장 지원」모집 변경공고.pdf,
PBLN_000000000121832,0,https://www.bizinfo.go.kr/cmm/fms/getImageFile.do?atchFileId=FILE_000000000754846&fileSn=1,ok,200,application/x-download,2026년 청년창업자금 무이자 대출지원 사업 변경공고.pdf,761174,api\PBLN_000000000121832\0_2026년 청년창업자금 무이자 대출지원 사업 변경공고.pdf,
PBLN_000000000121819,0,https://www.bizinfo.go.kr/cmm/fms/getImageFile.do?atchFileId=FILE_000000000754811&fileSn=1,ok,200,application/x-download,붙임1. 2026년도 울산 자유무역지역 역량강화 기업지원사업 공고문.hwp,78336,api\PBLN_000000000121819\0_붙임1. 2026년도 울산 자유무역지역 역량강화 기업지원사업 공고문.hwp,
PBLN_000000000121811,0,https://www.bizinfo.go.kr/cmm/fms/getImageFile.do?atchFileId=FILE_000000000754780&fileSn=0,ok,200,application/x-download,1) 공고문(3차공고)+.pdf,239816,api\PBLN_000000000121811\0_1) 공고문(3차공고)+.pdf,
PBLN_000000000121804,0,https://www.bizinfo.go.kr/cmm/fms/getImageFile.do?atchFileId=FILE_000000000754762&fileSn=1,ok,200,application/x-download,「2026년+자영업자+사회보험료+지원」모집+공고.pdf,257092,api\PBLN_000000000121804\0_「2026년+자영업자+사회보험료+지원」모집+공고.pdf,
PBLN_000000000121799,0,https://www.bizinfo.go.kr/cmm/fms/getImageFile.do?atchFileId=FILE_000000000754742&fileSn=0,ok,200,application/x-download,조선일보 연계 중소기업 홍보 판매지원.jpg,666953,api\PBLN_000000000121799\0_조선일보 연계 중소기업 홍보 판매지원.jpg,
PBLN_000000000121794,0,https://www.bizinfo.go.kr/cmm/fms/getImageFile.do?atchFileId=FILE_000000000754728&fileSn=0,ok,200,application/x-download,미래내일 일경험(인턴형) 참여기업 모집.jpg,288315,api\PBLN_000000000121794\0_미래내일 일경험(인턴형) 참여기업 모집.jpg,
PBLN_000000000121791,0,https://www.bizinfo.go.kr/cmm/fms/getImageFile.do?atchFileId=FILE_000000000754719&fileSn=1,ok,200,application/x-download,(1P)(포스터) 26년 KPC 중소중견기업 ESG 공급망실사.jpg,1536474,api\PBLN_000000000121791\0_(1P)(포스터) 26년 KPC 중소중견기업 ESG 공급망실사.jpg,
PBLN_000000000121787,0,https://www.bizinfo.go.kr/cmm/fms/getImageFile.do?atchFileId=FILE_000000000754673&fileSn=0,ok,200,application/x-download,2026-1046_(공고문) 2026년 사회적가치지표(SVI) 측정 교육 및 컨설팅 참여기업 모집 공고(최종).pdf,297229,api\PBLN_000000000121787\0_2026-1046_(공고문) 2026년 사회적가치지표(SVI) 측정 교육 및 컨설팅 참여기업 모집 공고(최종).pdf,
PBLN_000000000121785,0,https://www.bizinfo.go.kr/cmm/fms/getImageFile.do?atchFileId=FILE_000000000754671&fileSn=0,ok,200,application/x-download,광주광역시소규모밀착안전망구축사업참여기업모집공고.pdf,185206,api\PBLN_000000000121785\0_광주광역시소규모밀착안전망구축사업참여기업모집공고.pdf,
PBLN_000000000121784,0,https://www.bizinfo.go.kr/cmm/fms/getImageFile.do?atchFileId=FILE_000000000754663&fileSn=1,ok,200,application/x-download,붙임 1. (공고문) 참여기업 모집공고.hwp,75264,api\PBLN_000000000121784\0_붙임 1. (공고문) 참여기업 모집공고.hwp,
PBLN_000000000121782,0,https://www.bizinfo.go.kr/cmm/fms/getImageFile.do?atchFileId=FILE_000000000754647&fileSn=0,ok,200,application/x-download,[공고문]+2026년+현장애로지원+기술닥터제+수요기업+모집.hwp,146432,api\PBLN_000000000121782\0_[공고문]+2026년+현장애로지원+기술닥터제+수요기업+모집.hwp,
PBLN_000000000121777,0,https://www.bizinfo.go.kr/cmm/fms/getImageFile.do?atchFileId=FILE_000000000754643&fileSn=0,ok,200,application/x-download,2026년 소상공인 산재보험료 지원사업 공고문.pdf,356277,api\PBLN_000000000121777\0_2026년 소상공인 산재보험료 지원사업 공고문.pdf,
PBLN_000000000121771,0,https://www.bizinfo.go.kr/cmm/fms/getImageFile.do?atchFileId=FILE_000000000754624&fileSn=0,ok,200,application/x-download,★2026년+특허분쟁+대응전략+지원사업+3차+공고.pdf,579306,api\PBLN_000000000121771\0_★2026년+특허분쟁+대응전략+지원사업+3차+공고.pdf,
PBLN_000000000121769,0,https://www.bizinfo.go.kr/cmm/fms/getImageFile.do?atchFileId=FILE_000000000754622&fileSn=0,ok,200,application/x-download,(공고문) 2026 제주다양성영화 후반단계 작품 인프라 활용 지원사업 공고.pdf,398129,api\PBLN_000000000121769\0_(공고문) 2026 제주다양성영화 후반단계 작품 인프라 활용 지원사업 공고.pdf,
PBLN_000000000121765,0,https://www.bizinfo.go.kr/cmm/fms/getImageFile.do?atchFileId=FILE_000000000754598&fileSn=1,ok,200,application/x-download,특성화고(일반기업) 참여기업 모집.pdf,762100,api\PBLN_000000000121765\0_특성화고(일반기업) 참여기업 모집.pdf,
PBLN_000000000121762,0,https://www.bizinfo.go.kr/cmm/fms/getImageFile.do?atchFileId=FILE_000000000754595&fileSn=1,ok,200,application/x-download,2026 메인비즈 현장방문 맞춤 코칭.pdf,260847,api\PBLN_000000000121762\0_2026 메인비즈 현장방문 맞춤 코칭.pdf,
PBLN_000000000121756,0,https://www.bizinfo.go.kr/cmm/fms/getImageFile.do?atchFileId=FILE_000000000754579&fileSn=0,ok,200,application/x-download,EMS_해외물류비_지원사업_공고문.pdf,204822,api\PBLN_000000000121756\0_EMS_해외물류비_지원사업_공고문.pdf,
PBLN_000000000121749,0,https://www.bizinfo.go.kr/cmm/fms/getImageFile.do?atchFileId=FILE_000000000754533&fileSn=0,ok,200,application/x-download,1.인공지능분야기술지도희망기업모집상시공고.hwp,57856,api\PBLN_000000000121749\0_1.인공지능분야기술지도희망기업모집상시공고.hwp,
PBLN_000000000121736,0,https://www.bizinfo.go.kr/cmm/fms/getImageFile.do?atchFileId=FILE_000000000754544&fileSn=0,ok,200,application/x-download,2026년+관광객+유치+인센티브+지원+변경+계획+공고문+.pdf,481191,api\PBLN_000000000121736\0_2026년+관광객+유치+인센티브+지원+변경+계획+공고문+.pdf,
PBLN_000000000121718,0,https://www.bizinfo.go.kr/cmm/fms/getImageFile.do?atchFileId=FILE_000000000754422&fileSn=0,ok,200,application/x-download,[붙임 1] 2025년 디지털트윈 플랫폼 활용 수요기업 모집 공고_배포용.pdf,329473,api\PBLN_000000000121718\0_[붙임 1] 2025년 디지털트윈 플랫폼 활용 수요기업 모집 공고_배포용.pdf,
PBLN_000000000121702,0,https://www.bizinfo.go.kr/cmm/fms/getImageFile.do?atchFileId=FILE_000000000754380&fileSn=0,ok,200,application/x-download,2026년 강원특별자치도청 수출단체보험 안내문+.pdf,350099,api\PBLN_000000000121702\0_2026년 강원특별자치도청 수출단체보험 안내문+.pdf,
PBLN_000000000121697,0,https://www.bizinfo.go.kr/cmm/fms/getImageFile.do?atchFileId=FILE_000000000754358&fileSn=0,ok,200,application/x-download,[붙임1] 「경상북도 중대재해 예방 사각지대 해소 지원사업」참여기업 모집공고.pdf,392871,api\PBLN_000000000121697\0_[붙임1] 「경상북도 중대재해 예방 사각지대 해소 지원사업」참여기업 모집공고.pdf,
PBLN_000000000121688,0,https://www.bizinfo.go.kr/cmm/fms/getImageFile.do?atchFileId=FILE_000000000754341&fileSn=0,ok,200,application/x-download,(제2026-343호) 2026년 중동피해 긴급지원 지사화사업 참여기업 모집 공고문(수정공고)_260504+.pdf,173585,api\PBLN_000000000121688\0_(제2026-343호) 2026년 중동피해 긴급지원 지사화사업 참여기업 모집 공고문(수정공고)_260504+.pdf,
PBLN_000000000121681,0,https://www.bizinfo.go.kr/cmm/fms/getImageFile.do?atchFileId=FILE_000000000754326&fileSn=1,ok,200,application/x-download,2026년+첫걸음입점+광주소상공인+지원사업+모집공고.hwp,116224,api\PBLN_000000000121681\0_2026년+첫걸음입점+광주소상공인+지원사업+모집공고.hwp,
PBLN_000000000121678,0,https://www.bizinfo.go.kr/cmm/fms/getImageFile.do?atchFileId=FILE_000000000754314&fileSn=1,ok,200,application/x-download,(붙임1)소상공인 카드수수료 모집공고(예천군).hwp,109568,api\PBLN_000000000121678\0_(붙임1)소상공인 카드수수료 모집공고(예천군).hwp,
PBLN_000000000121677,0,https://www.bizinfo.go.kr/cmm/fms/getImageFile.do?atchFileId=FILE_000000000754310&fileSn=0,ok,200,application/x-download,대전상공회의소 ESG 경영 컨설팅 지원사업 공고_2026 (1).hwp,32768,api\PBLN_000000000121677\0_대전상공회의소 ESG 경영 컨설팅 지원사업 공고_2026 (1).hwp,
PBLN_000000000121676,0,https://www.bizinfo.go.kr/cmm/fms/getImageFile.do?atchFileId=FILE_000000000754308&fileSn=1,ok,200,application/x-download,대전상공회의소 마케팅(홍보) 지원사업 공고+.pdf,183624,api\PBLN_000000000121676\0_대전상공회의소 마케팅(홍보) 지원사업 공고+.pdf,
PBLN_000000000121671,0,https://www.bizinfo.go.kr/cmm/fms/getImageFile.do?atchFileId=FILE_000000000754298&fileSn=0,ok,200,application/x-download,붙임1. (충남) 2026 소상공인IP창출지원 상표출원 모집공고문.pdf,131477,api\PBLN_000000000121671\0_붙임1. (충남) 2026 소상공인IP창출지원 상표출원 모집공고문.pdf,
PBLN_000000000121664,0,https://www.bizinfo.go.kr/cmm/fms/getImageFile.do?atchFileId=FILE_000000000754224&fileSn=0,ok,200,application/x-download,2026년_IP투자연계_지식재산평가_지원사업_재공고_최종_hwp.pdf,539197,api\PBLN_000000000121664\0_2026년_IP투자연계_지식재산평가_지원사업_재공고_최종_hwp.pdf,
PBLN_000000000121646,0,https://www.bizinfo.go.kr/cmm/fms/getImageFile.do?atchFileId=FILE_000000000754176&fileSn=1,ok,200,application/x-download,(붙임1)소상공인 카드수수료 모집공고(안동시).pdf,304783,api\PBLN_000000000121646\0_(붙임1)소상공인 카드수수료 모집공고(안동시).pdf,
PBLN_000000000121635,0,https://www.bizinfo.go.kr/cmm/fms/getImageFile.do?atchFileId=FILE_000000000754138&fileSn=0,ok,200,application/x-download,[공고문] 2026 부산 지역 기업 온라인 입점지원 참가기업 모집공고.hwp,97792,api\PBLN_000000000121635\0_[공고문] 2026 부산 지역 기업 온라인 입점지원 참가기업 모집공고.hwp,
PBLN_000000000121634,0,https://www.bizinfo.go.kr/cmm/fms/getImageFile.do?atchFileId=FILE_000000000754165&fileSn=1,ok,200,application/x-download,1.-2026년-창업-멘토링-희망기업-모집공고.hwp,78848,api\PBLN_000000000121634\0_1.-2026년-창업-멘토링-희망기업-모집공고.hwp,
PBLN_000000000121631,0,https://www.bizinfo.go.kr/cmm/fms/getImageFile.do?atchFileId=FILE_000000000754151&fileSn=1,ok,200,application/x-download,붙임. (기업용)기술닥터제 컨설팅 참여기업 신청 양식(2026).hwp,274944,api\PBLN_000000000121631\0_붙임. (기업용)기술닥터제 컨설팅 참여기업 신청 양식(2026).hwp,
PBLN_000000000121617,0,https://www.bizinfo.go.kr/cmm/fms/getImageFile.do?atchFileId=FILE_000000000754112&fileSn=1,ok,200,application/x-download,2026년 우수제품 지정 계획 변경 공고(1차).hwpx,324375,api\PBLN_000000000121617\0_2026년 우수제품 지정 계획 변경 공고(1차).hwpx,
PBLN_000000000121614,0,https://www.bizinfo.go.kr/cmm/fms/getImageFile.do?atchFileId=FILE_000000000754101&fileSn=0,ok,200,application/x-download,2026년광주광역시스마트공장지원계획공고문_260430.pdf,232497,api\PBLN_000000000121614\0_2026년광주광역시스마트공장지원계획공고문_260430.pdf,
PBLN_000000000121611,0,https://www.bizinfo.go.kr/cmm/fms/getImageFile.do?atchFileId=FILE_000000000754079&fileSn=0,ok,200,application/x-download,2026년 EU CBAM 대응 기업지원 컨설팅 2차 공고문+.pdf,390107,api\PBLN_000000000121611\0_2026년 EU CBAM 대응 기업지원 컨설팅 2차 공고문+.pdf,
PBLN_000000000121593,0,https://www.bizinfo.go.kr/cmm/fms/getImageFile.do?atchFileId=FILE_000000000754011&fileSn=1,ok,200,application/x-download,2026년「충남형 공산품 온라인 판로지원」사업 참가기업 모집 공고.pdf,155373,api\PBLN_000000000121593\0_2026년「충남형 공산품 온라인 판로지원」사업 참가기업 모집 공고.pdf,
PBLN_000000000121591,0,https://www.bizinfo.go.kr/cmm/fms/getImageFile.do?atchFileId=FILE_000000000753998&fileSn=0,ok,200,application/x-download,1. (공고문)「2026년 수소상용차 부품 성능 검증 기반 구축」사업 장비활용 지원 수혜기업 모집(공고번호).pdf,164144,api\PBLN_000000000121591\0_1. (공고문)「2026년 수소상용차 부품 성능 검증 기반 구축」사업 장비활용 지원 수혜기업 모집(공고번호).pdf,
PBLN_000000000121568,0,https://www.bizinfo.go.kr/cmm/fms/getImageFile.do?atchFileId=FILE_000000000753941&fileSn=1,ok,200,application/x-download,(붙임1)소상공인 카드수수료 모집공고(봉화군).hwp,109568,api\PBLN_000000000121568\0_(붙임1)소상공인 카드수수료 모집공고(봉화군).hwp,
PBLN_000000000121567,0,https://www.bizinfo.go.kr/cmm/fms/getImageFile.do?atchFileId=FILE_000000000753937&fileSn=1,ok,200,application/x-download,(붙임1)소상공인 카드수수료 모집공고(영양군).hwp,110080,api\PBLN_000000000121567\0_(붙임1)소상공인 카드수수료 모집공고(영양군).hwp,
PBLN_000000000121565,0,https://www.bizinfo.go.kr/cmm/fms/getImageFile.do?atchFileId=FILE_000000000753933&fileSn=1,ok,200,application/x-download,(붙임1)소상공인 카드수수료 모집공고(문경시).hwp,109568,api\PBLN_000000000121565\0_(붙임1)소상공인 카드수수료 모집공고(문경시).hwp,
PBLN_000000000121563,0,https://www.bizinfo.go.kr/cmm/fms/getImageFile.do?atchFileId=FILE_000000000753927&fileSn=2,ok,200,application/x-download,(붙임1)소상공인 카드수수료 모집공고(영주시).hwp,109568,api\PBLN_000000000121563\0_(붙임1)소상공인 카드수수료 모집공고(영주시).hwp,
PBLN_000000000121520,0,https://www.bizinfo.go.kr/cmm/fms/getImageFile.do?atchFileId=FILE_000000000753732&fileSn=0,ok,200,application/x-download,(공고문)「2026년 경주시 소상공인 카드수수료 지원사업」 참여 점포 모집 공고문.pdf,249637,api\PBLN_000000000121520\0_(공고문)「2026년 경주시 소상공인 카드수수료 지원사업」 참여 점포 모집 공고문.pdf,
PBLN_000000000121501,0,https://www.bizinfo.go.kr/cmm/fms/getImageFile.do?atchFileId=FILE_000000000753676&fileSn=0,ok,200,application/x-download,「퍼스널케어 융합 얼라이언스 육성사업」 비즈니스 경쟁력 강화지원 사업 추가모집 공고.pdf,172377,api\PBLN_000000000121501\0_「퍼스널케어 융합 얼라이언스 육성사업」 비즈니스 경쟁력 강화지원 사업 추가모집 공고.pdf,
PBLN_000000000121498,0,https://www.bizinfo.go.kr/cmm/fms/getImageFile.do?atchFileId=FILE_000000000753670&fileSn=0,ok,200,application/x-download,0422 농업용 면세유 지원(최종) (1).jpg,242343,api\PBLN_000000000121498\0_0422 농업용 면세유 지원(최종) (1).jpg,
PBLN_000000000121480,0,https://www.bizinfo.go.kr/cmm/fms/getImageFile.do?atchFileId=FILE_000000000753634&fileSn=1,ok,200,application/x-download,★ 2026년 TV홈쇼핑 및 데이터홈쇼핑 입점지원사업 소상공인 모집공고문+.pdf,374633,api\PBLN_000000000121480\0_★ 2026년 TV홈쇼핑 및 데이터홈쇼핑 입점지원사업 소상공인 모집공고문+.pdf,
PBLN_000000000121478,0,https://www.bizinfo.go.kr/cmm/fms/getImageFile.do?atchFileId=FILE_000000000753630&fileSn=0,ok,200,application/x-download,2026 소담스퀘어 전주 소상공인 지원 프로그램.png,1016526,api\PBLN_000000000121478\0_2026 소담스퀘어 전주 소상공인 지원 프로그램.png,
PBLN_000000000121467,0,https://www.bizinfo.go.kr/cmm/fms/getImageFile.do?atchFileId=FILE_000000000753552&fileSn=0,ok,200,application/x-download,「2026년 포항시 소상공인 카드수수료 지원사업」 참여업체 모집 공고.pdf,316073,api\PBLN_000000000121467\0_「2026년 포항시 소상공인 카드수수료 지원사업」 참여업체 모집 공고.pdf,
PBLN_000000000121466,0,https://www.bizinfo.go.kr/cmm/fms/getImageFile.do?atchFileId=FILE_000000000753550&fileSn=0,ok,200,application/x-download,붙임1. (공고문) 2026년 경산시 중소기업 기숙사 임차비 지원사업.pdf,367031,api\PBLN_000000000121466\0_붙임1. (공고문) 2026년 경산시 중소기업 기숙사 임차비 지원사업.pdf,
PBLN_000000000121444,0,https://www.bizinfo.go.kr/cmm/fms/getImageFile.do?atchFileId=FILE_000000000753497&fileSn=0,ok,200,application/x-download,1. 2026년 품질경쟁력 강화 지원사업 공고문.pdf,200192,api\PBLN_000000000121444\0_1. 2026년 품질경쟁력 강화 지원사업 공고문.pdf,
PBLN_000000000121442,0,https://www.bizinfo.go.kr/cmm/fms/getImageFile.do?atchFileId=FILE_000000000753483&fileSn=0,ok,200,application/x-download,(붙임)2026 인천 소규모 제조업 중대재해 예방 안전조치 지원사업 모집 공고문 및 신청서식_260427.hwp,158208,api\PBLN_000000000121442\0_(붙임)2026 인천 소규모 제조업 중대재해 예방 안전조치 지원사업 모집 공고문 및 신청서식_260427.hwp,
PBLN_000000000121424,0,https://www.bizinfo.go.kr/cmm/fms/getImageFile.do?atchFileId=FILE_000000000753439&fileSn=0,ok,200,application/x-download,[붙임1] 2026년 고령군 지역발전 우수기업 환경개선 사업 참가기업 모집 공고.pdf,253756,api\PBLN_000000000121424\0_[붙임1] 2026년 고령군 지역발전 우수기업 환경개선 사업 참가기업 모집 공고.pdf,
PBLN_000000000121421,0,https://www.bizinfo.go.kr/cmm/fms/getImageFile.do?atchFileId=FILE_000000000753435&fileSn=0,ok,200,application/x-download,(공고문)「2026년 영천시 소상공인 카드수수료 지원사업」 참여 점포 모집 공고문.pdf,310481,api\PBLN_000000000121421\0_(공고문)「2026년 영천시 소상공인 카드수수료 지원사업」 참여 점포 모집 공고문.pdf,
PBLN_000000000121417,0,https://www.bizinfo.go.kr/cmm/fms/getImageFile.do?atchFileId=FILE_000000000753424&fileSn=0,ok,200,application/x-download,붙임1.+디지털전환+현장캠퍼스+2026년도+지원대상+기업+모집+공고문+.pdf,285428,api\PBLN_000000000121417\0_붙임1.+디지털전환+현장캠퍼스+2026년도+지원대상+기업+모집+공고문+.pdf,
PBLN_000000000121411,0,https://www.bizinfo.go.kr/cmm/fms/getImageFile.do?atchFileId=FILE_000000000753368&fileSn=0,ok,200,application/x-download,(공고문) 2026년 울주군 강소기업 육성 기술 혁신 지원사업 추가모집.hwp,83968,api\PBLN_000000000121411\0_(공고문) 2026년 울주군 강소기업 육성 기술 혁신 지원사업 추가모집.hwp,
PBLN_000000000121397,0,https://www.bizinfo.go.kr/cmm/fms/getImageFile.do?atchFileId=FILE_000000000753335&fileSn=0,ok,200,application/x-download,[공고] 2026년 강원바이오기업 애로해소 지원기업 모집.pdf,184483,api\PBLN_000000000121397\0_[공고] 2026년 강원바이오기업 애로해소 지원기업 모집.pdf,
PBLN_000000000121392,0,https://www.bizinfo.go.kr/cmm/fms/getImageFile.do?atchFileId=FILE_000000000753321&fileSn=1,ok,200,application/x-download,2026 충북식품 근로자 및 기업 고용안정 지원사업 모집 공고(2차).pdf,204637,api\PBLN_000000000121392\0_2026 충북식품 근로자 및 기업 고용안정 지원사업 모집 공고(2차).pdf,
PBLN_000000000121390,0,https://www.bizinfo.go.kr/cmm/fms/getImageFile.do?atchFileId=FILE_000000000753323&fileSn=2,ok,200,application/x-download,★2026년 김포시 사물인터넷(IoT) 측정기기 부착 지원사업 2차 공고문.pdf,548558,api\PBLN_000000000121390\0_★2026년 김포시 사물인터넷(IoT) 측정기기 부착 지원사업 2차 공고문.pdf,
PBLN_000000000121389,0,https://www.bizinfo.go.kr/cmm/fms/getImageFile.do?atchFileId=FILE_000000000753319&fileSn=1,ok,200,application/x-download,260422+2026년+농식품글로벌성장패키지+지원사업+모집공고(신청형+수시).pdf,914841,api\PBLN_000000000121389\0_260422+2026년+농식품글로벌성장패키지+지원사업+모집공고(신청형+수시).pdf,
PBLN_000000000121366,0,https://www.bizinfo.go.kr/cmm/fms/getImageFile.do?atchFileId=FILE_000000000753254&fileSn=0,ok,200,application/x-download,제주+소상공인·자영업자+재기지원사업+희망업체+모집+공고.pdf,414885,api\PBLN_000000000121366\0_제주+소상공인·자영업자+재기지원사업+희망업체+모집+공고.pdf,
PBLN_000000000121338,0,https://www.bizinfo.go.kr/cmm/fms/getImageFile.do?atchFileId=FILE_000000000753126&fileSn=0,ok,200,application/x-download,(공고문)「2026년 상주시 소상공인 카드수수료 지원사업」 참여 점포 모집 공고문-.pdf,302978,api\PBLN_000000000121338\0_(공고문)「2026년 상주시 소상공인 카드수수료 지원사업」 참여 점포 모집 공고문-.pdf,
PBLN_000000000121327,0,https://www.bizinfo.go.kr/cmm/fms/getImageFile.do?atchFileId=FILE_000000000753088&fileSn=1,ok,200,application/x-download,(붙임) 「2026년 상주형 일자리 공감페이 지원사업」 모집 공고 (최종).pdf,2115058,api\PBLN_000000000121327\0_(붙임) 「2026년 상주형 일자리 공감페이 지원사업」 모집 공고 (최종).pdf,
PBLN_000000000121326,0,https://www.bizinfo.go.kr/cmm/fms/getImageFile.do?atchFileId=FILE_000000000753090&fileSn=1,ok,200,application/x-download,(공고문)「2026년 고령군 소상공인 카드수수료 지원사업」 참여 점포 모집 공고문.pdf,314247,api\PBLN_000000000121326\0_(공고문)「2026년 고령군 소상공인 카드수수료 지원사업」 참여 점포 모집 공고문.pdf,
PBLN_000000000121314,0,https://www.bizinfo.go.kr/cmm/fms/getImageFile.do?atchFileId=FILE_000000000753058&fileSn=0,ok,200,application/x-download,(공고문)「2026년 포항시 일자리 공감페이(Pay)」 참여기업 모집 공고.pdf,373161,api\PBLN_000000000121314\0_(공고문)「2026년 포항시 일자리 공감페이(Pay)」 참여기업 모집 공고.pdf,
PBLN_000000000121311,0,https://www.bizinfo.go.kr/cmm/fms/getImageFile.do?atchFileId=FILE_000000000753054&fileSn=0,ok,200,application/x-download,[붙임]P⑤융복합가전산업고용안착활성화지원공고문.pdf,202230,api\PBLN_000000000121311\0_[붙임]P⑤융복합가전산업고용안착활성화지원공고문.pdf,
PBLN_000000000121291,0,https://www.bizinfo.go.kr/cmm/fms/getImageFile.do?atchFileId=FILE_000000000752994&fileSn=0,ok,200,application/x-download,(제2026-302호)_2026년_비즈니스지원단(현장클리닉)_사업_운영계획_공고.pdf,322777,api\PBLN_000000000121291\0_(제2026-302호)_2026년_비즈니스지원단(현장클리닉)_사업_운영계획_공고.pdf,
PBLN_000000000121288,0,https://www.bizinfo.go.kr/cmm/fms/getImageFile.do?atchFileId=FILE_000000000752987&fileSn=0,ok,200,application/x-download,[공고문 및 신청서] 2026 디지털커머스 전문기관 라이브커머스 운영 지원+.pdf,477181,api\PBLN_000000000121288\0_[공고문 및 신청서] 2026 디지털커머스 전문기관 라이브커머스 운영 지원+.pdf,
PBLN_000000000121285,0,https://www.bizinfo.go.kr/cmm/fms/getImageFile.do?atchFileId=FILE_000000000752982&fileSn=1,ok,200,application/x-download,2026 미래내일일경험지원사업_참여기업모집_이노비즈협회.pdf,1116545,api\PBLN_000000000121285\0_2026 미래내일일경험지원사업_참여기업모집_이노비즈협회.pdf,
PBLN_000000000121268,0,https://www.bizinfo.go.kr/cmm/fms/getImageFile.do?atchFileId=FILE_000000000752873&fileSn=0,ok,200,application/x-download,(공고문)2026년_인천형_특별경영안정자금_하나은행협업_지원.pdf,362612,api\PBLN_000000000121268\0_(공고문)2026년_인천형_특별경영안정자금_하나은행협업_지원.pdf,
PBLN_000000000121254,0,https://www.bizinfo.go.kr/cmm/fms/getImageFile.do?atchFileId=FILE_000000000752835&fileSn=1,ok,200,application/x-download,2026 B2C 해외쇼핑몰 판매지원 사업 참여기업 모집공고.pdf,382985,api\PBLN_000000000121254\0_2026 B2C 해외쇼핑몰 판매지원 사업 참여기업 모집공고.pdf,
PBLN_000000000121247,0,https://www.bizinfo.go.kr/cmm/fms/getImageFile.do?atchFileId=FILE_000000000752806&fileSn=0,ok,200,application/x-download,(수혜)2026년 3D프린팅 모형설계 및 후가공 지원사업 수혜기업 모집공고.hwp,101888,api\PBLN_000000000121247\0_(수혜)2026년 3D프린팅 모형설계 및 후가공 지원사업 수혜기업 모집공고.hwp,
PBLN_000000000121243,0,https://www.bizinfo.go.kr/cmm/fms/getImageFile.do?atchFileId=FILE_000000000752800&fileSn=0,ok,200,application/x-download,★2026년 울산광역시 중소기업 AI인프라 육성자금 계획 변경 공고+.pdf,774259,api\PBLN_000000000121243\0_★2026년 울산광역시 중소기업 AI인프라 육성자금 계획 변경 공고+.pdf,
PBLN_000000000121239,0,https://www.bizinfo.go.kr/cmm/fms/getImageFile.do?atchFileId=FILE_000000000752796&fileSn=0,ok,200,application/x-download,[붙임1]전북산업체애로기술해결을위한기술자문참여기업모집공고문.pdf,175115,api\PBLN_000000000121239\0_[붙임1]전북산업체애로기술해결을위한기술자문참여기업모집공고문.pdf,
PBLN_000000000121231,0,https://www.bizinfo.go.kr/cmm/fms/getImageFile.do?atchFileId=FILE_000000000752761&fileSn=0,ok,200,application/x-download,2026+디지털콘텐츠+홍보지원+소상공인+SNS+블로그+마케팅+지원+참여소상공인+모집공고.pdf,304225,api\PBLN_000000000121231\0_2026+디지털콘텐츠+홍보지원+소상공인+SNS+블로그+마케팅+지원+참여소상공인+모집공고.pdf,
PBLN_000000000121226,0,https://www.bizinfo.go.kr/cmm/fms/getImageFile.do?atchFileId=FILE_000000000752745&fileSn=0,ok,200,application/x-download,ICT융합_스마트공장_보급확산_사업__상생형_제조AX선도모델(추경)__주관기관_모집_공고문.pdf,549821,api\PBLN_000000000121226\0_ICT융합_스마트공장_보급확산_사업__상생형_제조AX선도모델(추경)__주관기관_모집_공고문.pdf,
PBLN_000000000121221,0,https://www.bizinfo.go.kr/cmm/fms/getImageFile.do?atchFileId=FILE_000000000752730&fileSn=0,ok,200,application/x-download,(공고문)_2026 중동상황 대응 물류지원금 지원사업.pdf,112289,api\PBLN_000000000121221\0_(공고문)_2026 중동상황 대응 물류지원금 지원사업.pdf,
PBLN_000000000121214,0,https://www.bizinfo.go.kr/cmm/fms/getImageFile.do?atchFileId=FILE_000000000752656&fileSn=0,ok,200,application/x-download,공고문_2026년도+광주·호남권+거점기업+육성+금융지원.hwp,1474048,api\PBLN_000000000121214\0_공고문_2026년도+광주·호남권+거점기업+육성+금융지원.hwp,
PBLN_000000000121208,0,https://www.bizinfo.go.kr/cmm/fms/getImageFile.do?atchFileId=FILE_000000000752645&fileSn=0,ok,200,application/x-download,(2026-301호) 2026년 지사화사업 참여기업 모집 공고(재수정공고)(260417)+.pdf,257625,api\PBLN_000000000121208\0_(2026-301호) 2026년 지사화사업 참여기업 모집 공고(재수정공고)(260417)+.pdf,
PBLN_000000000121198,0,https://www.bizinfo.go.kr/cmm/fms/getImageFile.do?atchFileId=FILE_000000000752614&fileSn=0,ok,200,application/x-download,1.2026년 중소기업 온라인입점지원사업 모집공고문(안).hwp,77312,api\PBLN_000000000121198\0_1.2026년 중소기업 온라인입점지원사업 모집공고문(안).hwp,
PBLN_000000000121197,0,https://www.bizinfo.go.kr/cmm/fms/getImageFile.do?atchFileId=FILE_000000000752612&fileSn=0,ok,200,application/x-download,2026년 창녕군 지역지식재산 창출지원사업 공고문.pdf,228621,api\PBLN_000000000121197\0_2026년 창녕군 지역지식재산 창출지원사업 공고문.pdf,
PBLN_000000000121195,0,https://www.bizinfo.go.kr/cmm/fms/getImageFile.do?atchFileId=FILE_000000000752598&fileSn=0,ok,200,application/x-download,(전단지) 2026년 청년일자리도약장려금_26.04개정.jpg,530555,api\PBLN_000000000121195\0_(전단지) 2026년 청년일자리도약장려금_26.04개정.jpg,
PBLN_000000000121194,0,https://www.bizinfo.go.kr/cmm/fms/getImageFile.do?atchFileId=FILE_000000000752608&fileSn=0,ok,200,application/x-download,2026년 고성군 지역지식재산창출 지원사업 공고문.pdf,227824,api\PBLN_000000000121194\0_2026년 고성군 지역지식재산창출 지원사업 공고문.pdf,
PBLN_000000000121193,0,https://www.bizinfo.go.kr/cmm/fms/getImageFile.do?atchFileId=FILE_000000000752606&fileSn=1,ok,200,application/x-download,[붙임1] 2026년 소상공인 IP출원(상표출원)지원사업 모집공고문+.pdf,87996,api\PBLN_000000000121193\0_[붙임1] 2026년 소상공인 IP출원(상표출원)지원사업 모집공고문+.pdf,
PBLN_000000000121191,0,https://www.bizinfo.go.kr/cmm/fms/getImageFile.do?atchFileId=FILE_000000000752596&fileSn=0,ok,200,application/x-download,2026년 산업 분야 온실가스 국제감축사업 공고문.hwpx,112128,api\PBLN_000000000121191\0_2026년 산업 분야 온실가스 국제감축사업 공고문.hwpx,
PBLN_000000000121182,0,https://www.bizinfo.go.kr/cmm/fms/getImageFile.do?atchFileId=FILE_000000000752581&fileSn=0,ok,200,application/x-download,「2026년+희망리턴패키지+재기사업화(경영개선)+위기+소상공인+진단·멘토링+지원」+소상공인+모집공고+.pdf,582787,api\PBLN_000000000121182\0_「2026년+희망리턴패키지+재기사업화(경영개선)+위기+소상공인+진단·멘토링+지원」+소상공인+모집공고+.pdf,
PBLN_000000000121175,0,https://www.bizinfo.go.kr/cmm/fms/getImageFile.do?atchFileId=FILE_000000000752557&fileSn=2,ok,200,application/x-download,2026년_스타트업_법률지원사업_참여기업_모집_공고(수정).hwpx,85476,api\PBLN_000000000121175\0_2026년_스타트업_법률지원사업_참여기업_모집_공고(수정).hwpx,
PBLN_000000000121165,0,https://www.bizinfo.go.kr/cmm/fms/getImageFile.do?atchFileId=FILE_000000000752466&fileSn=1,ok,200,application/x-download,(변경 공고문) 「제주항 화물유치 지원사업」 참여기업 모집.hwpx,86133,api\PBLN_000000000121165\0_(변경 공고문) 「제주항 화물유치 지원사업」 참여기업 모집.hwpx,
PBLN_000000000121148,0,https://www.bizinfo.go.kr/cmm/fms/getImageFile.do?atchFileId=FILE_000000000752421&fileSn=0,ok,200,application/x-download,창업의 꿈 울산이 이루어드림 모집 공고(안).pdf,302800,api\PBLN_000000000121148\0_창업의 꿈 울산이 이루어드림 모집 공고(안).pdf,
PBLN_000000000121145,0,https://www.bizinfo.go.kr/cmm/fms/getImageFile.do?atchFileId=FILE_000000000752417&fileSn=0,ok,200,application/x-download,「2026년 영천시 중소기업 기숙사 임차비 지원사업」참여기업 모집공고.pdf,307522,api\PBLN_000000000121145\0_「2026년 영천시 중소기업 기숙사 임차비 지원사업」참여기업 모집공고.pdf,
PBLN_000000000121134,0,https://www.bizinfo.go.kr/cmm/fms/getImageFile.do?atchFileId=FILE_000000000752389&fileSn=1,ok,200,application/x-download,2026년 광주 소상공인 주치의센터 컨설팅 참여업체 모집공고.hwp,122881,api\PBLN_000000000121134\0_2026년 광주 소상공인 주치의센터 컨설팅 참여업체 모집공고.hwp,
PBLN_000000000121131,0,https://www.bizinfo.go.kr/cmm/fms/getImageFile.do?atchFileId=FILE_000000000752381&fileSn=1,ok,200,application/x-download,[공고문] 2026년 「일터동행 기업 파트너십」 참여기업 모집(신청서 양식 포함).hwp,818688,api\PBLN_000000000121131\0_[공고문] 2026년 「일터동행 기업 파트너십」 참여기업 모집(신청서 양식 포함).hwp,
PBLN_000000000121107,0,https://www.bizinfo.go.kr/cmm/fms/getImageFile.do?atchFileId=FILE_000000000752277&fileSn=2,ok,200,application/x-download,(붙임1) 2026년 사회적가치지표(SVI) 측정기업 모집 공고.pdf,539177,api\PBLN_000000000121107\0_(붙임1) 2026년 사회적가치지표(SVI) 측정기업 모집 공고.pdf,
PBLN_000000000121103,0,https://www.bizinfo.go.kr/cmm/fms/getImageFile.do?atchFileId=FILE_000000000752248&fileSn=0,ok,200,application/x-download,「2026년 경주시 온라인 플랫폼 판로지원」온라인 기획전 참여업체 모집공고.pdf,181594,api\PBLN_000000000121103\0_「2026년 경주시 온라인 플랫폼 판로지원」온라인 기획전 참여업체 모집공고.pdf,
PBLN_000000000121099,0,https://www.bizinfo.go.kr/cmm/fms/getImageFile.do?atchFileId=FILE_000000000752238&fileSn=0,ok,200,application/x-download,중소조선함정MRO글로벌경쟁력강화지원사업+인력양성+참여기업+모집공고.hwp,173568,api\PBLN_000000000121099\0_중소조선함정MRO글로벌경쟁력강화지원사업+인력양성+참여기업+모집공고.hwp,
PBLN_000000000121098,0,https://www.bizinfo.go.kr/cmm/fms/getImageFile.do?atchFileId=FILE_000000000752240&fileSn=1,ok,200,application/x-download,(전동화+전력반도체+일괄공정+테스트베드+구축사업)+기업지원(1차)+모집+공고문.hwp,146944,api\PBLN_000000000121098\0_(전동화+전력반도체+일괄공정+테스트베드+구축사업)+기업지원(1차)+모집+공고문.hwp,
PBLN_000000000121076,0,https://www.bizinfo.go.kr/cmm/fms/getImageFile.do?atchFileId=FILE_000000000752180&fileSn=1,ok,200,application/x-download,2026_원스톱_사업_공고문.hwpx,74734,api\PBLN_000000000121076\0_2026_원스톱_사업_공고문.hwpx,
PBLN_000000000121068,0,https://www.bizinfo.go.kr/cmm/fms/getImageFile.do?atchFileId=FILE_000000000752158&fileSn=1,ok,200,application/x-download,2026년도 단체관광객 유치 여행사 인센티브 지원 공고.pdf,208074,api\PBLN_000000000121068\0_2026년도 단체관광객 유치 여행사 인센티브 지원 공고.pdf,
PBLN_000000000121063,0,https://www.bizinfo.go.kr/cmm/fms/getImageFile.do?atchFileId=FILE_000000000752140&fileSn=1,ok,200,application/x-download,GMR-2026-015-2026년_경기도_소상공인_사업정리_지원사업_모집공고문_v2.hwp,133120,api\PBLN_000000000121063\0_GMR-2026-015-2026년_경기도_소상공인_사업정리_지원사업_모집공고문_v2.hwp,
PBLN_000000000121039,0,https://www.bizinfo.go.kr/cmm/fms/getImageFile.do?atchFileId=FILE_000000000752028&fileSn=1,ok,200,application/x-download,[붙임] 2026 충청북도 기숙사임차비지원사업 참여기업 2차 추가모집 공고.pdf,522608,api\PBLN_000000000121039\0_[붙임] 2026 충청북도 기숙사임차비지원사업 참여기업 2차 추가모집 공고.pdf,
PBLN_000000000121038,0,https://www.bizinfo.go.kr/cmm/fms/getImageFile.do?atchFileId=FILE_000000000752031&fileSn=0,ok,200,application/x-download,2026년 IoT_보안인증_인증시험 수수료_지원_안내문.hwpx,106401,api\PBLN_000000000121038\0_2026년 IoT_보안인증_인증시험 수수료_지원_안내문.hwpx,
PBLN_000000000121025,0,https://www.bizinfo.go.kr/cmm/fms/getImageFile.do?atchFileId=FILE_000000000751992&fileSn=1,ok,200,application/x-download,[공고문] 2026 엔지니어링 지원사업_공고문+.pdf,92414,api\PBLN_000000000121025\0_[공고문] 2026 엔지니어링 지원사업_공고문+.pdf,
PBLN_000000000121003,0,https://www.bizinfo.go.kr/cmm/fms/getImageFile.do?atchFileId=FILE_000000000751919&fileSn=2,ok,200,application/x-download,공고-2026-21호-붙임-2026년-수출패키징-지원사업-모집-공고_F+.pdf,1433629,api\PBLN_000000000121003\0_공고-2026-21호-붙임-2026년-수출패키징-지원사업-모집-공고_F+.pdf,
PBLN_000000000121002,0,https://www.bizinfo.go.kr/cmm/fms/getImageFile.do?atchFileId=FILE_000000000751917&fileSn=0,ok,200,application/x-download,★ 경남 방위산업 격차완화 지원사업 참여자 모집 공고.pdf,608614,api\PBLN_000000000121002\0_★ 경남 방위산업 격차완화 지원사업 참여자 모집 공고.pdf,
PBLN_000000000121001,0,https://www.bizinfo.go.kr/cmm/fms/getImageFile.do?atchFileId=FILE_000000000751925&fileSn=0,ok,200,application/x-download,소상공인 포장재 구입비 긴급 지원사업 공고문.pdf,238360,api\PBLN_000000000121001\0_소상공인 포장재 구입비 긴급 지원사업 공고문.pdf,
PBLN_000000000120976,0,https://www.bizinfo.go.kr/cmm/fms/getImageFile.do?atchFileId=FILE_000000000751819&fileSn=0,ok,200,application/x-download,[양식]+글로벌+공고문.hwp,66560,api\PBLN_000000000120976\0_[양식]+글로벌+공고문.hwp,
PBLN_000000000120964,0,https://www.bizinfo.go.kr/cmm/fms/getImageFile.do?atchFileId=FILE_000000000751788&fileSn=0,ok,200,application/x-download,「2026년 경주시 중소기업 화재보험료 지원사업」참여업체 모집 공고.pdf,306130,api\PBLN_000000000120964\0_「2026년 경주시 중소기업 화재보험료 지원사업」참여업체 모집 공고.pdf,
PBLN_000000000120959,0,https://www.bizinfo.go.kr/cmm/fms/getImageFile.do?atchFileId=FILE_000000000751780&fileSn=0,ok,200,application/x-download,붙임. 참여모집 안내문- 2026 수출기업 외국어 통·번역 지원사업 참여기업 모집공고.pdf,280867,api\PBLN_000000000120959\0_붙임. 참여모집 안내문- 2026 수출기업 외국어 통·번역 지원사업 참여기업 모집공고.pdf,
PBLN_000000000120957,0,https://www.bizinfo.go.kr/cmm/fms/getImageFile.do?atchFileId=FILE_000000000751765&fileSn=0,ok,200,application/x-download,붙임1.2026년 강릉시 수출기업 홍보 웹사이트 입점 기업 모집 공고.pdf,1157645,api\PBLN_000000000120957\0_붙임1.2026년 강릉시 수출기업 홍보 웹사이트 입점 기업 모집 공고.pdf,
PBLN_000000000120946,0,https://www.bizinfo.go.kr/cmm/fms/getImageFile.do?atchFileId=FILE_000000000751745&fileSn=1,ok,200,application/x-download,붙임1. 「2026년 전남 창업 BuS」 참여기업 모집 공고문.hwp,172032,api\PBLN_000000000120946\0_붙임1. 「2026년 전남 창업 BuS」 참여기업 모집 공고문.hwp,
PBLN_000000000120944,0,https://www.bizinfo.go.kr/cmm/fms/getImageFile.do?atchFileId=FILE_000000000751726&fileSn=1,ok,200,application/x-download,2026년 소상공인 신규채용 인건비 지원사업 공고문.pdf,439060,api\PBLN_000000000120944\0_2026년 소상공인 신규채용 인건비 지원사업 공고문.pdf,
PBLN_000000000120933,0,https://www.bizinfo.go.kr/cmm/fms/getImageFile.do?atchFileId=FILE_000000000751696&fileSn=2,ok,200,application/x-download,26년 대야기계장비 소공인특화지원센터 자율사업 통합 모집공고+.pdf,295520,api\PBLN_000000000120933\0_26년 대야기계장비 소공인특화지원센터 자율사업 통합 모집공고+.pdf,
PBLN_000000000120919,0,https://www.bizinfo.go.kr/cmm/fms/getImageFile.do?atchFileId=FILE_000000000751672&fileSn=0,ok,200,application/x-download,붙임1. [공고]플러스 고용활력 프로젝트.pdf,150506,api\PBLN_000000000120919\0_붙임1. [공고]플러스 고용활력 프로젝트.pdf,
PBLN_000000000120905,0,https://www.bizinfo.go.kr/cmm/fms/getImageFile.do?atchFileId=FILE_000000000751595&fileSn=0,ok,200,application/x-download,(공고문)2026년중소기업녹색인증컨설팅지원사업참여기업모집공고.pdf,448377,api\PBLN_000000000120905\0_(공고문)2026년중소기업녹색인증컨설팅지원사업참여기업모집공고.pdf,
PBLN_000000000120904,0,https://www.bizinfo.go.kr/cmm/fms/getImageFile.do?atchFileId=FILE_000000000751606&fileSn=1,ok,200,application/x-download,2026년 강원특별자치도 중소기업육성자금 지원 변경계획(3차) 공고문.hwp,91136,api\PBLN_000000000120904\0_2026년 강원특별자치도 중소기업육성자금 지원 변경계획(3차) 공고문.hwp,
PBLN_000000000120903,0,https://www.bizinfo.go.kr/cmm/fms/getImageFile.do?atchFileId=FILE_000000000751602&fileSn=0,ok,200,application/x-download,1. 2026년도 OK FTA 컨설팅 사업 참여기업 모집공고.pdf,217402,api\PBLN_000000000120903\0_1. 2026년도 OK FTA 컨설팅 사업 참여기업 모집공고.pdf,
PBLN_000000000120897,0,https://www.bizinfo.go.kr/cmm/fms/getImageFile.do?atchFileId=FILE_000000000751566&fileSn=0,ok,200,application/x-download,수산가공제품 박람회 참가 지원사업 공고.hwp,95232,api\PBLN_000000000120897\0_수산가공제품 박람회 참가 지원사업 공고.hwp,
PBLN_000000000120894,0,https://www.bizinfo.go.kr/cmm/fms/getImageFile.do?atchFileId=FILE_000000000751580&fileSn=0,ok,200,application/x-download,강원 지역 디지털 품질역량강화사업 컨설팅 및 테스팅 지원사업 모집 공고.pdf,175940,api\PBLN_000000000120894\0_강원 지역 디지털 품질역량강화사업 컨설팅 및 테스팅 지원사업 모집 공고.pdf,
PBLN_000000000120889,0,https://www.bizinfo.go.kr/cmm/fms/getImageFile.do?atchFileId=FILE_000000000751562&fileSn=0,ok,200,application/x-download,2026년 소상공인 융자금 이차보전 지원사업 정정 공고문.hwp,155136,api\PBLN_000000000120889\0_2026년 소상공인 융자금 이차보전 지원사업 정정 공고문.hwp,
PBLN_000000000120887,0,https://www.bizinfo.go.kr/cmm/fms/getImageFile.do?atchFileId=FILE_000000000751558&fileSn=0,ok,200,application/x-download,26년 소공인 공동판로개척사업 공고문+.pdf,373995,api\PBLN_000000000120887\0_26년 소공인 공동판로개척사업 공고문+.pdf,
PBLN_000000000120877,0,https://www.bizinfo.go.kr/cmm/fms/getImageFile.do?atchFileId=FILE_000000000751525&fileSn=1,ok,200,application/x-download,26년 소공인 컨설팅 지원사업 공고문.pdf,322511,api\PBLN_000000000120877\0_26년 소공인 컨설팅 지원사업 공고문.pdf,
PBLN_000000000120871,0,https://www.bizinfo.go.kr/cmm/fms/getImageFile.do?atchFileId=FILE_000000000751508&fileSn=0,ok,200,application/x-download,(모집공고문) 2026년 초거대 AI 기술 컨설팅 대상기업 모집 공고.hwp,114688,api\PBLN_000000000120871\0_(모집공고문) 2026년 초거대 AI 기술 컨설팅 대상기업 모집 공고.hwp,
PBLN_000000000120866,0,https://www.bizinfo.go.kr/cmm/fms/getImageFile.do?atchFileId=FILE_000000000751504&fileSn=0,ok,200,application/x-download,붙임.+(부산형+연구플랫폼+활성화지원)+기업지원+모집+공고문(안)_+.pdf,283122,api\PBLN_000000000120866\0_붙임.+(부산형+연구플랫폼+활성화지원)+기업지원+모집+공고문(안)_+.pdf,
PBLN_000000000120863,0,https://www.bizinfo.go.kr/cmm/fms/getImageFile.do?atchFileId=FILE_000000000751500&fileSn=1,ok,200,application/x-download,2026 청년 일경험 지원사업 인턴형 참여기업 모집.pdf,235396,api\PBLN_000000000120863\0_2026 청년 일경험 지원사업 인턴형 참여기업 모집.pdf,
PBLN_000000000120843,0,https://www.bizinfo.go.kr/cmm/fms/getImageFile.do?atchFileId=FILE_000000000751415&fileSn=1,ok,200,application/x-download,2026 아산시 단체관광객 유치 인센티브 지원 계획 공고(안).pdf,701423,api\PBLN_000000000120843\0_2026 아산시 단체관광객 유치 인센티브 지원 계획 공고(안).pdf,
PBLN_000000000120839,0,https://www.bizinfo.go.kr/cmm/fms/getImageFile.do?atchFileId=FILE_000000000751405&fileSn=0,ok,200,application/x-download,2026년 생계형 1인 자영업자 사회보험료 지원 공고문 및 신청서.hwp,163328,api\PBLN_000000000120839\0_2026년 생계형 1인 자영업자 사회보험료 지원 공고문 및 신청서.hwp,
PBLN_000000000120838,0,https://www.bizinfo.go.kr/cmm/fms/getImageFile.do?atchFileId=FILE_000000000751403&fileSn=0,ok,200,application/x-download,2026년 강원특별자치도 사회보험료 지원 공고문 및 신청서(10인 미만 사업장).hwp,173568,api\PBLN_000000000120838\0_2026년 강원특별자치도 사회보험료 지원 공고문 및 신청서(10인 미만 사업장).hwp,
PBLN_000000000120829,0,https://www.bizinfo.go.kr/cmm/fms/getImageFile.do?atchFileId=FILE_000000000751384&fileSn=0,ok,200,application/x-download,★2026년 울산광역시 소상공인 재기지원자금 긴급 융자지원계획 공고.hwp,156161,api\PBLN_000000000120829\0_★2026년 울산광역시 소상공인 재기지원자금 긴급 융자지원계획 공고.hwp,
PBLN_000000000120828,0,https://www.bizinfo.go.kr/cmm/fms/getImageFile.do?atchFileId=FILE_000000000751382&fileSn=0,ok,200,application/x-download,★2026년 2차 울산광역시 소상공인 경영안정자금 융자 긴급 융자지원계획 공고.hwp,68097,api\PBLN_000000000120828\0_★2026년 2차 울산광역시 소상공인 경영안정자금 융자 긴급 융자지원계획 공고.hwp,
PBLN_000000000120827,0,https://www.bizinfo.go.kr/cmm/fms/getImageFile.do?atchFileId=FILE_000000000751380&fileSn=0,ok,200,application/x-download,2026년 전북특별자치도소상공인희망센터 컨설팅 지원 참여업체 모집 안내.pdf,190474,api\PBLN_000000000120827\0_2026년 전북특별자치도소상공인희망센터 컨설팅 지원 참여업체 모집 안내.pdf,
PBLN_000000000120822,0,https://www.bizinfo.go.kr/cmm/fms/getImageFile.do?atchFileId=FILE_000000000751370&fileSn=0,ok,200,application/x-download,[공고문] 2026년 영천기업 연구시설장비 바우처 지원사업 공고문 및 신청서 등.hwp,186880,api\PBLN_000000000120822\0_[공고문] 2026년 영천기업 연구시설장비 바우처 지원사업 공고문 및 신청서 등.hwp,
PBLN_000000000120821,0,https://www.bizinfo.go.kr/cmm/fms/getImageFile.do?atchFileId=FILE_000000000751368&fileSn=0,ok,200,application/x-download,2026년 소담스퀘어강원 지원사업 소상공인 모집공고안.hwp,99840,api\PBLN_000000000120821\0_2026년 소담스퀘어강원 지원사업 소상공인 모집공고안.hwp,
PBLN_000000000120805,0,https://www.bizinfo.go.kr/cmm/fms/getImageFile.do?atchFileId=FILE_000000000751259&fileSn=0,ok,200,application/x-download,2026년+해외+세일즈출장+및+바이어초청+지원사업+참가업체+모집공고.hwp,126464,api\PBLN_000000000120805\0_2026년+해외+세일즈출장+및+바이어초청+지원사업+참가업체+모집공고.hwp,
PBLN_000000000120786,0,https://www.bizinfo.go.kr/cmm/fms/getImageFile.do?atchFileId=FILE_000000000751217&fileSn=1,ok,200,application/x-download,2026년+『컨설팅+지원사업』+모집공고문+및+사업신청서.pdf,384263,api\PBLN_000000000120786\0_2026년+『컨설팅+지원사업』+모집공고문+및+사업신청서.pdf,
PBLN_000000000120783,0,https://www.bizinfo.go.kr/cmm/fms/getImageFile.do?atchFileId=FILE_000000000751211&fileSn=0,ok,200,application/x-download,2026 기업협력프로젝트 참여기업 모집 공고.pdf,196663,api\PBLN_000000000120783\0_2026 기업협력프로젝트 참여기업 모집 공고.pdf,
PBLN_000000000120780,0,https://www.bizinfo.go.kr/cmm/fms/getImageFile.do?atchFileId=FILE_000000000751207&fileSn=1,ok,200,application/x-download,(공고문) 2026년_통상변화대응지원사업_참여기업_모집_공고.hwpx,203398,api\PBLN_000000000120780\0_(공고문) 2026년_통상변화대응지원사업_참여기업_모집_공고.hwpx,
PBLN_000000000120715,0,https://www.bizinfo.go.kr/cmm/fms/getImageFile.do?atchFileId=FILE_000000000750993&fileSn=0,ok,200,application/x-download,중동사태 관련 2026년 광주광역시 소상공인 특례보증 리플릿.jpg,1923722,api\PBLN_000000000120715\0_중동사태 관련 2026년 광주광역시 소상공인 특례보증 리플릿.jpg,
PBLN_000000000120707,0,https://www.bizinfo.go.kr/cmm/fms/getImageFile.do?atchFileId=FILE_000000000750976&fileSn=0,ok,200,application/x-download,(공고문) 2026년 구미시 스타트업 제작센터 참여기업 모집.pdf,416106,api\PBLN_000000000120707\0_(공고문) 2026년 구미시 스타트업 제작센터 참여기업 모집.pdf,
PBLN_000000000120698,0,https://www.bizinfo.go.kr/cmm/fms/getImageFile.do?atchFileId=FILE_000000000750904&fileSn=0,ok,200,application/x-download,시니어인턴십 홍보물_(주)아이피시 관악지사.png,259195,api\PBLN_000000000120698\0_시니어인턴십 홍보물_(주)아이피시 관악지사.png,
PBLN_000000000120694,0,https://www.bizinfo.go.kr/cmm/fms/getImageFile.do?atchFileId=FILE_000000000750893&fileSn=0,ok,200,application/x-download,2026 충북 수출기업 해외규격인증 취득 지원사업.pdf,589377,api\PBLN_000000000120694\0_2026 충북 수출기업 해외규격인증 취득 지원사업.pdf,
PBLN_000000000120684,0,https://www.bizinfo.go.kr/cmm/fms/getImageFile.do?atchFileId=FILE_000000000750857&fileSn=1,ok,200,application/x-download,2026년 식품진흥기금 융자사업 시행공고(세종시)+.pdf,198867,api\PBLN_000000000120684\0_2026년 식품진흥기금 융자사업 시행공고(세종시)+.pdf,
PBLN_000000000120681,0,https://www.bizinfo.go.kr/cmm/fms/getImageFile.do?atchFileId=FILE_000000000750864&fileSn=0,ok,200,application/x-download,2026년 IP디딤돌 프로그램 후속지원사업 대상 모집공고.hwp,93184,api\PBLN_000000000120681\0_2026년 IP디딤돌 프로그램 후속지원사업 대상 모집공고.hwp,
PBLN_000000000120679,0,https://www.bizinfo.go.kr/cmm/fms/getImageFile.do?atchFileId=FILE_000000000750850&fileSn=0,ok,200,application/x-download,2026년 시제품제작 장비(3D 프린팅) 공동활용 지원 안내.png,960735,api\PBLN_000000000120679\0_2026년 시제품제작 장비(3D 프린팅) 공동활용 지원 안내.png,
PBLN_000000000120673,0,https://www.bizinfo.go.kr/cmm/fms/getImageFile.do?atchFileId=FILE_000000000750844&fileSn=0,ok,200,application/x-download,[2026-10]_2026년_다공성_탄소소재_기반구축_사업_수혜기업_시제품_제작_및_기술지도_지원_사업_공고문.hwp,370688,api\PBLN_000000000120673\0_[2026-10]_2026년_다공성_탄소소재_기반구축_사업_수혜기업_시제품_제작_및_기술지도_지원_사업_공고문.hwp,
PBLN_000000000120653,0,https://www.bizinfo.go.kr/cmm/fms/getImageFile.do?atchFileId=FILE_000000000750784&fileSn=0,ok,200,application/x-download,[강원연계]+2026년+K-브랜드분쟁+대응전략+지원사업+수시+공고.pdf,373759,api\PBLN_000000000120653\0_[강원연계]+2026년+K-브랜드분쟁+대응전략+지원사업+수시+공고.pdf,
PBLN_000000000120639,0,https://www.bizinfo.go.kr/cmm/fms/getImageFile.do?atchFileId=FILE_000000000750747&fileSn=0,ok,200,application/x-download,2026년+소상공인+불공정거래+피해구제+지원+시행공고.pdf,596201,api\PBLN_000000000120639\0_2026년+소상공인+불공정거래+피해구제+지원+시행공고.pdf,
PBLN_000000000120635,0,https://www.bizinfo.go.kr/cmm/fms/getImageFile.do?atchFileId=FILE_000000000750672&fileSn=0,ok,200,application/x-download,[공고]+2026년+대구+마을기업+수요+맞춤형+지원사업안.pdf,171036,api\PBLN_000000000120635\0_[공고]+2026년+대구+마을기업+수요+맞춤형+지원사업안.pdf,
PBLN_000000000120620,0,https://www.bizinfo.go.kr/cmm/fms/getImageFile.do?atchFileId=FILE_000000000750642&fileSn=0,ok,200,application/x-download,붙임1. 2026년 SW IP(지식재산권) 평가보증 지원사업 공고문.pdf,191649,api\PBLN_000000000120620\0_붙임1. 2026년 SW IP(지식재산권) 평가보증 지원사업 공고문.pdf,
PBLN_000000000120618,0,https://www.bizinfo.go.kr/cmm/fms/getImageFile.do?atchFileId=FILE_000000000750636&fileSn=0,ok,200,application/x-download,2026년 충주시 중소기업육성기금 지원계획 변경 공고문.hwpx,106774,api\PBLN_000000000120618\0_2026년 충주시 중소기업육성기금 지원계획 변경 공고문.hwpx,
PBLN_000000000120608,0,https://www.bizinfo.go.kr/cmm/fms/getImageFile.do?atchFileId=FILE_000000000750615&fileSn=1,ok,200,application/x-download,공고문_2026년 컨설팅.pdf,182111,api\PBLN_000000000120608\0_공고문_2026년 컨설팅.pdf,
PBLN_000000000120604,0,https://www.bizinfo.go.kr/cmm/fms/getImageFile.do?atchFileId=FILE_000000000750601&fileSn=0,ok,200,application/x-download,공고_2026 구미시 중소기업 신용보증수수료 지원사업.hwp,93696,api\PBLN_000000000120604\0_공고_2026 구미시 중소기업 신용보증수수료 지원사업.hwp,
PBLN_000000000120603,0,https://www.bizinfo.go.kr/cmm/fms/getImageFile.do?atchFileId=FILE_000000000750599&fileSn=0,ok,200,application/x-download,[첨부2] 2026년도 에너지이용합리화자금 융자사업 공고.hwp,195072,api\PBLN_000000000120603\0_[첨부2] 2026년도 에너지이용합리화자금 융자사업 공고.hwp,
PBLN_000000000120591,0,https://www.bizinfo.go.kr/cmm/fms/getImageFile.do?atchFileId=FILE_000000000750566&fileSn=1,ok,200,application/x-download,[공고문]2026년 조선해양 배관 및 시운전(commissioning) 장비 공동활용 지원 사업.pdf,719589,api\PBLN_000000000120591\0_[공고문]2026년 조선해양 배관 및 시운전(commissioning) 장비 공동활용 지원 사업.pdf,
PBLN_000000000120588,0,https://www.bizinfo.go.kr/cmm/fms/getImageFile.do?atchFileId=FILE_000000000750560&fileSn=1,ok,200,application/x-download,[공고문]2026 해양플랜트산업지원센터 보유 시험장비-교육설비 활용지원사업.hwp,245760,api\PBLN_000000000120588\0_[공고문]2026 해양플랜트산업지원센터 보유 시험장비-교육설비 활용지원사업.hwp,
PBLN_000000000120566,0,https://www.bizinfo.go.kr/cmm/fms/getImageFile.do?atchFileId=FILE_000000000750462&fileSn=0,ok,200,application/x-download,2026년도_지식재산경영인증_신청안내_260401.pdf,379242,api\PBLN_000000000120566\0_2026년도_지식재산경영인증_신청안내_260401.pdf,
PBLN_000000000120562,0,https://www.bizinfo.go.kr/cmm/fms/getImageFile.do?atchFileId=FILE_000000000750447&fileSn=0,ok,200,application/x-download,2026년도_지식재산경영인증_멘토링_신청안내_260401.pdf,101597,api\PBLN_000000000120562\0_2026년도_지식재산경영인증_멘토링_신청안내_260401.pdf,
PBLN_000000000120549,0,https://www.bizinfo.go.kr/cmm/fms/getImageFile.do?atchFileId=FILE_000000000750414&fileSn=1,ok,200,application/x-download,[공고]2026년 항노화기업 천연물 소재화 지원사업 참여기업 모집 공고.hwp,99328,api\PBLN_000000000120549\0_[공고]2026년 항노화기업 천연물 소재화 지원사업 참여기업 모집 공고.hwp,
PBLN_000000000120527,0,https://www.bizinfo.go.kr/cmm/fms/getImageFile.do?atchFileId=FILE_000000000750358&fileSn=0,ok,200,application/x-download,붙임 1. 2026년 「스마트 전자약 사업화 종합지원센터」 인허가 지원 기업 상시 모집 공고문.pdf,118407,api\PBLN_000000000120527\0_붙임 1. 2026년 「스마트 전자약 사업화 종합지원센터」 인허가 지원 기업 상시 모집 공고문.pdf,
PBLN_000000000120516,0,https://www.bizinfo.go.kr/cmm/fms/getImageFile.do?atchFileId=FILE_000000000750304&fileSn=1,ok,200,application/x-download,(공고문)+현장솔루션+랩(lab)+참여기업+모집+공고.pdf,285558,api\PBLN_000000000120516\0_(공고문)+현장솔루션+랩(lab)+참여기업+모집+공고.pdf,
PBLN_000000000120514,0,https://www.bizinfo.go.kr/cmm/fms/getImageFile.do?atchFileId=FILE_000000000750290&fileSn=0,ok,200,application/x-download,붙임2_중소기업 해외지사화 지원사업 공고문(2026).pdf,164062,api\PBLN_000000000120514\0_붙임2_중소기업 해외지사화 지원사업 공고문(2026).pdf,
PBLN_000000000120512,0,https://www.bizinfo.go.kr/cmm/fms/getImageFile.do?atchFileId=FILE_000000000750287&fileSn=1,ok,200,application/x-download,2026년 울산광역시 통상변화 대응 중소기업 육성자금 지원 변경 공고문.pdf,513113,api\PBLN_000000000120512\0_2026년 울산광역시 통상변화 대응 중소기업 육성자금 지원 변경 공고문.pdf,
PBLN_000000000120509,0,https://www.bizinfo.go.kr/cmm/fms/getImageFile.do?atchFileId=FILE_000000000750283&fileSn=0,ok,200,application/x-download,붙임1. (공고문) 2026년 충남 혁신기업 기술창업 활성화 지원사업 모집 공고.pdf,188208,api\PBLN_000000000120509\0_붙임1. (공고문) 2026년 충남 혁신기업 기술창업 활성화 지원사업 모집 공고.pdf,
PBLN_000000000120506,0,https://www.bizinfo.go.kr/cmm/fms/getImageFile.do?atchFileId=FILE_000000000750272&fileSn=1,ok,200,application/x-download,대전 소상공인·자영업자 재기지원 (컨설팅+경영개선) 공고.pdf,592055,api\PBLN_000000000120506\0_대전 소상공인·자영업자 재기지원 (컨설팅+경영개선) 공고.pdf,
PBLN_000000000120498,0,https://www.bizinfo.go.kr/cmm/fms/getImageFile.do?atchFileId=FILE_000000000750254&fileSn=0,ok,200,application/x-download,공고1405호 2026 GAP 안전성 분석지원사업 신청 공고.hwp,61440,api\PBLN_000000000120498\0_공고1405호 2026 GAP 안전성 분석지원사업 신청 공고.hwp,
PBLN_000000000120495,0,https://www.bizinfo.go.kr/cmm/fms/getImageFile.do?atchFileId=FILE_000000000750252&fileSn=1,ok,200,application/x-download,(공고문) 전기·수소차 분야 수요기술 발굴 및 기술멘토링 지원사업.hwp,800768,api\PBLN_000000000120495\0_(공고문) 전기·수소차 분야 수요기술 발굴 및 기술멘토링 지원사업.hwp,
PBLN_000000000120487,0,https://www.bizinfo.go.kr/cmm/fms/getImageFile.do?atchFileId=FILE_000000000750227&fileSn=0,ok,200,application/x-download,공고문.pdf,87701,api\PBLN_000000000120487\0_공고문.pdf,
PBLN_000000000120484,0,https://www.bizinfo.go.kr/cmm/fms/getImageFile.do?atchFileId=FILE_000000000750225&fileSn=0,ok,200,application/x-download,공고문.pdf,82815,api\PBLN_000000000120484\0_공고문.pdf,
PBLN_000000000120482,0,https://www.bizinfo.go.kr/cmm/fms/getImageFile.do?atchFileId=FILE_000000000750208&fileSn=0,ok,200,application/x-download,1. (한국농업기술진흥원)2026 조달청 벤처나라 추천지원사업 모집 공고문 및 양식.hwp,75776,api\PBLN_000000000120482\0_1. (한국농업기술진흥원)2026 조달청 벤처나라 추천지원사업 모집 공고문 및 양식.hwp,
PBLN_000000000120481,0,https://www.bizinfo.go.kr/cmm/fms/getImageFile.do?atchFileId=FILE_000000000750221&fileSn=0,ok,200,application/x-download,2026년 김포시 중소기업 육성자금 지원계획 공고문.hwp,108032,api\PBLN_000000000120481\0_2026년 김포시 중소기업 육성자금 지원계획 공고문.hwp,
PBLN_000000000120474,0,https://www.bizinfo.go.kr/cmm/fms/getImageFile.do?atchFileId=FILE_000000000750189&fileSn=0,ok,200,application/x-download,2026년 판판셀러 지원사업 온라인쇼핑몰 통합관리시스템 모집 공고.png,684186,api\PBLN_000000000120474\0_2026년 판판셀러 지원사업 온라인쇼핑몰 통합관리시스템 모집 공고.png,
PBLN_000000000120468,0,https://www.bizinfo.go.kr/cmm/fms/getImageFile.do?atchFileId=FILE_000000000750191&fileSn=2,ok,200,application/x-download,2026년 국내외 우수 물기술 인검증 지원사업 참여기업 모집공고문.pdf,287360,api\PBLN_000000000120468\0_2026년 국내외 우수 물기술 인검증 지원사업 참여기업 모집공고문.pdf,
PBLN_000000000120459,0,https://www.bizinfo.go.kr/cmm/fms/getImageFile.do?atchFileId=FILE_000000000750156&fileSn=0,ok,200,application/x-download,[공고문] 사천 스마트제조 고급인력양성 사업 수요기업 모집 공고+.pdf,360199,api\PBLN_000000000120459\0_[공고문] 사천 스마트제조 고급인력양성 사업 수요기업 모집 공고+.pdf,
PBLN_000000000120444,0,https://www.bizinfo.go.kr/cmm/fms/getImageFile.do?atchFileId=FILE_000000000750082&fileSn=0,ok,200,application/x-download,2026년 체육인 직업안정사업(창업지원) 참여자 모집 통합 공고문_수정.pdf,119749,api\PBLN_000000000120444\0_2026년 체육인 직업안정사업(창업지원) 참여자 모집 통합 공고문_수정.pdf,
PBLN_000000000120443,0,https://www.bizinfo.go.kr/cmm/fms/getImageFile.do?atchFileId=FILE_000000000750080&fileSn=0,ok,200,application/x-download,1. (KOTRA) 2026 충청남도 해외지사화 참가비 지원사업 안내 공고.pdf,366548,api\PBLN_000000000120443\0_1. (KOTRA) 2026 충청남도 해외지사화 참가비 지원사업 안내 공고.pdf,
PBLN_000000000120423,0,https://www.bizinfo.go.kr/cmm/fms/getImageFile.do?atchFileId=FILE_000000000750032&fileSn=0,ok,200,application/x-download,붙임1. [공고문] 2026년 로봇 재제조 산업 기업지원사업기술 자문 공고.pdf,275057,api\PBLN_000000000120423\0_붙임1. [공고문] 2026년 로봇 재제조 산업 기업지원사업기술 자문 공고.pdf,
PBLN_000000000120422,0,https://www.bizinfo.go.kr/cmm/fms/getImageFile.do?atchFileId=FILE_000000000750035&fileSn=1,ok,200,application/x-download,2026년+경상남도+중소기업육성자금+특별자금(이란사태+피해+관련)+지원계획+공고(수정).hwp,137216,api\PBLN_000000000120422\0_2026년+경상남도+중소기업육성자금+특별자금(이란사태+피해+관련)+지원계획+공고(수정).hwp,
PBLN_000000000120418,0,https://www.bizinfo.go.kr/cmm/fms/getImageFile.do?atchFileId=FILE_000000000750022&fileSn=0,ok,200,application/x-download,[붙임1]2026년 창업기업 마케팅 역량강화 지원사업 디자인 멘토링 및 어워드 출품비 수혜 기업 모집 공고.hwp,150016,api\PBLN_000000000120418\0_[붙임1]2026년 창업기업 마케팅 역량강화 지원사업 디자인 멘토링 및 어워드 출품비 수혜 기업 모집 공고.hwp,
PBLN_000000000120414,0,https://www.bizinfo.go.kr/cmm/fms/getImageFile.do?atchFileId=FILE_000000000750014&fileSn=1,ok,200,application/x-download,[공고문]2026년+기술닥터제+지원사업+참여기업+모집.hwp,494080,api\PBLN_000000000120414\0_[공고문]2026년+기술닥터제+지원사업+참여기업+모집.hwp,
PBLN_000000000120411,0,https://www.bizinfo.go.kr/cmm/fms/getImageFile.do?atchFileId=FILE_000000000750006&fileSn=1,ok,200,application/x-download,[에스테이트] 시니어 현장실습 훈련 사업안내.jpg,1170779,api\PBLN_000000000120411\0_[에스테이트] 시니어 현장실습 훈련 사업안내.jpg,
PBLN_000000000120406,0,https://www.bizinfo.go.kr/cmm/fms/getImageFile.do?atchFileId=FILE_000000000749987&fileSn=0,ok,200,application/x-download,공고문 2026 TIPS 연계 민간투자 성과확산 인센티브 지원 공고문.pdf,227349,api\PBLN_000000000120406\0_공고문 2026 TIPS 연계 민간투자 성과확산 인센티브 지원 공고문.pdf,
PBLN_000000000120389,0,https://www.bizinfo.go.kr/cmm/fms/getImageFile.do?atchFileId=FILE_000000000749886&fileSn=0,ok,200,application/x-download,2026년 수출입 컨설팅 운영 공고.hwp,42496,api\PBLN_000000000120389\0_2026년 수출입 컨설팅 운영 공고.hwp,
PBLN_000000000120387,0,https://www.bizinfo.go.kr/cmm/fms/getImageFile.do?atchFileId=FILE_000000000749882&fileSn=0,ok,200,application/x-download,2026년 소상공인 고용보험료 지원사업 공고문.pdf,346589,api\PBLN_000000000120387\0_2026년 소상공인 고용보험료 지원사업 공고문.pdf,
PBLN_000000000120385,0,https://www.bizinfo.go.kr/cmm/fms/getImageFile.do?atchFileId=FILE_000000000749878&fileSn=0,ok,200,application/x-download,자동차 부품업종 근로자 지역정착 지원사업 참여기업 모집공고+.pdf,939215,api\PBLN_000000000120385\0_자동차 부품업종 근로자 지역정착 지원사업 참여기업 모집공고+.pdf,
PBLN_000000000120355,0,https://www.bizinfo.go.kr/cmm/fms/getImageFile.do?atchFileId=FILE_000000000749802&fileSn=1,ok,200,application/x-download,[붙임_1-1]_2026년_제3차_미래환경산업육성융자_오염방지시설자금_접수_공고문.pdf,110260,api\PBLN_000000000120355\0_[붙임_1-1]_2026년_제3차_미래환경산업육성융자_오염방지시설자금_접수_공고문.pdf,
PBLN_000000000120342,0,https://www.bizinfo.go.kr/cmm/fms/getImageFile.do?atchFileId=FILE_000000000749749&fileSn=0,ok,200,application/x-download,(붙임1) 2026년도 컨설팅 지원사업 시행계획 공고.hwp,136704,api\PBLN_000000000120342\0_(붙임1) 2026년도 컨설팅 지원사업 시행계획 공고.hwp,
PBLN_000000000120340,0,https://www.bizinfo.go.kr/cmm/fms/getImageFile.do?atchFileId=FILE_000000000749751&fileSn=0,ok,200,application/x-download,「2026년 경기도 섬유분야 유해물질 시험분석 및 인증지원」 안내문(2).pdf,44038,api\PBLN_000000000120340\0_「2026년 경기도 섬유분야 유해물질 시험분석 및 인증지원」 안내문(2).pdf,
PBLN_000000000120334,0,https://www.bizinfo.go.kr/cmm/fms/getImageFile.do?atchFileId=FILE_000000000749743&fileSn=0,ok,200,application/x-download,[공고문] 2026년 퍼스널케어 융합 얼라이언스 육성사업 상품경쟁력강화.pdf,223609,api\PBLN_000000000120334\0_[공고문] 2026년 퍼스널케어 융합 얼라이언스 육성사업 상품경쟁력강화.pdf,
PBLN_000000000120329,0,https://www.bizinfo.go.kr/cmm/fms/getImageFile.do?atchFileId=FILE_000000000749717&fileSn=0,ok,200,application/x-download,2026 직장문화 개선 컨설팅 참여 기업 모집.png,234764,api\PBLN_000000000120329\0_2026 직장문화 개선 컨설팅 참여 기업 모집.png,
PBLN_000000000120323,0,https://www.bizinfo.go.kr/cmm/fms/getImageFile.do?atchFileId=FILE_000000000749676&fileSn=0,ok,200,application/x-download,2026년도 OK FTA 컨설팅 지원사업 모집공고.pdf,179477,api\PBLN_000000000120323\0_2026년도 OK FTA 컨설팅 지원사업 모집공고.pdf,
PBLN_000000000120318,0,https://www.bizinfo.go.kr/cmm/fms/getImageFile.do?atchFileId=FILE_000000000749658&fileSn=0,ok,200,application/x-download,2026년+해외물류비+지원사업+참가업체+모집공고.hwp,129536,api\PBLN_000000000120318\0_2026년+해외물류비+지원사업+참가업체+모집공고.hwp,
PBLN_000000000120312,0,https://www.bizinfo.go.kr/cmm/fms/getImageFile.do?atchFileId=FILE_000000000749654&fileSn=0,ok,200,application/x-download,붙임1. 국가배터리순환클러스터 실증화시설 사용자 모집공고문.hwp,79360,api\PBLN_000000000120312\0_붙임1. 국가배터리순환클러스터 실증화시설 사용자 모집공고문.hwp,
PBLN_000000000120306,0,https://www.bizinfo.go.kr/cmm/fms/getImageFile.do?atchFileId=FILE_000000000749640&fileSn=0,ok,200,application/x-download,1. 「2026년 미국 수출기업 컨설팅 지원」참가기업 모집공고.pdf,606685,api\PBLN_000000000120306\0_1. 「2026년 미국 수출기업 컨설팅 지원」참가기업 모집공고.pdf,
PBLN_000000000120303,0,https://www.bizinfo.go.kr/cmm/fms/getImageFile.do?atchFileId=FILE_000000000749636&fileSn=0,ok,200,application/x-download,2026 강원특별자치도청 수출 보험료 지원.pdf,112126,api\PBLN_000000000120303\0_2026 강원특별자치도청 수출 보험료 지원.pdf,
PBLN_000000000120282,0,https://www.bizinfo.go.kr/cmm/fms/getImageFile.do?atchFileId=FILE_000000000749584&fileSn=1,ok,200,application/x-download,붙임 1. 2026년 장애인기업 공공판로 컨설팅 지원사업 대상기업 모집공고.pdf,591978,api\PBLN_000000000120282\0_붙임 1. 2026년 장애인기업 공공판로 컨설팅 지원사업 대상기업 모집공고.pdf,
PBLN_000000000120275,0,https://www.bizinfo.go.kr/cmm/fms/getImageFile.do?atchFileId=FILE_000000000749562&fileSn=0,ok,200,application/x-download,2026년 K-Global 해외진출 지원사업 참여기업 모집 공고문.pdf,510564,api\PBLN_000000000120275\0_2026년 K-Global 해외진출 지원사업 참여기업 모집 공고문.pdf,
PBLN_000000000120268,0,https://www.bizinfo.go.kr/cmm/fms/getImageFile.do?atchFileId=FILE_000000000749498&fileSn=0,ok,200,application/x-download,2026년 원주시 소상공인 경영안정자금 지원 사업 공고 （변경 260327）.hwp,919040,api\PBLN_000000000120268\0_2026년 원주시 소상공인 경영안정자금 지원 사업 공고 （변경 260327）.hwp,
PBLN_000000000120262,0,https://www.bizinfo.go.kr/cmm/fms/getImageFile.do?atchFileId=FILE_000000000749484&fileSn=0,ok,200,application/x-download,2. 2026년 노사문화 우수기업·대상 선정 계획(최종).pdf,2714910,api\PBLN_000000000120262\0_2. 2026년 노사문화 우수기업·대상 선정 계획(최종).pdf,
PBLN_000000000120252,0,https://www.bizinfo.go.kr/cmm/fms/getImageFile.do?atchFileId=FILE_000000000749457&fileSn=1,ok,200,application/x-download,2026-727_2026-727 2026년 제1차 경기도 중소기업육성자금 융자지원계획 변경 공고문.hwpx,74165,api\PBLN_000000000120252\0_2026-727_2026-727 2026년 제1차 경기도 중소기업육성자금 융자지원계획 변경 공고문.hwpx,
PBLN_000000000120250,0,https://www.bizinfo.go.kr/cmm/fms/getImageFile.do?atchFileId=FILE_000000000749438&fileSn=0,ok,200,application/x-download,2026년 가족친화경영 컨설팅 공고문.hwp,74241,api\PBLN_000000000120250\0_2026년 가족친화경영 컨설팅 공고문.hwp,
PBLN_000000000120246,0,https://www.bizinfo.go.kr/cmm/fms/getImageFile.do?atchFileId=FILE_000000000749434&fileSn=0,ok,200,application/x-download,2026년_충남도청_수출입보험료_및_바이어_신용조사_지원사업_공고문.hwp,145920,api\PBLN_000000000120246\0_2026년_충남도청_수출입보험료_및_바이어_신용조사_지원사업_공고문.hwp,
PBLN_000000000120241,0,https://www.bizinfo.go.kr/cmm/fms/getImageFile.do?atchFileId=FILE_000000000749426&fileSn=2,ok,200,application/x-download,공고문(2단계).pdf,292087,api\PBLN_000000000120241\0_공고문(2단계).pdf,
PBLN_000000000120238,0,https://www.bizinfo.go.kr/cmm/fms/getImageFile.do?atchFileId=FILE_000000000749422&fileSn=0,ok,200,application/x-download,2026년 울산 해외지사화사업 공고.hwp,105984,api\PBLN_000000000120238\0_2026년 울산 해외지사화사업 공고.hwp,
PBLN_000000000120234,0,https://www.bizinfo.go.kr/cmm/fms/getImageFile.do?atchFileId=FILE_000000000749412&fileSn=1,ok,200,application/x-download,○ 2026년도 청년창업특례보증 공고문+.pdf,100673,api\PBLN_000000000120234\0_○ 2026년도 청년창업특례보증 공고문+.pdf,
PBLN_000000000120233,0,https://www.bizinfo.go.kr/cmm/fms/getImageFile.do?atchFileId=FILE_000000000749415&fileSn=1,ok,200,application/x-download,중소기업 수출보험료 지원사업 신청안내.hwp,62464,api\PBLN_000000000120233\0_중소기업 수출보험료 지원사업 신청안내.hwp,
PBLN_000000000120219,0,https://www.bizinfo.go.kr/cmm/fms/getImageFile.do?atchFileId=FILE_000000000749365&fileSn=0,ok,200,application/x-download,첨부1. 2026년 기술확보지원사업(기술검증지원) 참여기업 모집공고_F.pdf,312284,api\PBLN_000000000120219\0_첨부1. 2026년 기술확보지원사업(기술검증지원) 참여기업 모집공고_F.pdf,
PBLN_000000000120215,0,https://www.bizinfo.go.kr/cmm/fms/getImageFile.do?atchFileId=FILE_000000000749361&fileSn=0,ok,200,application/x-download,포스터_2026년 산업일자리전환 컨설팅_KSA.pdf,952098,api\PBLN_000000000120215\0_포스터_2026년 산업일자리전환 컨설팅_KSA.pdf,
PBLN_000000000120201,0,https://www.bizinfo.go.kr/cmm/fms/getImageFile.do?atchFileId=FILE_000000000749249&fileSn=0,ok,200,application/x-download,(공고문)_2026년_포천시_신소재개발_프로그램_지원사업_모집공고_20260303.hwp,425984,api\PBLN_000000000120201\0_(공고문)_2026년_포천시_신소재개발_프로그램_지원사업_모집공고_20260303.hwp,
PBLN_000000000120187,0,https://www.bizinfo.go.kr/cmm/fms/getImageFile.do?atchFileId=FILE_000000000749219&fileSn=1,ok,200,application/x-download,★2026년 서울특별시 수출보험(보증)료 지원사업 수정 공고.pdf,262350,api\PBLN_000000000120187\0_★2026년 서울특별시 수출보험(보증)료 지원사업 수정 공고.pdf,
PBLN_000000000120185,0,https://www.bizinfo.go.kr/cmm/fms/getImageFile.do?atchFileId=FILE_000000000749217&fileSn=0,ok,200,application/x-download,2026년 창원시 수출물류비 지원사업 모집공고문 260323.pdf,277408,api\PBLN_000000000120185\0_2026년 창원시 수출물류비 지원사업 모집공고문 260323.pdf,
PBLN_000000000120177,0,https://www.bizinfo.go.kr/cmm/fms/getImageFile.do?atchFileId=FILE_000000000749202&fileSn=1,ok,200,application/x-download,2026-699_2026-699_경기도-IBK기업은행 협약에 따른 2026년 경기도 중소기업육성자금 융자지원계획 변경 공고+.pdf,196087,api\PBLN_000000000120177\0_2026-699_2026-699_경기도-IBK기업은행 협약에 따른 2026년 경기도 중소기업육성자금 융자지원계획 변경 공고+.pdf,
PBLN_000000000120174,0,https://www.bizinfo.go.kr/cmm/fms/getImageFile.do?atchFileId=FILE_000000000749194&fileSn=0,ok,200,application/x-download,2026년+우리동네+크라우드펀딩+지원사업+소상공인+모집공고문.pdf,1345655,api\PBLN_000000000120174\0_2026년+우리동네+크라우드펀딩+지원사업+소상공인+모집공고문.pdf,
PBLN_000000000120170,0,https://www.bizinfo.go.kr/cmm/fms/getImageFile.do?atchFileId=FILE_000000000749167&fileSn=0,ok,200,application/x-download,2026년_중소기업_기술분쟁_소송보험_지원사업_공고.pdf,544752,api\PBLN_000000000120170\0_2026년_중소기업_기술분쟁_소송보험_지원사업_공고.pdf,
PBLN_000000000120166,0,https://www.bizinfo.go.kr/cmm/fms/getImageFile.do?atchFileId=FILE_000000000749163&fileSn=0,ok,200,application/x-download,2026+소상공인+건강검진+지원사업+공고문.hwp,68608,api\PBLN_000000000120166\0_2026+소상공인+건강검진+지원사업+공고문.hwp,
PBLN_000000000120164,0,https://www.bizinfo.go.kr/cmm/fms/getImageFile.do?atchFileId=FILE_000000000749159&fileSn=1,ok,200,application/x-download,(공고문) 2026년 중소기업제품전용판매장(면세장) 참여기업 모집 공고.pdf,537423,api\PBLN_000000000120164\0_(공고문) 2026년 중소기업제품전용판매장(면세장) 참여기업 모집 공고.pdf,
PBLN_000000000120159,0,https://www.bizinfo.go.kr/cmm/fms/getImageFile.do?atchFileId=FILE_000000000749142&fileSn=0,ok,200,application/x-download,공고문 찾아가는 노무서비스 지원.hwp,131584,api\PBLN_000000000120159\0_공고문 찾아가는 노무서비스 지원.hwp,
PBLN_000000000120158,0,https://www.bizinfo.go.kr/cmm/fms/getImageFile.do?atchFileId=FILE_000000000749133&fileSn=0,ok,200,application/x-download,2026년 양주시 중소기업 및 소상공인 운전자금 이차보전 지원 공고문.hwp,125440,api\PBLN_000000000120158\0_2026년 양주시 중소기업 및 소상공인 운전자금 이차보전 지원 공고문.hwp,
PBLN_000000000120145,0,https://www.bizinfo.go.kr/cmm/fms/getImageFile.do?atchFileId=FILE_000000000749080&fileSn=2,ok,200,application/x-download,2026년 국제의료기기전시회 참가기업 모집 2차 통합 공고문.pdf,497733,api\PBLN_000000000120145\0_2026년 국제의료기기전시회 참가기업 모집 2차 통합 공고문.pdf,
PBLN_000000000120138,0,https://www.bizinfo.go.kr/cmm/fms/getImageFile.do?atchFileId=FILE_000000000749063&fileSn=0,ok,200,application/x-download,공고문(중동 수출기업 긴급 경영안정자금 지원).hwp,68097,api\PBLN_000000000120138\0_공고문(중동 수출기업 긴급 경영안정자금 지원).hwp,
PBLN_000000000120135,0,https://www.bizinfo.go.kr/cmm/fms/getImageFile.do?atchFileId=FILE_000000000749059&fileSn=1,ok,200,application/x-download,2026년+하남산업단지+중소기업+보증료+지원사업+공고문.hwp,72704,api\PBLN_000000000120135\0_2026년+하남산업단지+중소기업+보증료+지원사업+공고문.hwp,
PBLN_000000000120134,0,https://www.bizinfo.go.kr/cmm/fms/getImageFile.do?atchFileId=FILE_000000000749055&fileSn=0,ok,200,application/x-download,(공고)2026년+평동산업단지+중소기업+보증료+지원사업+공고문.hwp,70144,api\PBLN_000000000120134\0_(공고)2026년+평동산업단지+중소기업+보증료+지원사업+공고문.hwp,
PBLN_000000000120123,0,https://www.bizinfo.go.kr/cmm/fms/getImageFile.do?atchFileId=FILE_000000000749006&fileSn=0,ok,200,application/x-download,2026년 금융 테스트베드 참여기업 테스트비용 지원 공고.pdf,285651,api\PBLN_000000000120123\0_2026년 금융 테스트베드 참여기업 테스트비용 지원 공고.pdf,
PBLN_000000000120117,0,https://www.bizinfo.go.kr/cmm/fms/getImageFile.do?atchFileId=FILE_000000000749019&fileSn=0,ok,200,application/x-download,2026년+소상공인+투자연계+지원사업+립스(LIPS)+프로그램+소상공인+모집+공고.hwp,199168,api\PBLN_000000000120117\0_2026년+소상공인+투자연계+지원사업+립스(LIPS)+프로그램+소상공인+모집+공고.hwp,
PBLN_000000000120113,0,https://www.bizinfo.go.kr/cmm/fms/getImageFile.do?atchFileId=FILE_000000000749011&fileSn=1,ok,200,application/x-download,중소기업 전파 공동엔지니어링랩 운영지원 사업_본문출력파일.hwp,79872,api\PBLN_000000000120113\0_중소기업 전파 공동엔지니어링랩 운영지원 사업_본문출력파일.hwp,
PBLN_000000000120107,0,https://www.bizinfo.go.kr/cmm/fms/getImageFile.do?atchFileId=FILE_000000000748975&fileSn=0,ok,200,application/x-download,2026년 중소기업종합지원시스템 컨설팅 참여 기업 모집공고.pdf,244856,api\PBLN_000000000120107\0_2026년 중소기업종합지원시스템 컨설팅 참여 기업 모집공고.pdf,
PBLN_000000000120102,0,https://www.bizinfo.go.kr/cmm/fms/getImageFile.do?atchFileId=FILE_000000000748945&fileSn=1,ok,200,application/x-download,중동 분쟁 대응 수출입기업 긴급경영안정자금 지원계획 변경 공고문.pdf,453598,api\PBLN_000000000120102\0_중동 분쟁 대응 수출입기업 긴급경영안정자금 지원계획 변경 공고문.pdf,
PBLN_000000000120097,0,https://www.bizinfo.go.kr/cmm/fms/getImageFile.do?atchFileId=FILE_000000000748928&fileSn=0,ok,200,application/x-download,1.+2026년+데이터+품질인증+지원사업+공고문.hwp,81408,api\PBLN_000000000120097\0_1.+2026년+데이터+품질인증+지원사업+공고문.hwp,
PBLN_000000000120091,0,https://www.bizinfo.go.kr/cmm/fms/getImageFile.do?atchFileId=FILE_000000000748933&fileSn=0,ok,200,application/x-download,붙임+1.+2026+데이터기반+서비스+컨설팅+지원+공고문.hwp,88576,api\PBLN_000000000120091\0_붙임+1.+2026+데이터기반+서비스+컨설팅+지원+공고문.hwp,
PBLN_000000000120089,0,https://www.bizinfo.go.kr/cmm/fms/getImageFile.do?atchFileId=FILE_000000000748870&fileSn=0,ok,200,application/x-download,2026년 OK FTA 컨설팅_안내문.pdf,132824,api\PBLN_000000000120089\0_2026년 OK FTA 컨설팅_안내문.pdf,
PBLN_000000000120088,0,https://www.bizinfo.go.kr/cmm/fms/getImageFile.do?atchFileId=FILE_000000000748868&fileSn=0,ok,200,application/x-download,2026년 FTA 커스터마이징 컨설팅_지원사업 안내문.pdf,117583,api\PBLN_000000000120088\0_2026년 FTA 커스터마이징 컨설팅_지원사업 안내문.pdf,
PBLN_000000000120083,0,https://www.bizinfo.go.kr/cmm/fms/getImageFile.do?atchFileId=FILE_000000000748881&fileSn=0,ok,200,application/x-download,1.+2026년+데이터+가치평가+지원사업+공고문.hwp,84992,api\PBLN_000000000120083\0_1.+2026년+데이터+가치평가+지원사업+공고문.hwp,
PBLN_000000000120062,0,https://www.bizinfo.go.kr/cmm/fms/getImageFile.do?atchFileId=FILE_000000000748834&fileSn=1,ok,200,application/x-download,2026년 충청북도 긴급 운전자금 융자(이차보전) 지원계획 공고문+.pdf,674242,api\PBLN_000000000120062\0_2026년 충청북도 긴급 운전자금 융자(이차보전) 지원계획 공고문+.pdf,
PBLN_000000000120058,0,https://www.bizinfo.go.kr/cmm/fms/getImageFile.do?atchFileId=FILE_000000000748818&fileSn=1,ok,200,application/x-download,[2026년 일터혁신 상생컨설팅] 참여 기업 모집 안내.pdf,414966,api\PBLN_000000000120058\0_[2026년 일터혁신 상생컨설팅] 참여 기업 모집 안내.pdf,
PBLN_000000000120054,0,https://www.bizinfo.go.kr/cmm/fms/getImageFile.do?atchFileId=FILE_000000000748795&fileSn=1,ok,200,application/x-download,2026년도+중소유통업+시설투자+및+운전자금+융자지원계획+공고+(최종).hwp,118775,api\PBLN_000000000120054\0_2026년도+중소유통업+시설투자+및+운전자금+융자지원계획+공고+(최종).hwp,
PBLN_000000000120033,0,https://www.bizinfo.go.kr/cmm/fms/getImageFile.do?atchFileId=FILE_000000000748736&fileSn=0,ok,200,application/x-download,「2026년 중소기업 통번역 지원」모집공고.pdf,321946,api\PBLN_000000000120033\0_「2026년 중소기업 통번역 지원」모집공고.pdf,
PBLN_000000000120032,0,https://www.bizinfo.go.kr/cmm/fms/getImageFile.do?atchFileId=FILE_000000000748699&fileSn=1,ok,200,application/x-download,G-FAIR KOREA 2026 참가기업 모집 안내문(브로슈어).pdf,771729,api\PBLN_000000000120032\0_G-FAIR KOREA 2026 참가기업 모집 안내문(브로슈어).pdf,
PBLN_000000000120031,0,https://www.bizinfo.go.kr/cmm/fms/getImageFile.do?atchFileId=FILE_000000000748734&fileSn=0,ok,200,application/x-download,(붙임1)공고문.hwp,77824,api\PBLN_000000000120031\0_(붙임1)공고문.hwp,
PBLN_000000000120023,0,https://www.bizinfo.go.kr/cmm/fms/getImageFile.do?atchFileId=FILE_000000000748720&fileSn=1,ok,200,application/x-download,공고문(26.3.18.).hwp,173056,api\PBLN_000000000120023\0_공고문(26.3.18.).hwp,
PBLN_000000000120010,0,https://www.bizinfo.go.kr/cmm/fms/getImageFile.do?atchFileId=FILE_000000000748623&fileSn=0,ok,200,application/x-download,2026년+식품안심업소+기술지원+사업+참여+업소+모집+공고.hwp,84992,api\PBLN_000000000120010\0_2026년+식품안심업소+기술지원+사업+참여+업소+모집+공고.hwp,
PBLN_000000000120009,0,https://www.bizinfo.go.kr/cmm/fms/getImageFile.do?atchFileId=FILE_000000000748619&fileSn=1,ok,200,application/x-download,2026년 가족친화경영 컨설팅 공고문.pdf,147511,api\PBLN_000000000120009\0_2026년 가족친화경영 컨설팅 공고문.pdf,
PBLN_000000000120006,0,https://www.bizinfo.go.kr/cmm/fms/getImageFile.do?atchFileId=FILE_000000000748613&fileSn=0,ok,200,application/x-download,공고문(2026-902 2026년 노동환경개선컨설팅).hwpx,98432,api\PBLN_000000000120006\0_공고문(2026-902 2026년 노동환경개선컨설팅).hwpx,
PBLN_000000000119999,0,https://www.bizinfo.go.kr/cmm/fms/getImageFile.do?atchFileId=FILE_000000000748594&fileSn=1,ok,200,application/x-download,[공고문] 2026년 인천창조경제혁신센터 창업-BuS 공고문.pdf,282107,api\PBLN_000000000119999\0_[공고문] 2026년 인천창조경제혁신센터 창업-BuS 공고문.pdf,
PBLN_000000000119988,0,https://www.bizinfo.go.kr/cmm/fms/getImageFile.do?atchFileId=FILE_000000000748558&fileSn=1,ok,200,application/x-download,2026년 충남 비즈콜센터 지원사업 모집공고.pdf,237620,api\PBLN_000000000119988\0_2026년 충남 비즈콜센터 지원사업 모집공고.pdf,
PBLN_000000000119983,0,https://www.bizinfo.go.kr/cmm/fms/getImageFile.do?atchFileId=FILE_000000000748546&fileSn=0,ok,200,application/x-download,2026 경북FTA활용지원 사업공고.pdf,82862,api\PBLN_000000000119983\0_2026 경북FTA활용지원 사업공고.pdf,
PBLN_000000000119981,0,https://www.bizinfo.go.kr/cmm/fms/getImageFile.do?atchFileId=FILE_000000000748519&fileSn=0,ok,200,application/x-download,[공고 및 신청서류] 휴폐업 사업주형_새출발 재기지원 사업정리비 및 교육 지원.hwp,90624,api\PBLN_000000000119981\0_[공고 및 신청서류] 휴폐업 사업주형_새출발 재기지원 사업정리비 및 교육 지원.hwp,
PBLN_000000000119978,0,https://www.bizinfo.go.kr/cmm/fms/getImageFile.do?atchFileId=FILE_000000000748517&fileSn=1,ok,200,application/x-download,2026 OK FTA 컨설팅 지원사업 공고.png,911940,api\PBLN_000000000119978\0_2026 OK FTA 컨설팅 지원사업 공고.png,
PBLN_000000000119976,0,https://www.bizinfo.go.kr/cmm/fms/getImageFile.do?atchFileId=FILE_000000000748513&fileSn=0,ok,200,application/x-download,붙임1_2026년 해양수산 연구 시설 장비 사용료 지원사업 _공고문_홈페이지용 (1).pdf,104742,api\PBLN_000000000119976\0_붙임1_2026년 해양수산 연구 시설 장비 사용료 지원사업 _공고문_홈페이지용 (1).pdf,
PBLN_000000000119967,0,https://www.bizinfo.go.kr/cmm/fms/getImageFile.do?atchFileId=FILE_000000000748493&fileSn=0,ok,200,application/x-download,[붙임1] 2026 게임인재 맞춤형 인턴십 지원사업 공고문.pdf,3062855,api\PBLN_000000000119967\0_[붙임1] 2026 게임인재 맞춤형 인턴십 지원사업 공고문.pdf,
PBLN_000000000119957,0,https://www.bizinfo.go.kr/cmm/fms/getImageFile.do?atchFileId=FILE_000000000748423&fileSn=0,ok,200,application/x-download,[공고문] 부산 기계·부품·철강산업 숙련기술자 고용안정 지원사업.hwp,127488,api\PBLN_000000000119957\0_[공고문] 부산 기계·부품·철강산업 숙련기술자 고용안정 지원사업.hwp,
PBLN_000000000119953,0,https://www.bizinfo.go.kr/cmm/fms/getImageFile.do?atchFileId=FILE_000000000748416&fileSn=5,ok,200,application/x-download,[공고문] 부산 제조산업 산업전환을 통한 혁신성장 지원 사업_수정.pdf,319794,api\PBLN_000000000119953\0_[공고문] 부산 제조산업 산업전환을 통한 혁신성장 지원 사업_수정.pdf,
PBLN_000000000119951,0,https://www.bizinfo.go.kr/cmm/fms/getImageFile.do?atchFileId=FILE_000000000748414&fileSn=0,ok,200,application/x-download,[공고문] 부산 관광ㆍ마이스 그로우업(Grow-up) 지원사업_수정.hwp,195072,api\PBLN_000000000119951\0_[공고문] 부산 관광ㆍ마이스 그로우업(Grow-up) 지원사업_수정.hwp,
PBLN_000000000119947,0,https://www.bizinfo.go.kr/cmm/fms/getImageFile.do?atchFileId=FILE_000000000748402&fileSn=0,ok,200,application/x-download,2026년 충남FTA통상진흥센터 수출기업 현장 컨설팅 참여기업 모집공고.pdf,116716,api\PBLN_000000000119947\0_2026년 충남FTA통상진흥센터 수출기업 현장 컨설팅 참여기업 모집공고.pdf,
PBLN_000000000119946,0,https://www.bizinfo.go.kr/cmm/fms/getImageFile.do?atchFileId=FILE_000000000748400&fileSn=0,ok,200,application/x-download,2026+지역관광기업+컨설팅+운영+사업+참여기업+모집공고.pdf,147437,api\PBLN_000000000119946\0_2026+지역관광기업+컨설팅+운영+사업+참여기업+모집공고.pdf,
PBLN_000000000119941,0,https://www.bizinfo.go.kr/cmm/fms/getImageFile.do?atchFileId=FILE_000000000748378&fileSn=0,ok,200,application/x-download,2026년 해외지사화 활용 지원사업 모집공고문.hwp,72704,api\PBLN_000000000119941\0_2026년 해외지사화 활용 지원사업 모집공고문.hwp,
PBLN_000000000119938,0,https://www.bizinfo.go.kr/cmm/fms/getImageFile.do?atchFileId=FILE_000000000748373&fileSn=2,ok,200,application/x-download,★ 2026년 농식품 기술평가 지원사업 참여업체 모집공고.hwp,142336,api\PBLN_000000000119938\0_★ 2026년 농식품 기술평가 지원사업 참여업체 모집공고.hwp,
PBLN_000000000119919,0,https://www.bizinfo.go.kr/cmm/fms/getImageFile.do?atchFileId=FILE_000000000748310&fileSn=1,ok,200,application/x-download,2026년_IP담보대출연계_지식재산평가_지원사업_공고_최종(260226).pdf,427004,api\PBLN_000000000119919\0_2026년_IP담보대출연계_지식재산평가_지원사업_공고_최종(260226).pdf,
PBLN_000000000119918,0,https://www.bizinfo.go.kr/cmm/fms/getImageFile.do?atchFileId=FILE_000000000748300&fileSn=0,ok,200,application/x-download,2026년_IP보증연계_지식재산평가_지원사업_공고.pdf,502350,api\PBLN_000000000119918\0_2026년_IP보증연계_지식재산평가_지원사업_공고.pdf,
PBLN_000000000119910,0,https://www.bizinfo.go.kr/cmm/fms/getImageFile.do?atchFileId=FILE_000000000748294&fileSn=0,ok,200,application/x-download,[안내문]2026년 신속확인 신규제품 수수료 지원.pdf,151537,api\PBLN_000000000119910\0_[안내문]2026년 신속확인 신규제품 수수료 지원.pdf,
PBLN_000000000119904,0,https://www.bizinfo.go.kr/cmm/fms/getImageFile.do?atchFileId=FILE_000000000748275&fileSn=0,ok,200,application/x-download,붙임 1. 공고문.pdf,678421,api\PBLN_000000000119904\0_붙임 1. 공고문.pdf,
PBLN_000000000119892,0,https://www.bizinfo.go.kr/cmm/fms/getImageFile.do?atchFileId=FILE_000000000748204&fileSn=1,ok,200,application/x-download,(공고문) 2026년 대구광역시 중소기업 경영안정자금 지원계획 변경 공고(안).hwp,173569,api\PBLN_000000000119892\0_(공고문) 2026년 대구광역시 중소기업 경영안정자금 지원계획 변경 공고(안).hwp,
PBLN_000000000119891,0,https://www.bizinfo.go.kr/cmm/fms/getImageFile.do?atchFileId=FILE_000000000748200&fileSn=0,ok,200,application/x-download,2026년 식품제조업소 식품박람회 참가 지원 사업 참여업소 모집 공고.hwp,80385,api\PBLN_000000000119891\0_2026년 식품제조업소 식품박람회 참가 지원 사업 참여업소 모집 공고.hwp,
PBLN_000000000119881,0,https://www.bizinfo.go.kr/cmm/fms/getImageFile.do?atchFileId=FILE_000000000748167&fileSn=0,ok,200,application/x-download,2026년 어업활동지원 사업 대상자 모집 공고.hwp,76289,api\PBLN_000000000119881\0_2026년 어업활동지원 사업 대상자 모집 공고.hwp,
PBLN_000000000119879,0,https://www.bizinfo.go.kr/cmm/fms/getImageFile.do?atchFileId=FILE_000000000748163&fileSn=0,ok,200,application/x-download,2026년 태백시 중소기업 해외물류비 지원사업 공고안.hwp,82944,api\PBLN_000000000119879\0_2026년 태백시 중소기업 해외물류비 지원사업 공고안.hwp,
PBLN_000000000119851,0,https://www.bizinfo.go.kr/cmm/fms/getImageFile.do?atchFileId=FILE_000000000748075&fileSn=0,ok,200,application/x-download,공고문(안동).pdf,137494,api\PBLN_000000000119851\0_공고문(안동).pdf,
PBLN_000000000119850,0,https://www.bizinfo.go.kr/cmm/fms/getImageFile.do?atchFileId=FILE_000000000748088&fileSn=2,ok,200,application/x-download,[첨부파일]청년일자리도약장려금 사업 참여 신청 안내문.pdf,89345,api\PBLN_000000000119850\0_[첨부파일]청년일자리도약장려금 사업 참여 신청 안내문.pdf,
PBLN_000000000119836,0,https://www.bizinfo.go.kr/cmm/fms/getImageFile.do?atchFileId=FILE_000000000748017&fileSn=0,ok,200,application/x-download,공고문_2026년도 상반기 구조고도화자금 지원.pdf,218887,api\PBLN_000000000119836\0_공고문_2026년도 상반기 구조고도화자금 지원.pdf,
PBLN_000000000119834,0,https://www.bizinfo.go.kr/cmm/fms/getImageFile.do?atchFileId=FILE_000000000748009&fileSn=0,ok,200,application/x-download,☆2026년도 벤처기업육성자금 공고문.hwp,77313,api\PBLN_000000000119834\0_☆2026년도 벤처기업육성자금 공고문.hwp,
PBLN_000000000119825,0,https://www.bizinfo.go.kr/cmm/fms/getImageFile.do?atchFileId=FILE_000000000747986&fileSn=1,ok,200,application/x-download,2026년+북구+온라인쇼핑몰+북소e몰+입점+소상공인+모집+공고문.hwp,103936,api\PBLN_000000000119825\0_2026년+북구+온라인쇼핑몰+북소e몰+입점+소상공인+모집+공고문.hwp,
PBLN_000000000119822,0,https://www.bizinfo.go.kr/cmm/fms/getImageFile.do?atchFileId=FILE_000000000747980&fileSn=1,ok,200,application/x-download,[공고문] 2026년 구미시 시제품제작센터 수혜기업 모집 공고.pdf,1117970,api\PBLN_000000000119822\0_[공고문] 2026년 구미시 시제품제작센터 수혜기업 모집 공고.pdf,
PBLN_000000000119817,0,https://www.bizinfo.go.kr/cmm/fms/getImageFile.do?atchFileId=FILE_000000000747960&fileSn=1,ok,200,application/x-download,[붙임1] 2026년 창업BuS 프로그램 공고문(260311).pdf,148680,api\PBLN_000000000119817\0_[붙임1] 2026년 창업BuS 프로그램 공고문(260311).pdf,
PBLN_000000000119809,0,https://www.bizinfo.go.kr/cmm/fms/getImageFile.do?atchFileId=FILE_000000000747921&fileSn=0,ok,200,application/x-download,공고문(2026년 중국시장 안심수출 지원사업).hwp,90624,api\PBLN_000000000119809\0_공고문(2026년 중국시장 안심수출 지원사업).hwp,
PBLN_000000000119802,0,https://www.bizinfo.go.kr/cmm/fms/getImageFile.do?atchFileId=FILE_000000000747901&fileSn=1,ok,200,application/x-download,260320_소상공인(법인사업자)_비즈플러스카드_지원사업_시행_공고★.pdf,422455,api\PBLN_000000000119802\0_260320_소상공인(법인사업자)_비즈플러스카드_지원사업_시행_공고★.pdf,
PBLN_000000000119801,0,https://www.bizinfo.go.kr/cmm/fms/getImageFile.do?atchFileId=FILE_000000000747899&fileSn=1,ok,200,application/x-download,260320_소상공인(개인사업자)_비즈플러스카드_지원사업_시행_공고★.pdf,470200,api\PBLN_000000000119801\0_260320_소상공인(개인사업자)_비즈플러스카드_지원사업_시행_공고★.pdf,
PBLN_000000000119795,0,https://www.bizinfo.go.kr/cmm/fms/getImageFile.do?atchFileId=FILE_000000000747846&fileSn=2,ok,200,application/x-download,2026년 청년일자리도약장려금 사업.png,398144,api\PBLN_000000000119795\0_2026년 청년일자리도약장려금 사업.png,
PBLN_000000000119791,0,https://www.bizinfo.go.kr/cmm/fms/getImageFile.do?atchFileId=FILE_000000000747835&fileSn=0,ok,200,application/x-download,(공고)2026년 배달특급 개별 가맹점 홍보지 제작 지원사업.pdf,101851,api\PBLN_000000000119791\0_(공고)2026년 배달특급 개별 가맹점 홍보지 제작 지원사업.pdf,
PBLN_000000000119764,0,https://www.bizinfo.go.kr/cmm/fms/getImageFile.do?atchFileId=FILE_000000000747762&fileSn=1,ok,200,application/x-download,2026년_중소기업_기술혁신_지원사업(KOSBIR)_통합공고.pdf,1497169,api\PBLN_000000000119764\0_2026년_중소기업_기술혁신_지원사업(KOSBIR)_통합공고.pdf,
PBLN_000000000119762,0,https://www.bizinfo.go.kr/cmm/fms/getImageFile.do?atchFileId=FILE_000000000747737&fileSn=0,ok,200,application/x-download,[한국능률협회컨설팅] 26년 일터혁신 상생컨설팅 홍보 포스터.png,617154,api\PBLN_000000000119762\0_[한국능률협회컨설팅] 26년 일터혁신 상생컨설팅 홍보 포스터.png,
PBLN_000000000119754,0,https://www.bizinfo.go.kr/cmm/fms/getImageFile.do?atchFileId=FILE_000000000747732&fileSn=1,ok,200,application/x-download,2026년_팁스_창업기업_지원계획_수정_공고+.pdf,669577,api\PBLN_000000000119754\0_2026년_팁스_창업기업_지원계획_수정_공고+.pdf,
PBLN_000000000119739,0,https://www.bizinfo.go.kr/cmm/fms/getImageFile.do?atchFileId=FILE_000000000747654&fileSn=0,ok,200,application/x-download,「2026년 소상공인 온라인판로 지원사업」참여기업 모집공고.hwp,2687488,api\PBLN_000000000119739\0_「2026년 소상공인 온라인판로 지원사업」참여기업 모집공고.hwp,
PBLN_000000000119738,0,https://www.bizinfo.go.kr/cmm/fms/getImageFile.do?atchFileId=FILE_000000000747652&fileSn=0,ok,200,application/x-download,붙임1. 2026년 용인 IP지원센터 IP 컨설팅 통합공고.pdf,115292,api\PBLN_000000000119738\0_붙임1. 2026년 용인 IP지원센터 IP 컨설팅 통합공고.pdf,
PBLN_000000000119737,0,https://www.bizinfo.go.kr/cmm/fms/getImageFile.do?atchFileId=FILE_000000000747650&fileSn=1,ok,200,application/x-download,[공고] 2026년 지식재산 보호강화 사업 통합 공고.pdf,279438,api\PBLN_000000000119737\0_[공고] 2026년 지식재산 보호강화 사업 통합 공고.pdf,
PBLN_000000000119733,0,https://www.bizinfo.go.kr/cmm/fms/getImageFile.do?atchFileId=FILE_000000000747638&fileSn=1,ok,200,application/x-download,(공고문) 2026년 울주군 강소기업 육성 기술 혁신 지원사업.hwp,78336,api\PBLN_000000000119733\0_(공고문) 2026년 울주군 강소기업 육성 기술 혁신 지원사업.hwp,
PBLN_000000000119727,0,https://www.bizinfo.go.kr/cmm/fms/getImageFile.do?atchFileId=FILE_000000000747620&fileSn=0,ok,200,application/x-download,(공고문)2026년+중소기업+빅데이터+분석+활용+지원사업+참가기업+모집.hwp,189952,api\PBLN_000000000119727\0_(공고문)2026년+중소기업+빅데이터+분석+활용+지원사업+참가기업+모집.hwp,
PBLN_000000000119719,0,https://www.bizinfo.go.kr/cmm/fms/getImageFile.do?atchFileId=FILE_000000000747591&fileSn=1,ok,200,application/x-download,[붙임1] 2026년 소상공인 출산 지원사업 참여자 모집공고.pdf,219929,api\PBLN_000000000119719\0_[붙임1] 2026년 소상공인 출산 지원사업 참여자 모집공고.pdf,
PBLN_000000000119706,0,https://www.bizinfo.go.kr/cmm/fms/getImageFile.do?atchFileId=FILE_000000000747559&fileSn=2,ok,200,application/x-download,[환산협공고 제2026-09호] 「2026년 퇴직전문가 중소기업 기술지원」 참여기업 모집 공고문.hwp,122368,api\PBLN_000000000119706\0_[환산협공고 제2026-09호] 「2026년 퇴직전문가 중소기업 기술지원」 참여기업 모집 공고문.hwp,
PBLN_000000000119698,0,https://www.bizinfo.go.kr/cmm/fms/getImageFile.do?atchFileId=FILE_000000000747518&fileSn=1,ok,200,application/x-download,시니어 인턴십 웹포스터.pdf,314522,api\PBLN_000000000119698\0_시니어 인턴십 웹포스터.pdf,
PBLN_000000000119694,0,https://www.bizinfo.go.kr/cmm/fms/getImageFile.do?atchFileId=FILE_000000000747503&fileSn=1,ok,200,application/x-download,2. 2026 해외점포 미스터리쇼퍼 공고문.pdf,173784,api\PBLN_000000000119694\0_2. 2026 해외점포 미스터리쇼퍼 공고문.pdf,
PBLN_000000000119693,0,https://www.bizinfo.go.kr/cmm/fms/getImageFile.do?atchFileId=FILE_000000000747497&fileSn=1,ok,200,application/x-download,2026년 R&D기획컨설팅 공고문.pdf,125419,api\PBLN_000000000119693\0_2026년 R&D기획컨설팅 공고문.pdf,
PBLN_000000000119692,0,https://www.bizinfo.go.kr/cmm/fms/getImageFile.do?atchFileId=FILE_000000000747493&fileSn=1,ok,200,application/x-download,2026년도_중동_특화_긴급_물류바우처_사업_참여기업_수정공고.hwpx,96522,api\PBLN_000000000119692\0_2026년도_중동_특화_긴급_물류바우처_사업_참여기업_수정공고.hwpx,
PBLN_000000000119686,0,https://www.bizinfo.go.kr/cmm/fms/getImageFile.do?atchFileId=FILE_000000000747477&fileSn=1,ok,200,application/x-download,[공고문] 2026년 경기도 베이비부머 라이트잡 모집 공고문.pdf,558273,api\PBLN_000000000119686\0_[공고문] 2026년 경기도 베이비부머 라이트잡 모집 공고문.pdf,
PBLN_000000000119677,0,https://www.bizinfo.go.kr/cmm/fms/getImageFile.do?atchFileId=FILE_000000000747413&fileSn=0,ok,200,application/x-download,2026 일터혁신 상생컨설팅(세로형).pdf,1163934,api\PBLN_000000000119677\0_2026 일터혁신 상생컨설팅(세로형).pdf,
PBLN_000000000119669,0,https://www.bizinfo.go.kr/cmm/fms/getImageFile.do?atchFileId=FILE_000000000747380&fileSn=1,ok,200,application/x-download,원산지확인서 제3자 확인 지원사업 사업공고(2026년)_.pdf,71259,api\PBLN_000000000119669\0_원산지확인서 제3자 확인 지원사업 사업공고(2026년)_.pdf,
PBLN_000000000119668,0,https://www.bizinfo.go.kr/cmm/fms/getImageFile.do?atchFileId=FILE_000000000747381&fileSn=0,ok,200,application/x-download,2026년 목포시 골목형상점가 모집 공고.hwp,118272,api\PBLN_000000000119668\0_2026년 목포시 골목형상점가 모집 공고.hwp,
PBLN_000000000119666,0,https://www.bizinfo.go.kr/cmm/fms/getImageFile.do?atchFileId=FILE_000000000747376&fileSn=1,ok,200,application/x-download,FTA 맞춤형 컨설팅 지원사업 사업공고(2026년)_.pdf,65286,api\PBLN_000000000119666\0_FTA 맞춤형 컨설팅 지원사업 사업공고(2026년)_.pdf,
PBLN_000000000119636,0,https://www.bizinfo.go.kr/cmm/fms/getImageFile.do?atchFileId=FILE_000000000747273&fileSn=1,ok,200,application/x-download,★_2026년_중소기업육성자금_지원계획_변경_공고문.hwp,120320,api\PBLN_000000000119636\0_★_2026년_중소기업육성자금_지원계획_변경_공고문.hwp,
PBLN_000000000119624,0,https://www.bizinfo.go.kr/cmm/fms/getImageFile.do?atchFileId=FILE_000000000747250&fileSn=0,ok,200,application/x-download,첨부1. (폴리텍대 정수캠 산학협력단)2026 지산맞 안내 리플렛.pdf,3402450,api\PBLN_000000000119624\0_첨부1. (폴리텍대 정수캠 산학협력단)2026 지산맞 안내 리플렛.pdf,
PBLN_000000000119595,0,https://www.bizinfo.go.kr/cmm/fms/getImageFile.do?atchFileId=FILE_000000000747134&fileSn=0,ok,200,application/x-download,2026 자율선택형 해외진출 패키지 지원사업 모집공고문.hwp,192000,api\PBLN_000000000119595\0_2026 자율선택형 해외진출 패키지 지원사업 모집공고문.hwp,
PBLN_000000000119589,0,https://www.bizinfo.go.kr/cmm/fms/getImageFile.do?atchFileId=FILE_000000000747105&fileSn=0,ok,200,application/x-download,2026년 해외 수출물류 네트워크 지원사업 모집공고.hwp,101888,api\PBLN_000000000119589\0_2026년 해외 수출물류 네트워크 지원사업 모집공고.hwp,
PBLN_000000000119588,0,https://www.bizinfo.go.kr/cmm/fms/getImageFile.do?atchFileId=FILE_000000000747118&fileSn=0,ok,200,application/x-download,공고문(신청서 포함)_2026년 해외시장조사서비스 및 해외비지니스출장지원사업.hwp,108544,api\PBLN_000000000119588\0_공고문(신청서 포함)_2026년 해외시장조사서비스 및 해외비지니스출장지원사업.hwp,
PBLN_000000000119587,0,https://www.bizinfo.go.kr/cmm/fms/getImageFile.do?atchFileId=FILE_000000000747102&fileSn=3,ok,200,application/x-download,2026년 제주-칭다오 노선 활성화 지원사업 모집공고.hwp,117248,api\PBLN_000000000119587\0_2026년 제주-칭다오 노선 활성화 지원사업 모집공고.hwp,
PBLN_000000000119584,0,https://www.bizinfo.go.kr/cmm/fms/getImageFile.do?atchFileId=FILE_000000000747098&fileSn=0,ok,200,application/x-download,붙임1.광주테크노파크공동활용장비사용안내공고문(안).pdf,70202,api\PBLN_000000000119584\0_붙임1.광주테크노파크공동활용장비사용안내공고문(안).pdf,
PBLN_000000000119572,0,https://www.bizinfo.go.kr/cmm/fms/getImageFile.do?atchFileId=FILE_000000000747075&fileSn=1,ok,200,application/x-download,2026 김해시 통합쇼핑몰 김해온몰 입점업체 모집 공고문 및 신청서.hwp,308224,api\PBLN_000000000119572\0_2026 김해시 통합쇼핑몰 김해온몰 입점업체 모집 공고문 및 신청서.hwp,
PBLN_000000000119571,0,https://www.bizinfo.go.kr/cmm/fms/getImageFile.do?atchFileId=FILE_000000000747071&fileSn=0,ok,200,application/x-download,2026년 미래내일 일경험 참여기업 모집 공고문.pdf,283346,api\PBLN_000000000119571\0_2026년 미래내일 일경험 참여기업 모집 공고문.pdf,
PBLN_000000000119567,0,https://www.bizinfo.go.kr/cmm/fms/getImageFile.do?atchFileId=FILE_000000000747055&fileSn=1,ok,200,application/x-download,(붙임)_2026년_농식품_크라우드펀딩_운영기준(안).hwp,7854080,api\PBLN_000000000119567\0_(붙임)_2026년_농식품_크라우드펀딩_운영기준(안).hwp,
PBLN_000000000119555,0,https://www.bizinfo.go.kr/cmm/fms/getImageFile.do?atchFileId=FILE_000000000747023&fileSn=0,ok,200,application/x-download,2-1.참여기업 모집 포스터(시니어).png,236962,api\PBLN_000000000119555\0_2-1.참여기업 모집 포스터(시니어).png,
PBLN_000000000119518,0,https://www.bizinfo.go.kr/cmm/fms/getImageFile.do?atchFileId=FILE_000000000746885&fileSn=0,ok,200,application/x-download,붙임1.2026년공동연구장비활용및컨설팅지원수혜기업모집공고(안).hwp,375296,api\PBLN_000000000119518\0_붙임1.2026년공동연구장비활용및컨설팅지원수혜기업모집공고(안).hwp,
PBLN_000000000119515,0,https://www.bizinfo.go.kr/cmm/fms/getImageFile.do?atchFileId=FILE_000000000746877&fileSn=0,ok,200,application/x-download,★2026년도_M&A_활성화_지원사업_공고.hwpx,81909,api\PBLN_000000000119515\0_★2026년도_M&A_활성화_지원사업_공고.hwpx,
PBLN_000000000119499,0,https://www.bizinfo.go.kr/cmm/fms/getImageFile.do?atchFileId=FILE_000000000746829&fileSn=0,ok,200,application/x-download,2026 KARA-KIBO IP보증연계 지식재산평가 지원 사업 공고문 및 신청 서식.hwp,158208,api\PBLN_000000000119499\0_2026 KARA-KIBO IP보증연계 지식재산평가 지원 사업 공고문 및 신청 서식.hwp,
PBLN_000000000119493,0,https://www.bizinfo.go.kr/cmm/fms/getImageFile.do?atchFileId=FILE_000000000746823&fileSn=0,ok,200,application/x-download,[대구경북고용복지연구원] 2026년 청년일자리도약장려금 안내문.pdf,4034950,api\PBLN_000000000119493\0_[대구경북고용복지연구원] 2026년 청년일자리도약장려금 안내문.pdf,
PBLN_000000000119491,0,https://www.bizinfo.go.kr/cmm/fms/getImageFile.do?atchFileId=FILE_000000000746773&fileSn=0,ok,200,application/x-download,2026년 인재채움뱅크_웹포스터_(주)국제커리어.jpg,96623,api\PBLN_000000000119491\0_2026년 인재채움뱅크_웹포스터_(주)국제커리어.jpg,
PBLN_000000000119490,0,https://www.bizinfo.go.kr/cmm/fms/getImageFile.do?atchFileId=FILE_000000000746771&fileSn=0,ok,200,application/x-download,2026년 청년일자리도약장려금 참여기업 모집 공고.png,1124884,api\PBLN_000000000119490\0_2026년 청년일자리도약장려금 참여기업 모집 공고.png,
PBLN_000000000119489,0,https://www.bizinfo.go.kr/cmm/fms/getImageFile.do?atchFileId=FILE_000000000746769&fileSn=0,ok,200,application/x-download,2026년 미래내일 일경험 사업-인턴형 사업안내문.hwp,87040,api\PBLN_000000000119489\0_2026년 미래내일 일경험 사업-인턴형 사업안내문.hwp,
PBLN_000000000119481,0,https://www.bizinfo.go.kr/cmm/fms/getImageFile.do?atchFileId=FILE_000000000746752&fileSn=0,ok,200,application/x-download,2026년 중소기업 개별 수출보험료 지원계획 공고문.hwp,101376,api\PBLN_000000000119481\0_2026년 중소기업 개별 수출보험료 지원계획 공고문.hwp,
PBLN_000000000119457,0,https://www.bizinfo.go.kr/cmm/fms/getImageFile.do?atchFileId=FILE_000000000746684&fileSn=0,ok,200,application/x-download,2026년도 ｢장비 활용 지원사업｣ 공고문.pdf,243046,api\PBLN_000000000119457\0_2026년도 ｢장비 활용 지원사업｣ 공고문.pdf,
PBLN_000000000119454,0,https://www.bizinfo.go.kr/cmm/fms/getImageFile.do?atchFileId=FILE_000000000746676&fileSn=1,ok,200,application/x-download,(붙임1) 2026년도 ｢국내외 지식재산 권리화 지원사업｣ 모집공고.pdf,434681,api\PBLN_000000000119454\0_(붙임1) 2026년도 ｢국내외 지식재산 권리화 지원사업｣ 모집공고.pdf,
PBLN_000000000119436,0,https://www.bizinfo.go.kr/cmm/fms/getImageFile.do?atchFileId=FILE_000000000746590&fileSn=0,ok,200,application/x-download,2026 충북 국제특송(EMS) 해외물류비 지원사업 참여기업 모집공고.png,643795,api\PBLN_000000000119436\0_2026 충북 국제특송(EMS) 해외물류비 지원사업 참여기업 모집공고.png,
PBLN_000000000119434,0,https://www.bizinfo.go.kr/cmm/fms/getImageFile.do?atchFileId=FILE_000000000746586&fileSn=0,ok,200,application/x-download,[공고문] 2026년 (예비)사회적기업 이차보전 지원사업 공고.hwp,124928,api\PBLN_000000000119434\0_[공고문] 2026년 (예비)사회적기업 이차보전 지원사업 공고.hwp,
PBLN_000000000119432,0,https://www.bizinfo.go.kr/cmm/fms/getImageFile.do?atchFileId=FILE_000000000746582&fileSn=0,ok,200,application/x-download,공고문(2026 농식품 수출 인증통관검역-해외지사화).pdf,191476,api\PBLN_000000000119432\0_공고문(2026 농식품 수출 인증통관검역-해외지사화).pdf,
PBLN_000000000119421,0,https://www.bizinfo.go.kr/cmm/fms/getImageFile.do?atchFileId=FILE_000000000746558&fileSn=1,ok,200,application/x-download,1.우정청 국제특송비 지원사업 모집공고_26.3..hwp,97280,api\PBLN_000000000119421\0_1.우정청 국제특송비 지원사업 모집공고_26.3..hwp,
PBLN_000000000119420,0,https://www.bizinfo.go.kr/cmm/fms/getImageFile.do?atchFileId=FILE_000000000746550&fileSn=0,ok,200,application/x-download,2026년_대전광역시청_수출보증보험료_지원사업_공고문.hwp,75776,api\PBLN_000000000119420\0_2026년_대전광역시청_수출보증보험료_지원사업_공고문.hwp,
PBLN_000000000119409,0,https://www.bizinfo.go.kr/cmm/fms/getImageFile.do?atchFileId=FILE_000000000746512&fileSn=0,ok,200,application/x-download,2026 중소기업 통번역 지원사업 참가 기업 모집 공고문.hwp,115712,api\PBLN_000000000119409\0_2026 중소기업 통번역 지원사업 참가 기업 모집 공고문.hwp,
PBLN_000000000119395,0,https://www.bizinfo.go.kr/cmm/fms/getImageFile.do?atchFileId=FILE_000000000746480&fileSn=0,ok,200,application/x-download,[고용노동부] 미래내일 일경험 인턴형 참여기업 모집 안내문(본문).jpg,217116,api\PBLN_000000000119395\0_[고용노동부] 미래내일 일경험 인턴형 참여기업 모집 안내문(본문).jpg,
PBLN_000000000119394,0,https://www.bizinfo.go.kr/cmm/fms/getImageFile.do?atchFileId=FILE_000000000746478&fileSn=0,ok,200,application/x-download,2026년 DNA 융합 제품서비스 해외진출 지원사업 참여기업 모집 공고.pdf,543291,api\PBLN_000000000119394\0_2026년 DNA 융합 제품서비스 해외진출 지원사업 참여기업 모집 공고.pdf,
PBLN_000000000119375,0,https://www.bizinfo.go.kr/cmm/fms/getImageFile.do?atchFileId=FILE_000000000746367&fileSn=0,ok,200,application/x-download,2026년 소상공인 IP출원(상표출원) 지원사업 소상공인 수혜자 모집 공고.pdf,354823,api\PBLN_000000000119375\0_2026년 소상공인 IP출원(상표출원) 지원사업 소상공인 수혜자 모집 공고.pdf,
PBLN_000000000119373,0,https://www.bizinfo.go.kr/cmm/fms/getImageFile.do?atchFileId=FILE_000000000746387&fileSn=0,ok,200,application/x-download,붙임2._2026-신개념-포스터.jpg,1138134,api\PBLN_000000000119373\0_붙임2._2026-신개념-포스터.jpg,
PBLN_000000000119364,0,https://www.bizinfo.go.kr/cmm/fms/getImageFile.do?atchFileId=FILE_000000000746345&fileSn=0,ok,200,application/x-download,2026년 서울시 중소기업 워라밸 포인트제 공고문.hwpx,197887,api\PBLN_000000000119364\0_2026년 서울시 중소기업 워라밸 포인트제 공고문.hwpx,
PBLN_000000000119356,0,https://www.bizinfo.go.kr/cmm/fms/getImageFile.do?atchFileId=FILE_000000000746318&fileSn=0,ok,200,application/x-download,2026년 서울시 육아휴직·출산휴가 기업지원금 및 출산휴가급여 근로자지원금 신청 공고.pdf,513293,api\PBLN_000000000119356\0_2026년 서울시 육아휴직·출산휴가 기업지원금 및 출산휴가급여 근로자지원금 신청 공고.pdf,
PBLN_000000000119332,0,https://www.bizinfo.go.kr/cmm/fms/getImageFile.do?atchFileId=FILE_000000000746217&fileSn=0,ok,200,application/x-download,2026년 하남시 사회적경제기업 역량 강화 교육 컨설팅 포스터.png,191820,api\PBLN_000000000119332\0_2026년 하남시 사회적경제기업 역량 강화 교육 컨설팅 포스터.png,
PBLN_000000000119324,0,https://www.bizinfo.go.kr/cmm/fms/getImageFile.do?atchFileId=FILE_000000000746187&fileSn=0,ok,200,application/x-download,2026년 맞춤형 컨설팅 참가기업 모집공고.pdf,237893,api\PBLN_000000000119324\0_2026년 맞춤형 컨설팅 참가기업 모집공고.pdf,
PBLN_000000000119321,0,https://www.bizinfo.go.kr/cmm/fms/getImageFile.do?atchFileId=FILE_000000000746191&fileSn=0,ok,200,application/x-download,2026년_세종시_수출보증보험료_지원사업_참가기업_모집_공고.pdf,434653,api\PBLN_000000000119321\0_2026년_세종시_수출보증보험료_지원사업_참가기업_모집_공고.pdf,
PBLN_000000000119316,0,https://www.bizinfo.go.kr/cmm/fms/getImageFile.do?atchFileId=FILE_000000000746181&fileSn=1,ok,200,application/x-download,(공고)+2026년+일터혁신+상생컨설팅+모집공고.pdf,227906,api\PBLN_000000000119316\0_(공고)+2026년+일터혁신+상생컨설팅+모집공고.pdf,
PBLN_000000000119309,0,https://www.bizinfo.go.kr/cmm/fms/getImageFile.do?atchFileId=FILE_000000000746145&fileSn=0,ok,200,application/x-download,2026년 현장실습훈련.png,193211,api\PBLN_000000000119309\0_2026년 현장실습훈련.png,
PBLN_000000000119285,0,https://www.bizinfo.go.kr/cmm/fms/getImageFile.do?atchFileId=FILE_000000000746006&fileSn=0,ok,200,application/x-download,2026년 소규모 사업장 사물인터넷(IoT) 측정기기 부착 지원사업 공고문.hwp,176640,api\PBLN_000000000119285\0_2026년 소규모 사업장 사물인터넷(IoT) 측정기기 부착 지원사업 공고문.hwp,
PBLN_000000000119274,0,https://www.bizinfo.go.kr/cmm/fms/getImageFile.do?atchFileId=FILE_000000000745984&fileSn=1,ok,200,application/x-download,2026년도 공동안전관리자 지원사업 참여기업 모집안내.pdf,190478,api\PBLN_000000000119274\0_2026년도 공동안전관리자 지원사업 참여기업 모집안내.pdf,
PBLN_000000000119272,0,https://www.bizinfo.go.kr/cmm/fms/getImageFile.do?atchFileId=FILE_000000000745975&fileSn=1,ok,200,application/x-download,2026년 유니버설디자인리빙랩 제품 사용성조사 장비 공동활용 지원안내.png,605540,api\PBLN_000000000119272\0_2026년 유니버설디자인리빙랩 제품 사용성조사 장비 공동활용 지원안내.png,
PBLN_000000000119261,0,https://www.bizinfo.go.kr/cmm/fms/getImageFile.do?atchFileId=FILE_000000000745938&fileSn=0,ok,200,application/x-download,[공고] 2026년 칠곡군 해외지사화 및 공동물류센터 지원사업 참여기업 모집공고.pdf,283629,api\PBLN_000000000119261\0_[공고] 2026년 칠곡군 해외지사화 및 공동물류센터 지원사업 참여기업 모집공고.pdf,
PBLN_000000000119260,0,https://www.bizinfo.go.kr/cmm/fms/getImageFile.do?atchFileId=FILE_000000000745947&fileSn=0,ok,200,application/x-download,공고문(2026년 음식점 위생등급제 컨설팅 참여업소 모집).hwpx,66870,api\PBLN_000000000119260\0_공고문(2026년 음식점 위생등급제 컨설팅 참여업소 모집).hwpx,
PBLN_000000000119255,0,https://www.bizinfo.go.kr/cmm/fms/getImageFile.do?atchFileId=FILE_000000000745929&fileSn=0,ok,200,application/x-download,소상공인 디지털 전환 지원사업 신청·접수 안내.hwp,83968,api\PBLN_000000000119255\0_소상공인 디지털 전환 지원사업 신청·접수 안내.hwp,
PBLN_000000000119253,0,https://www.bizinfo.go.kr/cmm/fms/getImageFile.do?atchFileId=FILE_000000000745927&fileSn=0,ok,200,application/x-download,2026년 육아휴직 대체인력 근로자 지원사업 모집 공고.hwp,84992,api\PBLN_000000000119253\0_2026년 육아휴직 대체인력 근로자 지원사업 모집 공고.hwp,
PBLN_000000000119240,0,https://www.bizinfo.go.kr/cmm/fms/getImageFile.do?atchFileId=FILE_000000000745906&fileSn=0,ok,200,application/x-download,26년_청년일자리도약_리플렛.jpg,1900291,api\PBLN_000000000119240\0_26년_청년일자리도약_리플렛.jpg,
PBLN_000000000119239,0,https://www.bizinfo.go.kr/cmm/fms/getImageFile.do?atchFileId=FILE_000000000745905&fileSn=1,ok,200,application/x-download,(산업은행) 26년 온렌딩 리플렛 최종.pdf,1484813,api\PBLN_000000000119239\0_(산업은행) 26년 온렌딩 리플렛 최종.pdf,
PBLN_000000000119235,0,https://www.bizinfo.go.kr/cmm/fms/getImageFile.do?atchFileId=FILE_000000000745889&fileSn=0,ok,200,application/x-download,[모집공고] 고성능 컴퓨터(HPC) 이용 지원사업.hwp,1689088,api\PBLN_000000000119235\0_[모집공고] 고성능 컴퓨터(HPC) 이용 지원사업.hwp,
PBLN_000000000119234,0,https://www.bizinfo.go.kr/cmm/fms/getImageFile.do?atchFileId=FILE_000000000745887&fileSn=0,ok,200,application/x-download,(과학기술정보통신부 공고 제2026-0260호) 2026년도 안전관리 우수연구실 인증제 시행 공고.pdf,811636,api\PBLN_000000000119234\0_(과학기술정보통신부 공고 제2026-0260호) 2026년도 안전관리 우수연구실 인증제 시행 공고.pdf,
PBLN_000000000119212,0,https://www.bizinfo.go.kr/cmm/fms/getImageFile.do?atchFileId=FILE_000000000745783&fileSn=0,ok,200,application/x-download,2026년 청정임산물 생산기반지원사업 재공고.hwp,98817,api\PBLN_000000000119212\0_2026년 청정임산물 생산기반지원사업 재공고.hwp,
PBLN_000000000119206,0,https://www.bizinfo.go.kr/cmm/fms/getImageFile.do?atchFileId=FILE_000000000745773&fileSn=0,ok,200,application/x-download,2026년 아산시 해외마케팅 지원사업 참가기업 모집 공고문.hwpx,60175,api\PBLN_000000000119206\0_2026년 아산시 해외마케팅 지원사업 참가기업 모집 공고문.hwpx,
PBLN_000000000119201,0,https://www.bizinfo.go.kr/cmm/fms/getImageFile.do?atchFileId=FILE_000000000745745&fileSn=0,ok,200,application/x-download,(공고 제2026-001호)2026년도 중소기업 연구인력 현장맞춤형 양성지원사업 1차 시행계획 공고_260205.hwp,290816,api\PBLN_000000000119201\0_(공고 제2026-001호)2026년도 중소기업 연구인력 현장맞춤형 양성지원사업 1차 시행계획 공고_260205.hwp,
PBLN_000000000119198,0,https://www.bizinfo.go.kr/cmm/fms/getImageFile.do?atchFileId=FILE_000000000745741&fileSn=0,ok,200,application/x-download,붙임1_공고문(안) -2026 충북 수출기업 해외시장조사 및 지사화 지원 참가기업 모집공고-.pdf,275722,api\PBLN_000000000119198\0_붙임1_공고문(안) -2026 충북 수출기업 해외시장조사 및 지사화 지원 참가기업 모집공고-.pdf,
PBLN_000000000119193,0,https://www.bizinfo.go.kr/cmm/fms/getImageFile.do?atchFileId=FILE_000000000745723&fileSn=0,ok,200,application/x-download,직장문화 개선 컨설팅 지원신청 안내 및 신청서.hwp,71680,api\PBLN_000000000119193\0_직장문화 개선 컨설팅 지원신청 안내 및 신청서.hwp,
PBLN_000000000119181,0,https://www.bizinfo.go.kr/cmm/fms/getImageFile.do?atchFileId=FILE_000000000745684&fileSn=0,ok,200,application/x-download,붙임 1. 소부장 기술애로 지원 공고문.hwp,101376,api\PBLN_000000000119181\0_붙임 1. 소부장 기술애로 지원 공고문.hwp,
PBLN_000000000119170,0,https://www.bizinfo.go.kr/cmm/fms/getImageFile.do?atchFileId=FILE_000000000745635&fileSn=0,ok,200,application/x-download,(포스터)강원창조경제_창업버스.jpg,3162649,api\PBLN_000000000119170\0_(포스터)강원창조경제_창업버스.jpg,
PBLN_000000000119158,0,https://www.bizinfo.go.kr/cmm/fms/getImageFile.do?atchFileId=FILE_000000000745600&fileSn=0,ok,200,application/x-download,2026년 「초등학부모 10시 출근제 도입 중소기업 지원」 참여기업 모집공고.hwp,146432,api\PBLN_000000000119158\0_2026년 「초등학부모 10시 출근제 도입 중소기업 지원」 참여기업 모집공고.hwp,
PBLN_000000000119155,0,https://www.bizinfo.go.kr/cmm/fms/getImageFile.do?atchFileId=FILE_000000000745596&fileSn=0,ok,200,application/x-download,[공고] 2026년 폐업 소상공인 사업정리 지원사업.hwp,102912,api\PBLN_000000000119155\0_[공고] 2026년 폐업 소상공인 사업정리 지원사업.hwp,
PBLN_000000000119154,0,https://www.bizinfo.go.kr/cmm/fms/getImageFile.do?atchFileId=FILE_000000000745603&fileSn=1,ok,200,application/x-download,붙임 1.  모집 공고문.pdf,680108,api\PBLN_000000000119154\0_붙임 1.  모집 공고문.pdf,
PBLN_000000000119137,0,https://www.bizinfo.go.kr/cmm/fms/getImageFile.do?atchFileId=FILE_000000000745553&fileSn=2,ok,200,application/x-download,2026 청도약 포스터.jpg,125887,api\PBLN_000000000119137\0_2026 청도약 포스터.jpg,
PBLN_000000000119131,0,https://www.bizinfo.go.kr/cmm/fms/getImageFile.do?atchFileId=FILE_000000000745540&fileSn=0,ok,200,application/x-download,중소기업 승계자문 프로그램.png,463859,api\PBLN_000000000119131\0_중소기업 승계자문 프로그램.png,
PBLN_000000000119124,0,https://www.bizinfo.go.kr/cmm/fms/getImageFile.do?atchFileId=FILE_000000000745518&fileSn=0,ok,200,application/x-download,[공고문] 2026년 기술지도 지원사업.pdf,108000,api\PBLN_000000000119124\0_[공고문] 2026년 기술지도 지원사업.pdf,
PBLN_000000000119107,0,https://www.bizinfo.go.kr/cmm/fms/getImageFile.do?atchFileId=FILE_000000000745429&fileSn=0,ok,200,application/x-download,2026년 IP(지식재산) 디딤돌 프로그램(권리화 지원사업) 지원대상 모집공고.hwp,286720,api\PBLN_000000000119107\0_2026년 IP(지식재산) 디딤돌 프로그램(권리화 지원사업) 지원대상 모집공고.hwp,
PBLN_000000000119106,0,https://www.bizinfo.go.kr/cmm/fms/getImageFile.do?atchFileId=FILE_000000000745414&fileSn=0,ok,200,application/x-download,붙임 1. 2026 강원특별자치도-현대백화점 공동 특판행사 참가기업 모집공고안.hwp,1458176,api\PBLN_000000000119106\0_붙임 1. 2026 강원특별자치도-현대백화점 공동 특판행사 참가기업 모집공고안.hwp,
PBLN_000000000119103,0,https://www.bizinfo.go.kr/cmm/fms/getImageFile.do?atchFileId=FILE_000000000745421&fileSn=0,ok,200,application/x-download,공고문(2026 농식품 수출 인증통관검역).pdf,190533,api\PBLN_000000000119103\0_공고문(2026 농식품 수출 인증통관검역).pdf,
PBLN_000000000119095,0,https://www.bizinfo.go.kr/cmm/fms/getImageFile.do?atchFileId=FILE_000000000745397&fileSn=0,ok,200,application/x-download,2026년도+보증기업+위기극복+패키지+공고문_최종.pdf,298958,api\PBLN_000000000119095\0_2026년도+보증기업+위기극복+패키지+공고문_최종.pdf,
PBLN_000000000119093,0,https://www.bizinfo.go.kr/cmm/fms/getImageFile.do?atchFileId=FILE_000000000745393&fileSn=1,ok,200,application/x-download,붙임1. 2026년 파브 부품 시험·인증 지원사업 참여기업 모집 공고.pdf,82013,api\PBLN_000000000119093\0_붙임1. 2026년 파브 부품 시험·인증 지원사업 참여기업 모집 공고.pdf,
PBLN_000000000119083,0,https://www.bizinfo.go.kr/cmm/fms/getImageFile.do?atchFileId=FILE_000000000745330&fileSn=0,ok,200,application/x-download,붙임1. 2026 소상공인IP창출지원_IP출원지원(상표)_모집공고문(충북).hwp,59904,api\PBLN_000000000119083\0_붙임1. 2026 소상공인IP창출지원_IP출원지원(상표)_모집공고문(충북).hwp,
PBLN_000000000119064,0,https://www.bizinfo.go.kr/cmm/fms/getImageFile.do?atchFileId=FILE_000000000745322&fileSn=0,ok,200,application/x-download,붙임1. 자동차용 반도체 및 모듈 기능안전 기업지원 수혜기업 모집공고.pdf,72841,api\PBLN_000000000119064\0_붙임1. 자동차용 반도체 및 모듈 기능안전 기업지원 수혜기업 모집공고.pdf,
PBLN_000000000119052,0,https://www.bizinfo.go.kr/cmm/fms/getImageFile.do?atchFileId=FILE_000000000745246&fileSn=0,ok,200,application/x-download,2026년 기업환경개선자금 이자지원 사업 추진계획.hwp,76289,api\PBLN_000000000119052\0_2026년 기업환경개선자금 이자지원 사업 추진계획.hwp,
PBLN_000000000119051,0,https://www.bizinfo.go.kr/cmm/fms/getImageFile.do?atchFileId=FILE_000000000745253&fileSn=1,ok,200,application/x-download,2026년 StartupD 창업 BuS 참가자 사전 모집 공고.png,351639,api\PBLN_000000000119051\0_2026년 StartupD 창업 BuS 참가자 사전 모집 공고.png,
PBLN_000000000119050,0,https://www.bizinfo.go.kr/cmm/fms/getImageFile.do?atchFileId=FILE_000000000745244&fileSn=0,ok,200,application/x-download,우주항공청 이주직원 가족 소상공인 창업 지원사업 공고문.hwp,179712,api\PBLN_000000000119050\0_우주항공청 이주직원 가족 소상공인 창업 지원사업 공고문.hwp,
PBLN_000000000119047,0,https://www.bizinfo.go.kr/cmm/fms/getImageFile.do?atchFileId=FILE_000000000745242&fileSn=0,ok,200,application/x-download,붙임1.참여기업 모집공고.hwp,151040,api\PBLN_000000000119047\0_붙임1.참여기업 모집공고.hwp,
PBLN_000000000119045,0,https://www.bizinfo.go.kr/cmm/fms/getImageFile.do?atchFileId=FILE_000000000745235&fileSn=0,ok,200,application/x-download,붙임 1. 2026년 소상공인 IP창출지원 상표출원 지원사업 소상공인 수혜자 모집 공고문.hwp,109568,api\PBLN_000000000119045\0_붙임 1. 2026년 소상공인 IP창출지원 상표출원 지원사업 소상공인 수혜자 모집 공고문.hwp,
PBLN_000000000119044,0,https://www.bizinfo.go.kr/cmm/fms/getImageFile.do?atchFileId=FILE_000000000745208&fileSn=0,ok,200,application/x-download,동행가맹점_공고문.hwp,128512,api\PBLN_000000000119044\0_동행가맹점_공고문.hwp,
PBLN_000000000119043,0,https://www.bizinfo.go.kr/cmm/fms/getImageFile.do?atchFileId=FILE_000000000745233&fileSn=0,ok,200,application/x-download,모집 공고문수정_2026년 베트남 초기 진출기업 마중물 지원.hwp,187904,api\PBLN_000000000119043\0_모집 공고문수정_2026년 베트남 초기 진출기업 마중물 지원.hwp,
PBLN_000000000119038,0,https://www.bizinfo.go.kr/cmm/fms/getImageFile.do?atchFileId=FILE_000000000745227&fileSn=1,ok,200,application/x-download,012-[발신공문]_260227__「2026_울주군_사회적경제_온라인_판로지원」_모집_공고.hwp,86016,api\PBLN_000000000119038\0_012-[발신공문]_260227__「2026_울주군_사회적경제_온라인_판로지원」_모집_공고.hwp,
PBLN_000000000119026,0,https://www.bizinfo.go.kr/cmm/fms/getImageFile.do?atchFileId=FILE_000000000745166&fileSn=0,ok,200,application/x-download,2026년도 연구실 안전관리 컨설팅 지원사업 공고.pdf,228254,api\PBLN_000000000119026\0_2026년도 연구실 안전관리 컨설팅 지원사업 공고.pdf,
PBLN_000000000119025,0,https://www.bizinfo.go.kr/cmm/fms/getImageFile.do?atchFileId=FILE_000000000745185&fileSn=2,ok,200,application/x-download,26년도+직장생활+패키지+사업공고문.hwp,62464,api\PBLN_000000000119025\0_26년도+직장생활+패키지+사업공고문.hwp,
PBLN_000000000119017,0,https://www.bizinfo.go.kr/cmm/fms/getImageFile.do?atchFileId=FILE_000000000745140&fileSn=0,ok,200,application/x-download,2026년_새_길_여는_폐업지원_사업_모집_공고문.pdf,404835,api\PBLN_000000000119017\0_2026년_새_길_여는_폐업지원_사업_모집_공고문.pdf,
PBLN_000000000119011,0,https://www.bizinfo.go.kr/cmm/fms/getImageFile.do?atchFileId=FILE_000000000745136&fileSn=0,ok,200,application/x-download,[공고문] 2026년 인천 중소기업 연구조직 설립 지원사업 모집 공고.pdf,496576,api\PBLN_000000000119011\0_[공고문] 2026년 인천 중소기업 연구조직 설립 지원사업 모집 공고.pdf,
PBLN_000000000119010,0,https://www.bizinfo.go.kr/cmm/fms/getImageFile.do?atchFileId=FILE_000000000745134&fileSn=0,ok,200,application/x-download,[공고문] 인천 연구장비 공동활용 지원사업 공고.pdf,296938,api\PBLN_000000000119010\0_[공고문] 인천 연구장비 공동활용 지원사업 공고.pdf,
PBLN_000000000118974,0,https://www.bizinfo.go.kr/cmm/fms/getImageFile.do?atchFileId=FILE_000000000744976&fileSn=1,ok,200,application/x-download,2026년_중소기업_기술침해_손해액_산정_지원사업_공고.hwpx,129024,api\PBLN_000000000118974\0_2026년_중소기업_기술침해_손해액_산정_지원사업_공고.hwpx,
PBLN_000000000118943,0,https://www.bizinfo.go.kr/cmm/fms/getImageFile.do?atchFileId=FILE_000000000744862&fileSn=0,ok,200,application/x-download,(붙임) 필요기술 발굴지원 공고문 및 신청서.hwp,66560,api\PBLN_000000000118943\0_(붙임) 필요기술 발굴지원 공고문 및 신청서.hwp,
PBLN_000000000118927,0,https://www.bizinfo.go.kr/cmm/fms/getImageFile.do?atchFileId=FILE_000000000744802&fileSn=0,ok,200,application/x-download,[붙임1]’26 직장문화환경개선 지원사업 참여기업 모집 공고문.hwp,133632,api\PBLN_000000000118927\0_[붙임1]’26 직장문화환경개선 지원사업 참여기업 모집 공고문.hwp,
PBLN_000000000118917,0,https://www.bizinfo.go.kr/cmm/fms/getImageFile.do?atchFileId=FILE_000000000744786&fileSn=0,ok,200,application/x-download,공고문(2026년 창업기업 신용보증수수료 지원사업).hwp,93184,api\PBLN_000000000118917\0_공고문(2026년 창업기업 신용보증수수료 지원사업).hwp,
PBLN_000000000118912,0,https://www.bizinfo.go.kr/cmm/fms/getImageFile.do?atchFileId=FILE_000000000744774&fileSn=0,ok,200,application/x-download,2026년 인프라 지원사업(장비시설) 공고문.hwp,568832,api\PBLN_000000000118912\0_2026년 인프라 지원사업(장비시설) 공고문.hwp,
PBLN_000000000118906,0,https://www.bizinfo.go.kr/cmm/fms/getImageFile.do?atchFileId=FILE_000000000744757&fileSn=0,ok,200,application/x-download,건설공사 하도급대금 지급 보증수수료 지원사업.hwp,80384,api\PBLN_000000000118906\0_건설공사 하도급대금 지급 보증수수료 지원사업.hwp,
PBLN_000000000118891,0,https://www.bizinfo.go.kr/cmm/fms/getImageFile.do?atchFileId=FILE_000000000744699&fileSn=0,ok,200,application/x-download,2026-483_(★수정) 2026년도 식품진흥기금 식품위생업소 융자사업 공고.hwpx,162128,api\PBLN_000000000118891\0_2026-483_(★수정) 2026년도 식품진흥기금 식품위생업소 융자사업 공고.hwpx,
PBLN_000000000118881,0,https://www.bizinfo.go.kr/cmm/fms/getImageFile.do?atchFileId=FILE_000000000744668&fileSn=1,ok,200,application/x-download,공고문(2026년 소공인).hwp,136193,api\PBLN_000000000118881\0_공고문(2026년 소공인).hwp,
PBLN_000000000118880,0,https://www.bizinfo.go.kr/cmm/fms/getImageFile.do?atchFileId=FILE_000000000744664&fileSn=0,ok,200,application/x-download,공고문(2026 일자리창출).hwp,143361,api\PBLN_000000000118880\0_공고문(2026 일자리창출).hwp,
PBLN_000000000118879,0,https://www.bizinfo.go.kr/cmm/fms/getImageFile.do?atchFileId=FILE_000000000744662&fileSn=0,ok,200,application/x-download,공고문(2026 청년창업).hwp,184321,api\PBLN_000000000118879\0_공고문(2026 청년창업).hwp,
PBLN_000000000118876,0,https://www.bizinfo.go.kr/cmm/fms/getImageFile.do?atchFileId=FILE_000000000744638&fileSn=0,ok,200,application/x-download,현장실습 훈련(시니어인턴십) 지원사업.png,198862,api\PBLN_000000000118876\0_현장실습 훈련(시니어인턴십) 지원사업.png,
PBLN_000000000118875,0,https://www.bizinfo.go.kr/cmm/fms/getImageFile.do?atchFileId=FILE_000000000744650&fileSn=0,ok,200,application/x-download,첨부1 공고문상세-에기평E융복합.hwp,48128,api\PBLN_000000000118875\0_첨부1 공고문상세-에기평E융복합.hwp,
PBLN_000000000118864,0,https://www.bizinfo.go.kr/cmm/fms/getImageFile.do?atchFileId=FILE_000000000744625&fileSn=1,ok,200,application/x-download,2단계 2026년 해외지사화사업 지원사업 참여업체 추가 모집 공고.hwp,152064,api\PBLN_000000000118864\0_2단계 2026년 해외지사화사업 지원사업 참여업체 추가 모집 공고.hwp,
PBLN_000000000118858,0,https://www.bizinfo.go.kr/cmm/fms/getImageFile.do?atchFileId=FILE_000000000744605&fileSn=1,ok,200,application/x-download,「경남 수도권 투자유치 거점센터 데모데이. 멘토링 데이」 참기기업 모집 공고.png,970196,api\PBLN_000000000118858\0_「경남 수도권 투자유치 거점센터 데모데이. 멘토링 데이」 참기기업 모집 공고.png,
PBLN_000000000118806,0,https://www.bizinfo.go.kr/cmm/fms/getImageFile.do?atchFileId=FILE_000000000744514&fileSn=0,ok,200,application/x-download,(공고문) 2026년 사천 디지털전환(DX) 컨설팅 및 인력양성 지원사업 수혜기업 모집 공고문.hwp,63488,api\PBLN_000000000118806\0_(공고문) 2026년 사천 디지털전환(DX) 컨설팅 및 인력양성 지원사업 수혜기업 모집 공고문.hwp,
PBLN_000000000118804,0,https://www.bizinfo.go.kr/cmm/fms/getImageFile.do?atchFileId=FILE_000000000744507&fileSn=0,ok,200,application/x-download,2026년 경상남도 수출물류비 지원사업 모집공고문 vF.pdf,263363,api\PBLN_000000000118804\0_2026년 경상남도 수출물류비 지원사업 모집공고문 vF.pdf,
PBLN_000000000118786,0,https://www.bizinfo.go.kr/cmm/fms/getImageFile.do?atchFileId=FILE_000000000744460&fileSn=1,ok,200,application/x-download,2026년_중소기업_K-뷰티론_정책자금_지원계획_공고.pdf,608331,api\PBLN_000000000118786\0_2026년_중소기업_K-뷰티론_정책자금_지원계획_공고.pdf,
PBLN_000000000118778,0,https://www.bizinfo.go.kr/cmm/fms/getImageFile.do?atchFileId=FILE_000000000744436&fileSn=0,ok,200,application/x-download,260223 2026년 단체관광객 유치여행사 인센티브 공고문 및 서식(수정).hwp,103936,api\PBLN_000000000118778\0_260223 2026년 단체관광객 유치여행사 인센티브 공고문 및 서식(수정).hwp,
PBLN_000000000118752,0,https://www.bizinfo.go.kr/cmm/fms/getImageFile.do?atchFileId=FILE_000000000744327&fileSn=0,ok,200,application/x-download,(붙임1)+2026년+안전성검사비(잔류농약+및+식품위생)+지원사업+공고.hwp,605184,api\PBLN_000000000118752\0_(붙임1)+2026년+안전성검사비(잔류농약+및+식품위생)+지원사업+공고.hwp,
PBLN_000000000118750,0,https://www.bizinfo.go.kr/cmm/fms/getImageFile.do?atchFileId=FILE_000000000744349&fileSn=0,ok,200,application/x-download,공고문(2026년 진주시 중소기업 국내외 인증수수료 지원사업).hwp,119808,api\PBLN_000000000118750\0_공고문(2026년 진주시 중소기업 국내외 인증수수료 지원사업).hwp,
PBLN_000000000118744,0,https://www.bizinfo.go.kr/cmm/fms/getImageFile.do?atchFileId=FILE_000000000744339&fileSn=0,ok,200,application/x-download,[공고] 도내 관광사업체 대상 국내 현지 방문 판촉 영업 활동 지원.hwp,92672,api\PBLN_000000000118744\0_[공고] 도내 관광사업체 대상 국내 현지 방문 판촉 영업 활동 지원.hwp,
PBLN_000000000118729,0,https://www.bizinfo.go.kr/cmm/fms/getImageFile.do?atchFileId=FILE_000000000744303&fileSn=0,ok,200,application/x-download,(2026-06호)2026년 창업BuS at 경북 참여기업 모집 공고 및 신청서.hwp,1768960,api\PBLN_000000000118729\0_(2026-06호)2026년 창업BuS at 경북 참여기업 모집 공고 및 신청서.hwp,
PBLN_000000000118682,0,https://www.bizinfo.go.kr/cmm/fms/getImageFile.do?atchFileId=FILE_000000000744222&fileSn=0,ok,200,application/x-download,2026년 특허기술 해외 출원등록 비용 지원사업 공고.hwp,72192,api\PBLN_000000000118682\0_2026년 특허기술 해외 출원등록 비용 지원사업 공고.hwp,
PBLN_000000000118681,0,https://www.bizinfo.go.kr/cmm/fms/getImageFile.do?atchFileId=FILE_000000000744220&fileSn=0,ok,200,application/x-download,2026년 산업재산권 권리화 지원사업 공고.hwp,116224,api\PBLN_000000000118681\0_2026년 산업재산권 권리화 지원사업 공고.hwp,
PBLN_000000000118679,0,https://www.bizinfo.go.kr/cmm/fms/getImageFile.do?atchFileId=FILE_000000000744218&fileSn=0,ok,200,application/x-download,붙임1. 채용연계형 뿌리기업 근로환경 혁신 지원사업(환경개선) 공고문.hwp,108032,api\PBLN_000000000118679\0_붙임1. 채용연계형 뿌리기업 근로환경 혁신 지원사업(환경개선) 공고문.hwp,
PBLN_000000000118674,0,https://www.bizinfo.go.kr/cmm/fms/getImageFile.do?atchFileId=FILE_000000000744203&fileSn=0,ok,200,application/x-download,[공고문] 2026년 경기도 규제샌드박스 맞춤형 컨설팅.hwpx,73633,api\PBLN_000000000118674\0_[공고문] 2026년 경기도 규제샌드박스 맞춤형 컨설팅.hwpx,
PBLN_000000000118665,0,https://www.bizinfo.go.kr/cmm/fms/getImageFile.do?atchFileId=FILE_000000000744168&fileSn=0,ok,200,application/x-download,1. 2026년 IP디딤돌프로그램 지원사업 공고문_.hwp,294912,api\PBLN_000000000118665\0_1. 2026년 IP디딤돌프로그램 지원사업 공고문_.hwp,
PBLN_000000000118617,0,https://www.bizinfo.go.kr/cmm/fms/getImageFile.do?atchFileId=FILE_000000000744009&fileSn=0,ok,200,application/x-download,붙임 1. 2026년도 오픈랩 AI 개발플랫폼 활용 지원 수혜기업 모집 공고문.pdf,1830733,api\PBLN_000000000118617\0_붙임 1. 2026년도 오픈랩 AI 개발플랫폼 활용 지원 수혜기업 모집 공고문.pdf,
PBLN_000000000118586,0,https://www.bizinfo.go.kr/cmm/fms/getImageFile.do?atchFileId=FILE_000000000743977&fileSn=0,ok,200,application/x-download,2026년+경상남도+식품진흥기금+융자+지원계획+공고문.hwp,84480,api\PBLN_000000000118586\0_2026년+경상남도+식품진흥기금+융자+지원계획+공고문.hwp,
PBLN_000000000118556,0,https://www.bizinfo.go.kr/cmm/fms/getImageFile.do?atchFileId=FILE_000000000743925&fileSn=0,ok,200,application/x-download,판판대로_사업.jpg,1114175,api\PBLN_000000000118556\0_판판대로_사업.jpg,
PBLN_000000000118530,0,https://www.bizinfo.go.kr/cmm/fms/getImageFile.do?atchFileId=FILE_000000000743879&fileSn=0,ok,200,application/x-download,[첨부1]에너지효율혁신선도프로젝트선도기업모집안내.(1).pdf,719872,api\PBLN_000000000118530\0_[첨부1]에너지효율혁신선도프로젝트선도기업모집안내.(1).pdf,
PBLN_000000000118529,0,https://www.bizinfo.go.kr/cmm/fms/getImageFile.do?atchFileId=FILE_000000000743877&fileSn=0,ok,200,application/x-download,2026년+농식품+현지화지원사업+모집공고(라벨링+현지화)1.pdf,235395,api\PBLN_000000000118529\0_2026년+농식품+현지화지원사업+모집공고(라벨링+현지화)1.pdf,
PBLN_000000000118527,0,https://www.bizinfo.go.kr/cmm/fms/getImageFile.do?atchFileId=FILE_000000000743873&fileSn=0,ok,200,application/x-download,2026년+농식품+현지화지원사업+모집공고(수입등록검사)2.pdf,158040,api\PBLN_000000000118527\0_2026년+농식품+현지화지원사업+모집공고(수입등록검사)2.pdf,
PBLN_000000000118524,0,https://www.bizinfo.go.kr/cmm/fms/getImageFile.do?atchFileId=FILE_000000000743867&fileSn=0,ok,200,application/x-download,2026년+농식품+현지화지원사업+모집공고(현지+전문기관+자문)3.pdf,247377,api\PBLN_000000000118524\0_2026년+농식품+현지화지원사업+모집공고(현지+전문기관+자문)3.pdf,
PBLN_000000000118496,0,https://www.bizinfo.go.kr/cmm/fms/getImageFile.do?atchFileId=FILE_000000000743798&fileSn=1,ok,200,application/x-download,(모집공고문) 『2026 근로자 휴가지원사업』_수정.pdf,650042,api\PBLN_000000000118496\0_(모집공고문) 『2026 근로자 휴가지원사업』_수정.pdf,
PBLN_000000000118494,0,https://www.bizinfo.go.kr/cmm/fms/getImageFile.do?atchFileId=FILE_000000000743794&fileSn=0,ok,200,application/x-download,(중소벤처기업부_공고_제2026-91호)_2026년_중소기업_기술보호_지원사업_통합_공고.pdf,640303,api\PBLN_000000000118494\0_(중소벤처기업부_공고_제2026-91호)_2026년_중소기업_기술보호_지원사업_통합_공고.pdf,
PBLN_000000000118467,0,https://www.bizinfo.go.kr/cmm/fms/getImageFile.do?atchFileId=FILE_000000000743735&fileSn=0,ok,200,application/x-download,「2026 중소기업 ISO 인증 지원사업」모집 공고(안).hwp,22016,api\PBLN_000000000118467\0_「2026 중소기업 ISO 인증 지원사업」모집 공고(안).hwp,
PBLN_000000000118445,0,https://www.bizinfo.go.kr/cmm/fms/getImageFile.do?atchFileId=FILE_000000000743695&fileSn=0,ok,200,application/x-download,2026년+경상남도+창업기업+신규고용인력+보조금+지원계획+공고.hwp,91648,api\PBLN_000000000118445\0_2026년+경상남도+창업기업+신규고용인력+보조금+지원계획+공고.hwp,
PBLN_000000000118430,0,https://www.bizinfo.go.kr/cmm/fms/getImageFile.do?atchFileId=FILE_000000000743587&fileSn=0,ok,200,application/x-download,민간기업_분야_우수인재_특별귀화_추천_신청_모집공고.pdf,381304,api\PBLN_000000000118430\0_민간기업_분야_우수인재_특별귀화_추천_신청_모집공고.pdf,
PBLN_000000000118398,0,https://www.bizinfo.go.kr/cmm/fms/getImageFile.do?atchFileId=FILE_000000000743509&fileSn=0,ok,200,application/x-download,2026년 서울시 위험성평가 컨설팅 사업 대상 모집 공고문.hwp,67072,api\PBLN_000000000118398\0_2026년 서울시 위험성평가 컨설팅 사업 대상 모집 공고문.hwp,
PBLN_000000000118395,0,https://www.bizinfo.go.kr/cmm/fms/getImageFile.do?atchFileId=FILE_000000000743503&fileSn=0,ok,200,application/x-download,2026-375_★2026년 기술닥터사업 공고문.hwp,174592,api\PBLN_000000000118395\0_2026-375_★2026년 기술닥터사업 공고문.hwp,
PBLN_000000000118394,0,https://www.bizinfo.go.kr/cmm/fms/getImageFile.do?atchFileId=FILE_000000000743501&fileSn=1,ok,200,application/x-download,2026년+기업+채용연계+청년일자리+지원사업+참여기업+모집+공고문.hwp,87552,api\PBLN_000000000118394\0_2026년+기업+채용연계+청년일자리+지원사업+참여기업+모집+공고문.hwp,
PBLN_000000000118393,0,https://www.bizinfo.go.kr/cmm/fms/getImageFile.do?atchFileId=FILE_000000000743499&fileSn=1,ok,200,application/x-download,26년 일도약 전단지.jpg,1276864,api\PBLN_000000000118393\0_26년 일도약 전단지.jpg,
PBLN_000000000118386,0,https://www.bizinfo.go.kr/cmm/fms/getImageFile.do?atchFileId=FILE_000000000743470&fileSn=0,ok,200,application/x-download,2026년 중장년 경력인재지원(직무체험형) 참여기업 모집 공고문.pdf,289015,api\PBLN_000000000118386\0_2026년 중장년 경력인재지원(직무체험형) 참여기업 모집 공고문.pdf,
PBLN_000000000118381,0,https://www.bizinfo.go.kr/cmm/fms/getImageFile.do?atchFileId=FILE_000000000743466&fileSn=0,ok,200,application/x-download,글로벌 경쟁력 강화 긴급지원 사업 대상 모집 공고.hwp,664576,api\PBLN_000000000118381\0_글로벌 경쟁력 강화 긴급지원 사업 대상 모집 공고.hwp,
PBLN_000000000118377,0,https://www.bizinfo.go.kr/cmm/fms/getImageFile.do?atchFileId=FILE_000000000743462&fileSn=0,ok,200,application/x-download,2026년+전북특별자치도+식품진흥기금+융자사업+공고.hwp,124416,api\PBLN_000000000118377\0_2026년+전북특별자치도+식품진흥기금+융자사업+공고.hwp,
PBLN_000000000118361,0,https://www.bizinfo.go.kr/cmm/fms/getImageFile.do?atchFileId=FILE_000000000743421&fileSn=0,ok,200,application/x-download,[공고] 2026 유해물질 시험분석 수수료 지원사업.pdf,95492,api\PBLN_000000000118361\0_[공고] 2026 유해물질 시험분석 수수료 지원사업.pdf,
PBLN_000000000118350,0,https://www.bizinfo.go.kr/cmm/fms/getImageFile.do?atchFileId=FILE_000000000743395&fileSn=0,ok,200,application/x-download,2026년 장애인 창업 컨설팅 지원 대상자 모집공고.hwp,624640,api\PBLN_000000000118350\0_2026년 장애인 창업 컨설팅 지원 대상자 모집공고.hwp,
PBLN_000000000118345,0,https://www.bizinfo.go.kr/cmm/fms/getImageFile.do?atchFileId=FILE_000000000743363&fileSn=0,ok,200,application/x-download,2026년 광명시 소규모 유통업 육성자금 지원계획 공고문.hwp,90624,api\PBLN_000000000118345\0_2026년 광명시 소규모 유통업 육성자금 지원계획 공고문.hwp,
PBLN_000000000118341,0,https://www.bizinfo.go.kr/cmm/fms/getImageFile.do?atchFileId=FILE_000000000743347&fileSn=0,ok,200,application/x-download,2026년 광명시 중소기업 특례보증 지원계획 공고문.pdf,95421,api\PBLN_000000000118341\0_2026년 광명시 중소기업 특례보증 지원계획 공고문.pdf,
PBLN_000000000118336,0,https://www.bizinfo.go.kr/cmm/fms/getImageFile.do?atchFileId=FILE_000000000743341&fileSn=0,ok,200,application/x-download,2026년 광명시 중소기업 육성자금(제조업 지식산업 정보통신산업) 지원계획 공고문.pdf,417854,api\PBLN_000000000118336\0_2026년 광명시 중소기업 육성자금(제조업 지식산업 정보통신산업) 지원계획 공고문.pdf,
PBLN_000000000118318,0,https://www.bizinfo.go.kr/cmm/fms/getImageFile.do?atchFileId=FILE_000000000743293&fileSn=0,ok,200,application/x-download,[공고 제2026-16호] 2026년 소스개발 및 생산지원 사업 공고_(260204).hwp,151040,api\PBLN_000000000118318\0_[공고 제2026-16호] 2026년 소스개발 및 생산지원 사업 공고_(260204).hwp,
PBLN_000000000118301,0,https://www.bizinfo.go.kr/cmm/fms/getImageFile.do?atchFileId=FILE_000000000743237&fileSn=0,ok,200,application/x-download,사업_공고문.hwp,56832,api\PBLN_000000000118301\0_사업_공고문.hwp,
PBLN_000000000118300,0,https://www.bizinfo.go.kr/cmm/fms/getImageFile.do?atchFileId=FILE_000000000743230&fileSn=0,ok,200,application/x-download,공고문2026년 남원시 중소기업 온라인 플랫폼 판매지원 참여기업 상시 모집.hwp,653824,api\PBLN_000000000118300\0_공고문2026년 남원시 중소기업 온라인 플랫폼 판매지원 참여기업 상시 모집.hwp,
PBLN_000000000118296,0,https://www.bizinfo.go.kr/cmm/fms/getImageFile.do?atchFileId=FILE_000000000743204&fileSn=0,ok,200,application/x-download,일구삼구-포스터-002.png,291040,api\PBLN_000000000118296\0_일구삼구-포스터-002.png,
PBLN_000000000118294,0,https://www.bizinfo.go.kr/cmm/fms/getImageFile.do?atchFileId=FILE_000000000743192&fileSn=0,ok,200,application/x-download,영주시 공공배달앱 활성화 지원사업 참여업체 모집공고(배달료 지원).pdf,560075,api\PBLN_000000000118294\0_영주시 공공배달앱 활성화 지원사업 참여업체 모집공고(배달료 지원).pdf,
PBLN_000000000118285,0,https://www.bizinfo.go.kr/cmm/fms/getImageFile.do?atchFileId=FILE_000000000743168&fileSn=0,ok,200,application/x-download,붙임+1.+실감콘텐츠+스튜디오+프로젝트+현물지원기업+모집+공고문.pdf,685745,api\PBLN_000000000118285\0_붙임+1.+실감콘텐츠+스튜디오+프로젝트+현물지원기업+모집+공고문.pdf,
PBLN_000000000118245,0,https://www.bizinfo.go.kr/cmm/fms/getImageFile.do?atchFileId=FILE_000000000742977&fileSn=0,ok,200,application/x-download,2026년 중소벤처기업 지식재산권 및 해외인증 지원사업 참가기업 모집 공고.png,1093396,api\PBLN_000000000118245\0_2026년 중소벤처기업 지식재산권 및 해외인증 지원사업 참가기업 모집 공고.png,
PBLN_000000000118237,0,https://www.bizinfo.go.kr/cmm/fms/getImageFile.do?atchFileId=FILE_000000000742967&fileSn=0,ok,200,application/x-download,1. 2026년 중장년 경력 인재 지원(채용형) 참여기업 모집 공고문.pdf,264165,api\PBLN_000000000118237\0_1. 2026년 중장년 경력 인재 지원(채용형) 참여기업 모집 공고문.pdf,
PBLN_000000000118229,0,https://www.bizinfo.go.kr/cmm/fms/getImageFile.do?atchFileId=FILE_000000000742947&fileSn=0,ok,200,application/x-download,[붙임 1] 2026년 창업기업 상시멘토링 공고문.pdf,66780,api\PBLN_000000000118229\0_[붙임 1] 2026년 창업기업 상시멘토링 공고문.pdf,
PBLN_000000000118226,0,https://www.bizinfo.go.kr/cmm/fms/getImageFile.do?atchFileId=FILE_000000000742943&fileSn=0,ok,200,application/x-download,2026년 방산 멘토링사업 참여기업 모집공고(잠정).pdf,224430,api\PBLN_000000000118226\0_2026년 방산 멘토링사업 참여기업 모집공고(잠정).pdf,
PBLN_000000000118213,0,https://www.bizinfo.go.kr/cmm/fms/getImageFile.do?atchFileId=FILE_000000000742889&fileSn=0,ok,200,application/x-download,★2026년_경기가구창작스튜디오_공동장비_활용_지원_모집_공고문_및_신청_관련_서류.hwp,4475904,api\PBLN_000000000118213\0_★2026년_경기가구창작스튜디오_공동장비_활용_지원_모집_공고문_및_신청_관련_서류.hwp,
PBLN_000000000118210,0,https://www.bizinfo.go.kr/cmm/fms/getImageFile.do?atchFileId=FILE_000000000742877&fileSn=0,ok,200,application/x-download,붙임._2026년_리스크안전망_구축_지원업체_모집공고_및_신청서.hwp,158208,api\PBLN_000000000118210\0_붙임._2026년_리스크안전망_구축_지원업체_모집공고_및_신청서.hwp,
PBLN_000000000118209,0,https://www.bizinfo.go.kr/cmm/fms/getImageFile.do?atchFileId=FILE_000000000742875&fileSn=0,ok,200,application/x-download,2026년_중소기업_연구인력지원사업_공고.hwpx,182544,api\PBLN_000000000118209\0_2026년_중소기업_연구인력지원사업_공고.hwpx,
PBLN_000000000118207,0,https://www.bizinfo.go.kr/cmm/fms/getImageFile.do?atchFileId=FILE_000000000742868&fileSn=0,ok,200,application/x-download,공고문(인천광역시 공고 제2026-256호).hwpx,56619,api\PBLN_000000000118207\0_공고문(인천광역시 공고 제2026-256호).hwpx,
PBLN_000000000118204,0,https://www.bizinfo.go.kr/cmm/fms/getImageFile.do?atchFileId=FILE_000000000742862&fileSn=0,ok,200,application/x-download,★26년_여성기업육성사업_통합공고.hwpx,118058,api\PBLN_000000000118204\0_★26년_여성기업육성사업_통합공고.hwpx,
PBLN_000000000118203,0,https://www.bizinfo.go.kr/cmm/fms/getImageFile.do?atchFileId=FILE_000000000742860&fileSn=0,ok,200,application/x-download,2026년도 식품진흥기금 융자사업 공고문.hwpx,91454,api\PBLN_000000000118203\0_2026년도 식품진흥기금 융자사업 공고문.hwpx,
PBLN_000000000118191,0,https://www.bizinfo.go.kr/cmm/fms/getImageFile.do?atchFileId=FILE_000000000742824&fileSn=0,ok,200,application/x-download,공고문(2026년 식품진흥기금 융자사업).hwpx,753475,api\PBLN_000000000118191\0_공고문(2026년 식품진흥기금 융자사업).hwpx,
PBLN_000000000118182,0,https://www.bizinfo.go.kr/cmm/fms/getImageFile.do?atchFileId=FILE_000000000742804&fileSn=0,ok,200,application/x-download,2026-257_2026년_사회적경제조직_특례보증_및_이차보전_지원_사업_공고문(죄종).pdf,119498,api\PBLN_000000000118182\0_2026-257_2026년_사회적경제조직_특례보증_및_이차보전_지원_사업_공고문(죄종).pdf,
PBLN_000000000118134,0,https://www.bizinfo.go.kr/cmm/fms/getImageFile.do?atchFileId=FILE_000000000742665&fileSn=0,ok,200,application/x-download,2026년 중소유통구조개선자금 공고문(안).hwp,117761,api\PBLN_000000000118134\0_2026년 중소유통구조개선자금 공고문(안).hwp,
PBLN_000000000118133,0,https://www.bizinfo.go.kr/cmm/fms/getImageFile.do?atchFileId=FILE_000000000742674&fileSn=1,ok,200,application/x-download,[공고문] 2026년 화장품산업 경쟁력 강화사업(성분 분석 검증 시험인증) 모집공고.hwp,56832,api\PBLN_000000000118133\0_[공고문] 2026년 화장품산업 경쟁력 강화사업(성분 분석 검증 시험인증) 모집공고.hwp,
PBLN_000000000118131,0,https://www.bizinfo.go.kr/cmm/fms/getImageFile.do?atchFileId=FILE_000000000742663&fileSn=0,ok,200,application/x-download,공고문_2026년도 상반기 일반경영안정자금 지원.hwp,74753,api\PBLN_000000000118131\0_공고문_2026년도 상반기 일반경영안정자금 지원.hwp,
PBLN_000000000118122,0,https://www.bizinfo.go.kr/cmm/fms/getImageFile.do?atchFileId=FILE_000000000742637&fileSn=0,ok,200,application/x-download,공고-154.hwpx,155162,api\PBLN_000000000118122\0_공고-154.hwpx,
PBLN_000000000118108,0,https://www.bizinfo.go.kr/cmm/fms/getImageFile.do?atchFileId=FILE_000000000742602&fileSn=0,ok,200,application/x-download,공고문.hwp,111104,api\PBLN_000000000118108\0_공고문.hwp,
PBLN_000000000118099,0,https://www.bizinfo.go.kr/cmm/fms/getImageFile.do?atchFileId=FILE_000000000742559&fileSn=0,ok,200,application/x-download,2. 2026년 조직문화 더하기 컨설팅 모집 안내.png,237639,api\PBLN_000000000118099\0_2. 2026년 조직문화 더하기 컨설팅 모집 안내.png,
PBLN_000000000118098,0,https://www.bizinfo.go.kr/cmm/fms/getImageFile.do?atchFileId=FILE_000000000742547&fileSn=0,ok,200,application/x-download,2026년 서초구 중소기업육성기금 융자지원 계획 공고문.hwpx,44192,api\PBLN_000000000118098\0_2026년 서초구 중소기업육성기금 융자지원 계획 공고문.hwpx,
PBLN_000000000118094,0,https://www.bizinfo.go.kr/cmm/fms/getImageFile.do?atchFileId=FILE_000000000742543&fileSn=0,ok,200,application/x-download,2026년도 상반기 관악구 중소기업육성기금 융자지원 공고문.pdf,904606,api\PBLN_000000000118094\0_2026년도 상반기 관악구 중소기업육성기금 융자지원 공고문.pdf,
PBLN_000000000118093,0,https://www.bizinfo.go.kr/cmm/fms/getImageFile.do?atchFileId=FILE_000000000742553&fileSn=0,ok,200,application/x-download,2026년 서초구 시중은행 협력자금 대출이자 지원 계획 공고문(안).hwpx,46876,api\PBLN_000000000118093\0_2026년 서초구 시중은행 협력자금 대출이자 지원 계획 공고문(안).hwpx,
PBLN_000000000118088,0,https://www.bizinfo.go.kr/cmm/fms/getImageFile.do?atchFileId=FILE_000000000742533&fileSn=0,ok,200,application/x-download,2026년 어업활동지원 사업 신청 안내 공고문.hwp,146944,api\PBLN_000000000118088\0_2026년 어업활동지원 사업 신청 안내 공고문.hwp,
PBLN_000000000118067,0,https://www.bizinfo.go.kr/cmm/fms/getImageFile.do?atchFileId=FILE_000000000742478&fileSn=0,ok,200,application/x-download,2026년 대구광역시 동구 소상공인 경영안정자금 지원사업 공고.hwp,120320,api\PBLN_000000000118067\0_2026년 대구광역시 동구 소상공인 경영안정자금 지원사업 공고.hwp,
PBLN_000000000118064,0,https://www.bizinfo.go.kr/cmm/fms/getImageFile.do?atchFileId=FILE_000000000742463&fileSn=0,ok,200,application/x-download,2026년 소상공인 경영안정자금 지원사업 공고.hwp,133120,api\PBLN_000000000118064\0_2026년 소상공인 경영안정자금 지원사업 공고.hwp,
PBLN_000000000118037,0,https://www.bizinfo.go.kr/cmm/fms/getImageFile.do?atchFileId=FILE_000000000742307&fileSn=0,ok,200,application/x-download,2026년 기업인력애로센터 활용 취업 지원 사업 구인기업 및 구직자 모집 공고_수정.pdf,283198,api\PBLN_000000000118037\0_2026년 기업인력애로센터 활용 취업 지원 사업 구인기업 및 구직자 모집 공고_수정.pdf,
PBLN_000000000118054,0,https://www.bizinfo.go.kr/cmm/fms/getImageFile.do?atchFileId=FILE_000000000742287&fileSn=0,ok,200,application/x-download,26년도_숙련기능인력_E-7-4_전환추천_모집공고(발령번호).hwp,107008,api\PBLN_000000000118054\0_26년도_숙련기능인력_E-7-4_전환추천_모집공고(발령번호).hwp,
PBLN_000000000118049,0,https://www.bizinfo.go.kr/cmm/fms/getImageFile.do?atchFileId=FILE_000000000742284&fileSn=0,ok,200,application/x-download,26년도__외국전문인력_E-7-1_고용추천_모집공고(발령번호).hwp,116224,api\PBLN_000000000118049\0_26년도__외국전문인력_E-7-1_고용추천_모집공고(발령번호).hwp,
PBLN_000000000118047,0,https://www.bizinfo.go.kr/cmm/fms/getImageFile.do?atchFileId=FILE_000000000742297&fileSn=1,ok,200,application/x-download,2026년 충북형 도시근로자 지원사업 모집 공고문 및 신청서(참여기업ㆍ최종).hwp,102912,api\PBLN_000000000118047\0_2026년 충북형 도시근로자 지원사업 모집 공고문 및 신청서(참여기업ㆍ최종).hwp,
PBLN_000000000118033,0,https://www.bizinfo.go.kr/cmm/fms/getImageFile.do?atchFileId=FILE_000000000742294&fileSn=0,ok,200,application/x-download,(공고문)2026년 사회적기업 육성자금 이차보전금 지원계획.hwp,58369,api\PBLN_000000000118033\0_(공고문)2026년 사회적기업 육성자금 이차보전금 지원계획.hwp,
PBLN_000000000118032,0,https://www.bizinfo.go.kr/cmm/fms/getImageFile.do?atchFileId=FILE_000000000742293&fileSn=0,ok,200,application/x-download,2026년+전북특별자치도+단체+관광객+유치여행사+보상금(인센티브)+지급계획+공고.hwp,98816,api\PBLN_000000000118032\0_2026년+전북특별자치도+단체+관광객+유치여행사+보상금(인센티브)+지급계획+공고.hwp,
PBLN_000000000118028,0,https://www.bizinfo.go.kr/cmm/fms/getImageFile.do?atchFileId=FILE_000000000742281&fileSn=0,ok,200,application/x-download,개별바이어 초청 수출상담회 지원사업 신청 공고.hwp,86528,api\PBLN_000000000118028\0_개별바이어 초청 수출상담회 지원사업 신청 공고.hwp,
PBLN_000000000118027,0,https://www.bizinfo.go.kr/cmm/fms/getImageFile.do?atchFileId=FILE_000000000742273&fileSn=0,ok,200,application/x-download,2026년+KOLAS+공인+제품인증+서비스+바우처+지원사업+참가+희망기업+모집+공고문.hwp,312320,api\PBLN_000000000118027\0_2026년+KOLAS+공인+제품인증+서비스+바우처+지원사업+참가+희망기업+모집+공고문.hwp,
PBLN_000000000118025,0,https://www.bizinfo.go.kr/cmm/fms/getImageFile.do?atchFileId=FILE_000000000742270&fileSn=0,ok,200,application/x-download,2026년+이동+생체역학+성능평가+지원사업+모집+공고문.hwp,395264,api\PBLN_000000000118025\0_2026년+이동+생체역학+성능평가+지원사업+모집+공고문.hwp,
PBLN_000000000118017,0,https://www.bizinfo.go.kr/cmm/fms/getImageFile.do?atchFileId=FILE_000000000742234&fileSn=0,ok,200,application/x-download,공고문(2026년 중소기업육성자금 지원-홈페이지).pdf,1007559,api\PBLN_000000000118017\0_공고문(2026년 중소기업육성자금 지원-홈페이지).pdf,
PBLN_000000000118014,0,https://www.bizinfo.go.kr/cmm/fms/getImageFile.do?atchFileId=FILE_000000000742228&fileSn=0,ok,200,application/x-download,2026년+농산물+가격안정자금(농어촌진흥기금)+융자시행계획+공고문.hwp,185856,api\PBLN_000000000118014\0_2026년+농산물+가격안정자금(농어촌진흥기금)+융자시행계획+공고문.hwp,
PBLN_000000000117995,0,https://www.bizinfo.go.kr/cmm/fms/getImageFile.do?atchFileId=FILE_000000000742226&fileSn=0,ok,200,application/x-download,2026년 용인시 중소기업 특례보증 지원계획 공고문.hwp,60928,api\PBLN_000000000117995\0_2026년 용인시 중소기업 특례보증 지원계획 공고문.hwp,
PBLN_000000000117992,0,https://www.bizinfo.go.kr/cmm/fms/getImageFile.do?atchFileId=FILE_000000000742166&fileSn=1,ok,200,application/x-download,2026년 나눔장비 이전지원사업 공고문.hwp,251904,api\PBLN_000000000117992\0_2026년 나눔장비 이전지원사업 공고문.hwp,
PBLN_000000000118006,0,https://www.bizinfo.go.kr/cmm/fms/getImageFile.do?atchFileId=FILE_000000000742149&fileSn=0,ok,200,application/x-download,2026년도_스마트공장_수준확인_사업_공고.pdf,226561,api\PBLN_000000000118006\0_2026년도_스마트공장_수준확인_사업_공고.pdf,
PBLN_000000000118003,0,https://www.bizinfo.go.kr/cmm/fms/getImageFile.do?atchFileId=FILE_000000000742151&fileSn=0,ok,200,application/x-download,2026년 용인 다통해 서포터즈(시민 통번역) 지원사업 안내.png,245952,api\PBLN_000000000118003\0_2026년 용인 다통해 서포터즈(시민 통번역) 지원사업 안내.png,
PBLN_000000000117958,0,https://www.bizinfo.go.kr/cmm/fms/getImageFile.do?atchFileId=FILE_000000000742134&fileSn=0,ok,200,application/x-download,★260128 2026 세종시 국내외 단체관광객 유치 여행사 인센티브 지원 계획 공고.hwp,147456,api\PBLN_000000000117958\0_★260128 2026 세종시 국내외 단체관광객 유치 여행사 인센티브 지원 계획 공고.hwp,
PBLN_000000000117985,0,https://www.bizinfo.go.kr/cmm/fms/getImageFile.do?atchFileId=FILE_000000000742116&fileSn=0,ok,200,application/x-download,26년도 할인지원사업 모집공고 포스터.png,1177470,api\PBLN_000000000117985\0_26년도 할인지원사업 모집공고 포스터.png,
PBLN_000000000117984,0,https://www.bizinfo.go.kr/cmm/fms/getImageFile.do?atchFileId=FILE_000000000742110&fileSn=0,ok,200,application/x-download,2026년 제주창조경제혁신센터 공동사업「창업-BuS 프로그램」참여기업 모집 공고문(배포용).pdf,212219,api\PBLN_000000000117984\0_2026년 제주창조경제혁신센터 공동사업「창업-BuS 프로그램」참여기업 모집 공고문(배포용).pdf,
PBLN_000000000117956,0,https://www.bizinfo.go.kr/cmm/fms/getImageFile.do?atchFileId=FILE_000000000742109&fileSn=2,ok,200,application/x-download,26년 미래내일 프로젝트형_기업 모집 포스터.png,600702,api\PBLN_000000000117956\0_26년 미래내일 프로젝트형_기업 모집 포스터.png,
PBLN_000000000117953,0,https://www.bizinfo.go.kr/cmm/fms/getImageFile.do?atchFileId=FILE_000000000742106&fileSn=0,ok,200,application/x-download,무료 수출컨설팅(이동코트라) 2026.pdf,94950,api\PBLN_000000000117953\0_무료 수출컨설팅(이동코트라) 2026.pdf,
PBLN_000000000117950,0,https://www.bizinfo.go.kr/cmm/fms/getImageFile.do?atchFileId=FILE_000000000742112&fileSn=0,ok,200,application/x-download,2026년 소상공인 (특례)협약보증 지원 사업 공고.hwp,52736,api\PBLN_000000000117950\0_2026년 소상공인 (특례)협약보증 지원 사업 공고.hwp,
PBLN_000000000117979,0,https://www.bizinfo.go.kr/cmm/fms/getImageFile.do?atchFileId=FILE_000000000742093&fileSn=0,ok,200,application/x-download,2026년 소상공인 특례보증 지원 사업 공고.hwp,99840,api\PBLN_000000000117979\0_2026년 소상공인 특례보증 지원 사업 공고.hwp,
PBLN_000000000117948,0,https://www.bizinfo.go.kr/cmm/fms/getImageFile.do?atchFileId=FILE_000000000742083&fileSn=0,ok,200,application/x-download,서구 소상공인 카드 수수료 지원사업 공고문.hwp,178688,api\PBLN_000000000117948\0_서구 소상공인 카드 수수료 지원사업 공고문.hwp,
PBLN_000000000117973,0,https://www.bizinfo.go.kr/cmm/fms/getImageFile.do?atchFileId=FILE_000000000742075&fileSn=0,ok,200,application/x-download,2026년 부평구 중소기업 무료번역 지원사업 공고.hwp,111104,api\PBLN_000000000117973\0_2026년 부평구 중소기업 무료번역 지원사업 공고.hwp,
PBLN_000000000117972,0,https://www.bizinfo.go.kr/cmm/fms/getImageFile.do?atchFileId=FILE_000000000742081&fileSn=0,ok,200,application/x-download,2026년 대전광역시 중구 소상공인 특례보증 지원사업 공고.hwp,84480,api\PBLN_000000000117972\0_2026년 대전광역시 중구 소상공인 특례보증 지원사업 공고.hwp,
PBLN_000000000117971,0,https://www.bizinfo.go.kr/cmm/fms/getImageFile.do?atchFileId=FILE_000000000742058&fileSn=0,ok,200,application/x-download,2026년 단체관광객 유치 인센티브 지원 공고.hwp,155136,api\PBLN_000000000117971\0_2026년 단체관광객 유치 인센티브 지원 공고.hwp,
PBLN_000000000117967,0,https://www.bizinfo.go.kr/cmm/fms/getImageFile.do?atchFileId=FILE_000000000742050&fileSn=0,ok,200,application/x-download,2026년 수원시 중소기업육성자금 융자지원 계획 공고문.hwp,189952,api\PBLN_000000000117967\0_2026년 수원시 중소기업육성자금 융자지원 계획 공고문.hwp,
PBLN_000000000117965,0,https://www.bizinfo.go.kr/cmm/fms/getImageFile.do?atchFileId=FILE_000000000742049&fileSn=0,ok,200,application/x-download,2026년 수원시 중소기업 동행지원 사업계획 공고문.hwp,75264,api\PBLN_000000000117965\0_2026년 수원시 중소기업 동행지원 사업계획 공고문.hwp,
PBLN_000000000117945,0,https://www.bizinfo.go.kr/cmm/fms/getImageFile.do?atchFileId=FILE_000000000742048&fileSn=0,ok,200,application/x-download,2026년 수원시 중소기업 특례보증 지원계획 공고문.hwp,127488,api\PBLN_000000000117945\0_2026년 수원시 중소기업 특례보증 지원계획 공고문.hwp,
PBLN_000000000117964,0,https://www.bizinfo.go.kr/cmm/fms/getImageFile.do?atchFileId=FILE_000000000742045&fileSn=0,ok,200,application/x-download,2026년 수원시 소상공인 특례보증 및 수수료 지원 계획 공고문.pdf,208118,api\PBLN_000000000117964\0_2026년 수원시 소상공인 특례보증 및 수수료 지원 계획 공고문.pdf,
PBLN_000000000117943,0,https://www.bizinfo.go.kr/cmm/fms/getImageFile.do?atchFileId=FILE_000000000742038&fileSn=0,ok,200,application/x-download,2026년 창원기업지원단 현장애로 컨설팅 지원사업 모집 공고(단기컨설팅).pdf,247674,api\PBLN_000000000117943\0_2026년 창원기업지원단 현장애로 컨설팅 지원사업 모집 공고(단기컨설팅).pdf,
PBLN_000000000117942,0,https://www.bizinfo.go.kr/cmm/fms/getImageFile.do?atchFileId=FILE_000000000742036&fileSn=0,ok,200,application/x-download,2026년 지식재산진흥 지원사업 기업 모집 공고.pdf,219970,api\PBLN_000000000117942\0_2026년 지식재산진흥 지원사업 기업 모집 공고.pdf,
PBLN_000000000117920,0,https://www.bizinfo.go.kr/cmm/fms/getImageFile.do?atchFileId=FILE_000000000742033&fileSn=0,ok,200,application/x-download,2026년 소상공인 육성 특례보증 지원 공고문.hwp,73216,api\PBLN_000000000117920\0_2026년 소상공인 육성 특례보증 지원 공고문.hwp,
PBLN_000000000117918,0,https://www.bizinfo.go.kr/cmm/fms/getImageFile.do?atchFileId=FILE_000000000742032&fileSn=0,ok,200,application/x-download,2026년 소상공인 이자차액 보전금 지원 공고문.hwp,57856,api\PBLN_000000000117918\0_2026년 소상공인 이자차액 보전금 지원 공고문.hwp,
PBLN_000000000117939,0,https://www.bizinfo.go.kr/cmm/fms/getImageFile.do?atchFileId=FILE_000000000742018&fileSn=0,ok,200,application/x-download,2026 국내·외 관광객 유치 환영행사 지원 알림.png,638089,api\PBLN_000000000117939\0_2026 국내·외 관광객 유치 환영행사 지원 알림.png,
PBLN_000000000117908,0,https://www.bizinfo.go.kr/cmm/fms/getImageFile.do?atchFileId=FILE_000000000741999&fileSn=0,ok,200,application/x-download,(붙임)_(중소벤처기업부_공고_제2026-37호)_소상공인_경영안정_바우처_지원사업_시행_공고.pdf,920107,api\PBLN_000000000117908\0_(붙임)_(중소벤처기업부_공고_제2026-37호)_소상공인_경영안정_바우처_지원사업_시행_공고.pdf,
PBLN_000000000117935,0,https://www.bizinfo.go.kr/cmm/fms/getImageFile.do?atchFileId=FILE_000000000741997&fileSn=0,ok,200,application/x-download,2026년 식품진흥기금 융자지원 계획 공고 (1).hwp,140800,api\PBLN_000000000117935\0_2026년 식품진흥기금 융자지원 계획 공고 (1).hwp,
PBLN_000000000117928,0,https://www.bizinfo.go.kr/cmm/fms/getImageFile.do?atchFileId=FILE_000000000741945&fileSn=3,ok,200,application/x-download,2026년도_마케팅지원사업_통합_공고.hwp,115200,api\PBLN_000000000117928\0_2026년도_마케팅지원사업_통합_공고.hwp,
PBLN_000000000117902,0,https://www.bizinfo.go.kr/cmm/fms/getImageFile.do?atchFileId=FILE_000000000741939&fileSn=0,ok,200,application/x-download,2026년 현장실습 훈련(시니어인턴십) 팜플렛.png,453382,api\PBLN_000000000117902\0_2026년 현장실습 훈련(시니어인턴십) 팜플렛.png,
PBLN_000000000117879,0,https://www.bizinfo.go.kr/cmm/fms/getImageFile.do?atchFileId=FILE_000000000741934&fileSn=0,ok,200,application/x-download,2026년 일자리창출 소상공인 사회보험료 지원사업 참여기업 모집 공고.hwp,86528,api\PBLN_000000000117879\0_2026년 일자리창출 소상공인 사회보험료 지원사업 참여기업 모집 공고.hwp,
PBLN_000000000117893,0,https://www.bizinfo.go.kr/cmm/fms/getImageFile.do?atchFileId=FILE_000000000741908&fileSn=0,ok,200,application/x-download,2026년 대구광역시 내국인 관광객 유치(인센티브) 지원 공고문.hwp,71168,api\PBLN_000000000117893\0_2026년 대구광역시 내국인 관광객 유치(인센티브) 지원 공고문.hwp,
PBLN_000000000117891,0,https://www.bizinfo.go.kr/cmm/fms/getImageFile.do?atchFileId=FILE_000000000741911&fileSn=0,ok,200,application/x-download,붙임1. [청주상공회의소]`26년 청년일자리도약장려금 사업 수정 공고.pdf,151788,api\PBLN_000000000117891\0_붙임1. [청주상공회의소]`26년 청년일자리도약장려금 사업 수정 공고.pdf,
PBLN_000000000117890,0,https://www.bizinfo.go.kr/cmm/fms/getImageFile.do?atchFileId=FILE_000000000741903&fileSn=1,ok,200,application/x-download,2026년 어업활동지원 사업 신청 안내 공고문(사상구).hwp,79872,api\PBLN_000000000117890\0_2026년 어업활동지원 사업 신청 안내 공고문(사상구).hwp,
PBLN_000000000117889,0,https://www.bizinfo.go.kr/cmm/fms/getImageFile.do?atchFileId=FILE_000000000741893&fileSn=0,ok,200,application/x-download,소상공인 고용보험료 지원 사업.png,643858,api\PBLN_000000000117889\0_소상공인 고용보험료 지원 사업.png,
PBLN_000000000117839,0,https://www.bizinfo.go.kr/cmm/fms/getImageFile.do?atchFileId=FILE_000000000741818&fileSn=0,ok,200,application/x-download,(260119) 2026년 고령친화식품 사용성평가 참여기업 모집공고.hwp,178176,api\PBLN_000000000117839\0_(260119) 2026년 고령친화식품 사용성평가 참여기업 모집공고.hwp,
PBLN_000000000117800,0,https://www.bizinfo.go.kr/cmm/fms/getImageFile.do?atchFileId=FILE_000000000741728&fileSn=0,ok,200,application/x-download,2026년 전라남도 청년기업 인증계획 공고.hwp,76800,api\PBLN_000000000117800\0_2026년 전라남도 청년기업 인증계획 공고.hwp,
PBLN_000000000117794,0,https://www.bizinfo.go.kr/cmm/fms/getImageFile.do?atchFileId=FILE_000000000741691&fileSn=0,ok,200,application/x-download,[공고문] 2026년 경북 중소기업 정부기술개발 공모사업 선정 지원사업_1.hwp,143872,api\PBLN_000000000117794\0_[공고문] 2026년 경북 중소기업 정부기술개발 공모사업 선정 지원사업_1.hwp,
PBLN_000000000117791,0,https://www.bizinfo.go.kr/cmm/fms/getImageFile.do?atchFileId=FILE_000000000741664&fileSn=0,ok,200,application/x-download,희망인천 특례보증 안내.png,530946,api\PBLN_000000000117791\0_희망인천 특례보증 안내.png,
PBLN_000000000117805,0,https://www.bizinfo.go.kr/cmm/fms/getImageFile.do?atchFileId=FILE_000000000741661&fileSn=0,ok,200,application/x-download,2026년도 1인 소상공인 출산급여 지원 사업 공고(제주시).hwp,360448,api\PBLN_000000000117805\0_2026년도 1인 소상공인 출산급여 지원 사업 공고(제주시).hwp,
PBLN_000000000117782,0,https://www.bizinfo.go.kr/cmm/fms/getImageFile.do?atchFileId=FILE_000000000741625&fileSn=0,ok,200,application/x-download,2026년 경북구미방산혁신클러스터 판로개척지원사업 공고문.hwp,65536,api\PBLN_000000000117782\0_2026년 경북구미방산혁신클러스터 판로개척지원사업 공고문.hwp,
PBLN_000000000117781,0,https://www.bizinfo.go.kr/cmm/fms/getImageFile.do?atchFileId=FILE_000000000741621&fileSn=0,ok,200,application/x-download,(붙임1) 국방기술 민간이전 사업 참여기업 모집 공고.pdf,323802,api\PBLN_000000000117781\0_(붙임1) 국방기술 민간이전 사업 참여기업 모집 공고.pdf,
PBLN_000000000117774,0,https://www.bizinfo.go.kr/cmm/fms/getImageFile.do?atchFileId=FILE_000000000741607&fileSn=0,ok,200,application/x-download,[강동가죽제조지원센터] 가죽·패션산업 소공인 장비지원 사업 공고.hwp,73728,api\PBLN_000000000117774\0_[강동가죽제조지원센터] 가죽·패션산업 소공인 장비지원 사업 공고.hwp,
PBLN_000000000117770,0,https://www.bizinfo.go.kr/cmm/fms/getImageFile.do?atchFileId=FILE_000000000741566&fileSn=0,ok,200,application/x-download,전남 외래관광객 유치 여행사 대상 인센티브 지원 공고.hwp,68608,api\PBLN_000000000117770\0_전남 외래관광객 유치 여행사 대상 인센티브 지원 공고.hwp,
PBLN_000000000117768,0,https://www.bizinfo.go.kr/cmm/fms/getImageFile.do?atchFileId=FILE_000000000741563&fileSn=0,ok,200,application/x-download,공고문(안)-2026년도 식품진흥기금 시설개선자금 융자.hwp,71681,api\PBLN_000000000117768\0_공고문(안)-2026년도 식품진흥기금 시설개선자금 융자.hwp,
PBLN_000000000117751,0,https://www.bizinfo.go.kr/cmm/fms/getImageFile.do?atchFileId=FILE_000000000741553&fileSn=2,ok,200,application/x-download,2026년 충청남도 중소기업육성자금 융자 지원계획 공고.hwp,150016,api\PBLN_000000000117751\0_2026년 충청남도 중소기업육성자금 융자 지원계획 공고.hwp,
PBLN_000000000117737,0,https://www.bizinfo.go.kr/cmm/fms/getImageFile.do?atchFileId=FILE_000000000741520&fileSn=0,ok,200,application/x-download,[사업공고문]+26년+인건비지원사업.hwp,102912,api\PBLN_000000000117737\0_[사업공고문]+26년+인건비지원사업.hwp,
PBLN_000000000117736,0,https://www.bizinfo.go.kr/cmm/fms/getImageFile.do?atchFileId=FILE_000000000741519&fileSn=0,ok,200,application/x-download,취업알선형_게시자료 (정부공고문ver1)_2026.pdf,89030,api\PBLN_000000000117736\0_취업알선형_게시자료 (정부공고문ver1)_2026.pdf,
PBLN_000000000117730,0,https://www.bizinfo.go.kr/cmm/fms/getImageFile.do?atchFileId=FILE_000000000741501&fileSn=0,ok,200,application/x-download,2026년 음식점 위생등급제 지정업소 청소비지원 모집공고.hwp,75776,api\PBLN_000000000117730\0_2026년 음식점 위생등급제 지정업소 청소비지원 모집공고.hwp,
PBLN_000000000117728,0,https://www.bizinfo.go.kr/cmm/fms/getImageFile.do?atchFileId=FILE_000000000741498&fileSn=0,ok,200,application/x-download,(공고2026271호)2026년 화성시 중소기업 특례보증 지원계획 공고 및 신청서.hwp,123392,api\PBLN_000000000117728\0_(공고2026271호)2026년 화성시 중소기업 특례보증 지원계획 공고 및 신청서.hwp,
PBLN_000000000117727,0,https://www.bizinfo.go.kr/cmm/fms/getImageFile.do?atchFileId=FILE_000000000741495&fileSn=1,ok,200,application/x-download,2026년 전북 글로벌 IP스타기업 육성 해외등록비용지원사업 모집공고문.pdf,160973,api\PBLN_000000000117727\0_2026년 전북 글로벌 IP스타기업 육성 해외등록비용지원사업 모집공고문.pdf,
PBLN_000000000117711,0,https://www.bizinfo.go.kr/cmm/fms/getImageFile.do?atchFileId=FILE_000000000741457&fileSn=0,ok,200,application/x-download,2026년 포천시 중소기업 육성자금 융자지원 계획 공고.hwp,118272,api\PBLN_000000000117711\0_2026년 포천시 중소기업 육성자금 융자지원 계획 공고.hwp,
PBLN_000000000117708,0,https://www.bizinfo.go.kr/cmm/fms/getImageFile.do?atchFileId=FILE_000000000741453&fileSn=0,ok,200,application/x-download,2026 국내외 주요축제 및 전시박람회 참가(개최) 지원사업 공고.hwp,127488,api\PBLN_000000000117708\0_2026 국내외 주요축제 및 전시박람회 참가(개최) 지원사업 공고.hwp,
PBLN_000000000117722,0,https://www.bizinfo.go.kr/cmm/fms/getImageFile.do?atchFileId=FILE_000000000741438&fileSn=1,ok,200,application/x-download,2026년 글로벌 IP스타기업 육성 해외출원비용 지원사업 모집 공고.png,378403,api\PBLN_000000000117722\0_2026년 글로벌 IP스타기업 육성 해외출원비용 지원사업 모집 공고.png,
PBLN_000000000117705,0,https://www.bizinfo.go.kr/cmm/fms/getImageFile.do?atchFileId=FILE_000000000741436&fileSn=1,ok,200,application/x-download,2026년 글로벌 IP스타기업 육성 해외OA비용지원사업 모집공고.png,229349,api\PBLN_000000000117705\0_2026년 글로벌 IP스타기업 육성 해외OA비용지원사업 모집공고.png,
PBLN_000000000117702,0,https://www.bizinfo.go.kr/cmm/fms/getImageFile.do?atchFileId=FILE_000000000741434&fileSn=1,ok,200,application/x-download,2026년 글로벌 IP스타기업 육성 해외등록비용 지원사업 모집 공고.png,83314,api\PBLN_000000000117702\0_2026년 글로벌 IP스타기업 육성 해외등록비용 지원사업 모집 공고.png,
PBLN_000000000117698,0,https://www.bizinfo.go.kr/cmm/fms/getImageFile.do?atchFileId=FILE_000000000741444&fileSn=0,ok,200,application/x-download,지역상생협력관 지역 상품 발굴 코칭·상담 사업.png,525102,api\PBLN_000000000117698\0_지역상생협력관 지역 상품 발굴 코칭·상담 사업.png,
PBLN_000000000117697,0,https://www.bizinfo.go.kr/cmm/fms/getImageFile.do?atchFileId=FILE_000000000741441&fileSn=0,ok,200,application/x-download,동반성장몰(K전략품목ㆍ시범구매ㆍ상생협력 한정).png,490015,api\PBLN_000000000117697\0_동반성장몰(K전략품목ㆍ시범구매ㆍ상생협력 한정).png,
PBLN_000000000117696,0,https://www.bizinfo.go.kr/cmm/fms/getImageFile.do?atchFileId=FILE_000000000741417&fileSn=0,ok,200,application/x-download,동반성장몰.png,492476,api\PBLN_000000000117696\0_동반성장몰.png,
PBLN_000000000117679,0,https://www.bizinfo.go.kr/cmm/fms/getImageFile.do?atchFileId=FILE_000000000741399&fileSn=0,ok,200,application/x-download,2026년 전북 글로벌 IP스타기업 육성 해외OA비용지원사업 모집공고문.hwp,114176,api\PBLN_000000000117679\0_2026년 전북 글로벌 IP스타기업 육성 해외OA비용지원사업 모집공고문.hwp,
PBLN_000000000117676,0,https://www.bizinfo.go.kr/cmm/fms/getImageFile.do?atchFileId=FILE_000000000741407&fileSn=1,ok,200,application/x-download,2026년_『희망리턴패키지_원스톱폐업지원』_소상공인_모집_공고.hwp,718848,api\PBLN_000000000117676\0_2026년_『희망리턴패키지_원스톱폐업지원』_소상공인_모집_공고.hwp,
PBLN_000000000117673,0,https://www.bizinfo.go.kr/cmm/fms/getImageFile.do?atchFileId=FILE_000000000741405&fileSn=1,ok,200,application/x-download,(붙임1) 「2026년 희망리턴패키지 특화취업지원」 소상공인 모집 수정 공고.hwp,799744,api\PBLN_000000000117673\0_(붙임1) 「2026년 희망리턴패키지 특화취업지원」 소상공인 모집 수정 공고.hwp,
PBLN_000000000117671,0,https://www.bizinfo.go.kr/cmm/fms/getImageFile.do?atchFileId=FILE_000000000741387&fileSn=0,ok,200,application/x-download,2026년_제품인증획득_지원사업_신청_안내문.hwp,212992,api\PBLN_000000000117671\0_2026년_제품인증획득_지원사업_신청_안내문.hwp,
PBLN_000000000117688,0,https://www.bizinfo.go.kr/cmm/fms/getImageFile.do?atchFileId=FILE_000000000741385&fileSn=0,ok,200,application/x-download,(검단지역)_2026년_제품인증획득_지원사업_신청_안내문.hwp,104448,api\PBLN_000000000117688\0_(검단지역)_2026년_제품인증획득_지원사업_신청_안내문.hwp,
PBLN_000000000117668,0,https://www.bizinfo.go.kr/cmm/fms/getImageFile.do?atchFileId=FILE_000000000741381&fileSn=2,ok,200,application/x-download,붙임._기술이전_및_기술수요조사_신청접수_공고문.hwp,204800,api\PBLN_000000000117668\0_붙임._기술이전_및_기술수요조사_신청접수_공고문.hwp,
PBLN_000000000117666,0,https://www.bizinfo.go.kr/cmm/fms/getImageFile.do?atchFileId=FILE_000000000741373&fileSn=0,ok,200,application/x-download,새일여성인턴참여기업모집안내문.pdf,392139,api\PBLN_000000000117666\0_새일여성인턴참여기업모집안내문.pdf,
PBLN_000000000117664,0,https://www.bizinfo.go.kr/cmm/fms/getImageFile.do?atchFileId=FILE_000000000741357&fileSn=0,ok,200,application/x-download,2026년 수출보험료 지원 사업 참여기업 모집 공고(제주특별자치도 공고 제2026-115호).hwp,130560,api\PBLN_000000000117664\0_2026년 수출보험료 지원 사업 참여기업 모집 공고(제주특별자치도 공고 제2026-115호).hwp,
PBLN_000000000117656,0,https://www.bizinfo.go.kr/cmm/fms/getImageFile.do?atchFileId=FILE_000000000741304&fileSn=0,ok,200,application/x-download,2026년 양양군 중소기업육성자금 지원계획 공고.hwp,73216,api\PBLN_000000000117656\0_2026년 양양군 중소기업육성자금 지원계획 공고.hwp,
PBLN_000000000117654,0,https://www.bizinfo.go.kr/cmm/fms/getImageFile.do?atchFileId=FILE_000000000741297&fileSn=0,ok,200,application/x-download,(공고문) 강원지역 중소벤처기업 투자이음 강화 프로그램 .hwp,67072,api\PBLN_000000000117654\0_(공고문) 강원지역 중소벤처기업 투자이음 강화 프로그램 .hwp,
PBLN_000000000117650,0,https://www.bizinfo.go.kr/cmm/fms/getImageFile.do?atchFileId=FILE_000000000741284&fileSn=0,ok,200,application/x-download,2026년 양구군 단체관광객 유치 인센티브 지원 계획 공고.hwp,77312,api\PBLN_000000000117650\0_2026년 양구군 단체관광객 유치 인센티브 지원 계획 공고.hwp,
PBLN_000000000117648,0,https://www.bizinfo.go.kr/cmm/fms/getImageFile.do?atchFileId=FILE_000000000741276&fileSn=0,ok,200,application/x-download,2026년 국내외 단체 관광객 인센티브 공고문.hwp,243200,api\PBLN_000000000117648\0_2026년 국내외 단체 관광객 인센티브 공고문.hwp,
PBLN_000000000117646,0,https://www.bizinfo.go.kr/cmm/fms/getImageFile.do?atchFileId=FILE_000000000741275&fileSn=0,ok,200,application/x-download,2026년 철원군 중소기업육성융자금 이차보전금 지원계획 공고.pdf,325488,api\PBLN_000000000117646\0_2026년 철원군 중소기업육성융자금 이차보전금 지원계획 공고.pdf,
PBLN_000000000117644,0,https://www.bizinfo.go.kr/cmm/fms/getImageFile.do?atchFileId=FILE_000000000741272&fileSn=0,ok,200,application/x-download,2026년 중소기업 및 소상공인 육성자금 융자추천 및 이차보전계획 공고문.hwp,82944,api\PBLN_000000000117644\0_2026년 중소기업 및 소상공인 육성자금 융자추천 및 이차보전계획 공고문.hwp,
PBLN_000000000117634,0,https://www.bizinfo.go.kr/cmm/fms/getImageFile.do?atchFileId=FILE_000000000741257&fileSn=0,ok,200,application/x-download,2026년 횡성군 중소기업육성자금 이차보전 지원 공고.hwp,121344,api\PBLN_000000000117634\0_2026년 횡성군 중소기업육성자금 이차보전 지원 공고.hwp,
PBLN_000000000117643,0,https://www.bizinfo.go.kr/cmm/fms/getImageFile.do?atchFileId=FILE_000000000741270&fileSn=0,ok,200,application/x-download,공고문 2026 예산 로케이션 인센티브 지원사업 공고.pdf,262213,api\PBLN_000000000117643\0_공고문 2026 예산 로케이션 인센티브 지원사업 공고.pdf,
PBLN_000000000117632,0,https://www.bizinfo.go.kr/cmm/fms/getImageFile.do?atchFileId=FILE_000000000741268&fileSn=0,ok,200,application/x-download,2026년 평창군 중소기업 육성자금 이차보전사업 지원계획(공고).hwp,109056,api\PBLN_000000000117632\0_2026년 평창군 중소기업 육성자금 이차보전사업 지원계획(공고).hwp,
PBLN_000000000117631,0,https://www.bizinfo.go.kr/cmm/fms/getImageFile.do?atchFileId=FILE_000000000741267&fileSn=0,ok,200,application/x-download,2026년 정선군 단체관광객 유치 여행사 인센티브 지원 계획 공고.hwp,262144,api\PBLN_000000000117631\0_2026년 정선군 단체관광객 유치 여행사 인센티브 지원 계획 공고.hwp,
PBLN_000000000117630,0,https://www.bizinfo.go.kr/cmm/fms/getImageFile.do?atchFileId=FILE_000000000741255&fileSn=0,ok,200,application/x-download,2026년 인구감소지역 중소기업 특례보증 기업지원 공고.hwp,124928,api\PBLN_000000000117630\0_2026년 인구감소지역 중소기업 특례보증 기업지원 공고.hwp,
PBLN_000000000117620,0,https://www.bizinfo.go.kr/cmm/fms/getImageFile.do?atchFileId=FILE_000000000741248&fileSn=0,ok,200,application/x-download,2026년 삼척시 단체관광객 유치 여행사 인센티브 지원계획 공고.hwp,144384,api\PBLN_000000000117620\0_2026년 삼척시 단체관광객 유치 여행사 인센티브 지원계획 공고.hwp,
PBLN_000000000117626,0,https://www.bizinfo.go.kr/cmm/fms/getImageFile.do?atchFileId=FILE_000000000741245&fileSn=0,ok,200,application/x-download,2026년 속초시 중소기업육성자금 이차보전금 지원 계획 공고.hwp,51712,api\PBLN_000000000117626\0_2026년 속초시 중소기업육성자금 이차보전금 지원 계획 공고.hwp,
PBLN_000000000117624,0,https://www.bizinfo.go.kr/cmm/fms/getImageFile.do?atchFileId=FILE_000000000741220&fileSn=0,ok,200,application/x-download,★2026년 속초시 소상공인 특례보증 지원 계획 공고.hwp,167936,api\PBLN_000000000117624\0_★2026년 속초시 소상공인 특례보증 지원 계획 공고.hwp,
PBLN_000000000117621,0,https://www.bizinfo.go.kr/cmm/fms/getImageFile.do?atchFileId=FILE_000000000741218&fileSn=0,ok,200,application/x-download,2026년 속초시 소상공인 특례보증 수수료 지원 사업 공고 (1).hwp,64000,api\PBLN_000000000117621\0_2026년 속초시 소상공인 특례보증 수수료 지원 사업 공고 (1).hwp,
PBLN_000000000117611,0,https://www.bizinfo.go.kr/cmm/fms/getImageFile.do?atchFileId=FILE_000000000741216&fileSn=0,ok,200,application/x-download,(공고문)금융기관(NH농협은행)_협업_특별_경영안정자금_추가_지원.pdf,351757,api\PBLN_000000000117611\0_(공고문)금융기관(NH농협은행)_협업_특별_경영안정자금_추가_지원.pdf,
PBLN_000000000117600,0,https://www.bizinfo.go.kr/cmm/fms/getImageFile.do?atchFileId=FILE_000000000741214&fileSn=0,ok,200,application/x-download,2026년 태백시 중소기업육성자금 지원 사업공고.hwp,81920,api\PBLN_000000000117600\0_2026년 태백시 중소기업육성자금 지원 사업공고.hwp,
PBLN_000000000117599,0,https://www.bizinfo.go.kr/cmm/fms/getImageFile.do?atchFileId=FILE_000000000741228&fileSn=0,ok,200,application/x-download,2026 미국 현지 변호사 및 관세사와 온라인 상담.png,2500321,api\PBLN_000000000117599\0_2026 미국 현지 변호사 및 관세사와 온라인 상담.png,
PBLN_000000000117597,0,https://www.bizinfo.go.kr/cmm/fms/getImageFile.do?atchFileId=FILE_000000000741213&fileSn=0,ok,200,application/x-download,2026년 태백시 소상공인 특례보증 및 이차보전 지원 계획 공고.hwp,125952,api\PBLN_000000000117597\0_2026년 태백시 소상공인 특례보증 및 이차보전 지원 계획 공고.hwp,
PBLN_000000000117606,0,https://www.bizinfo.go.kr/cmm/fms/getImageFile.do?atchFileId=FILE_000000000741189&fileSn=0,ok,200,application/x-download,2026년 강릉시 단체관광객 유치 인센티브 지원계획 공고(안).hwp,74752,api\PBLN_000000000117606\0_2026년 강릉시 단체관광객 유치 인센티브 지원계획 공고(안).hwp,
PBLN_000000000117603,0,https://www.bizinfo.go.kr/cmm/fms/getImageFile.do?atchFileId=FILE_000000000741184&fileSn=0,ok,200,application/x-download,2026년도 원주시 창업기업자금 동행지원 계획 공고（안）.hwp,69632,api\PBLN_000000000117603\0_2026년도 원주시 창업기업자금 동행지원 계획 공고（안）.hwp,
PBLN_000000000117602,0,https://www.bizinfo.go.kr/cmm/fms/getImageFile.do?atchFileId=FILE_000000000741178&fileSn=0,ok,200,application/x-download,2026년 춘천시 중소기업 육성자금 지원계획 공고.hwp,83968,api\PBLN_000000000117602\0_2026년 춘천시 중소기업 육성자금 지원계획 공고.hwp,
PBLN_000000000117601,0,https://www.bizinfo.go.kr/cmm/fms/getImageFile.do?atchFileId=FILE_000000000741175&fileSn=0,ok,200,application/x-download,2026년 중소기업종합지원시스템 컨설팅 참여 기업 모집공고.pdf,244856,api\PBLN_000000000117601\0_2026년 중소기업종합지원시스템 컨설팅 참여 기업 모집공고.pdf,
PBLN_000000000117588,0,https://www.bizinfo.go.kr/cmm/fms/getImageFile.do?atchFileId=FILE_000000000741172&fileSn=0,ok,200,application/x-download,2026년 춘천시 중소기업 특례보증 지원계획 공고.hwp,124416,api\PBLN_000000000117588\0_2026년 춘천시 중소기업 특례보증 지원계획 공고.hwp,
PBLN_000000000117579,0,https://www.bizinfo.go.kr/cmm/fms/getImageFile.do?atchFileId=FILE_000000000741154&fileSn=0,ok,200,application/x-download,공고문(2026년 단양군 소상공인 이차보전).hwp,118272,api\PBLN_000000000117579\0_공고문(2026년 단양군 소상공인 이차보전).hwp,
PBLN_000000000117583,0,https://www.bizinfo.go.kr/cmm/fms/getImageFile.do?atchFileId=FILE_000000000741150&fileSn=0,ok,200,application/x-download,2026년도 춘천시 창업지원자금(중소기업동행지원)지원 공고.hwp,136704,api\PBLN_000000000117583\0_2026년도 춘천시 창업지원자금(중소기업동행지원)지원 공고.hwp,
PBLN_000000000117582,0,https://www.bizinfo.go.kr/cmm/fms/getImageFile.do?atchFileId=FILE_000000000741148&fileSn=0,ok,200,application/x-download,2026년 신용보증수수료 지원사업 공고.hwp,105984,api\PBLN_000000000117582\0_2026년 신용보증수수료 지원사업 공고.hwp,
PBLN_000000000117559,0,https://www.bizinfo.go.kr/cmm/fms/getImageFile.do?atchFileId=FILE_000000000741151&fileSn=0,ok,200,application/x-download,2026년 단양군 단체관광객 유치 인센티브 지원계획 공고.hwp,245760,api\PBLN_000000000117559\0_2026년 단양군 단체관광객 유치 인센티브 지원계획 공고.hwp,
PBLN_000000000117576,0,https://www.bizinfo.go.kr/cmm/fms/getImageFile.do?atchFileId=FILE_000000000741140&fileSn=0,ok,200,application/x-download,2026년 괴산군 저신용 소상공인 대출이자 지원사업 공고.hwp,61952,api\PBLN_000000000117576\0_2026년 괴산군 저신용 소상공인 대출이자 지원사업 공고.hwp,
PBLN_000000000117557,0,https://www.bizinfo.go.kr/cmm/fms/getImageFile.do?atchFileId=FILE_000000000741139&fileSn=0,ok,200,application/x-download,2026년 기술평가 인증 수수료 지원 사업 공고.hwp,150016,api\PBLN_000000000117557\0_2026년 기술평가 인증 수수료 지원 사업 공고.hwp,
PBLN_000000000117575,0,https://www.bizinfo.go.kr/cmm/fms/getImageFile.do?atchFileId=FILE_000000000741138&fileSn=0,ok,200,application/x-download,2026년 단체관광객 유치여행사 인센티브 지원계획 공고문(괴산군) .hwp,101376,api\PBLN_000000000117575\0_2026년 단체관광객 유치여행사 인센티브 지원계획 공고문(괴산군) .hwp,
PBLN_000000000117554,0,https://www.bizinfo.go.kr/cmm/fms/getImageFile.do?atchFileId=FILE_000000000741136&fileSn=0,ok,200,application/x-download,2026년 중소기업육성자금 지원계획 공고문.hwp,164352,api\PBLN_000000000117554\0_2026년 중소기업육성자금 지원계획 공고문.hwp,
PBLN_000000000117569,0,https://www.bizinfo.go.kr/cmm/fms/getImageFile.do?atchFileId=FILE_000000000741124&fileSn=0,ok,200,application/x-download,2026년도 전주시 숙박관광객 유치 인센티브 지급 계획 공고.hwp,91648,api\PBLN_000000000117569\0_2026년도 전주시 숙박관광객 유치 인센티브 지급 계획 공고.hwp,
PBLN_000000000117568,0,https://www.bizinfo.go.kr/cmm/fms/getImageFile.do?atchFileId=FILE_000000000741122&fileSn=0,ok,200,application/x-download,붙임1.(기업공고문)2026년 일하는 기쁨 청년 여성 일자리 지원사업 참여기업 모집공고.pdf,112204,api\PBLN_000000000117568\0_붙임1.(기업공고문)2026년 일하는 기쁨 청년 여성 일자리 지원사업 참여기업 모집공고.pdf,
PBLN_000000000117549,0,https://www.bizinfo.go.kr/cmm/fms/getImageFile.do?atchFileId=FILE_000000000741107&fileSn=0,ok,200,application/x-download,2026년도_중소기업_동반성장_네트워크론_지원계획_공고.pdf,324668,api\PBLN_000000000117549\0_2026년도_중소기업_동반성장_네트워크론_지원계획_공고.pdf,
PBLN_000000000117563,0,https://www.bizinfo.go.kr/cmm/fms/getImageFile.do?atchFileId=FILE_000000000741106&fileSn=0,ok,200,application/x-download,2026년도_중소기업_매출채권팩토링_지원계획_공고.pdf,299103,api\PBLN_000000000117563\0_2026년도_중소기업_매출채권팩토링_지원계획_공고.pdf,
PBLN_000000000117561,0,https://www.bizinfo.go.kr/cmm/fms/getImageFile.do?atchFileId=FILE_000000000741115&fileSn=0,ok,200,application/x-download,2026년 진주시 수출물류비 지원사업 참여업체 모집 공고.hwp,155648,api\PBLN_000000000117561\0_2026년 진주시 수출물류비 지원사업 참여업체 모집 공고.hwp,
PBLN_000000000117540,0,https://www.bizinfo.go.kr/cmm/fms/getImageFile.do?atchFileId=FILE_000000000741103&fileSn=0,ok,200,application/x-download,[안내]+2026년+전북도+통상닥터+연계+수출기반육성+및+마케팅+지원.pdf,206475,api\PBLN_000000000117540\0_[안내]+2026년+전북도+통상닥터+연계+수출기반육성+및+마케팅+지원.pdf,
PBLN_000000000117535,0,https://www.bizinfo.go.kr/cmm/fms/getImageFile.do?atchFileId=FILE_000000000741062&fileSn=0,ok,200,application/x-download,★2026 중소기업 육성기금 융자 지원계획(공고문)★.hwp,172544,api\PBLN_000000000117535\0_★2026 중소기업 육성기금 융자 지원계획(공고문)★.hwp,
PBLN_000000000117534,0,https://www.bizinfo.go.kr/cmm/fms/getImageFile.do?atchFileId=FILE_000000000741059&fileSn=0,ok,200,application/x-download,태안군 소상공인 특례보증 금융지원 신청 공고.pdf,78127,api\PBLN_000000000117534\0_태안군 소상공인 특례보증 금융지원 신청 공고.pdf,
PBLN_000000000117528,0,https://www.bizinfo.go.kr/cmm/fms/getImageFile.do?atchFileId=FILE_000000000741038&fileSn=0,ok,200,application/x-download,2026년도 서울특별시 중소기업육성기금 사회적경제계정 사회적경제기업 융자지원 계획 공고.pdf,370267,api\PBLN_000000000117528\0_2026년도 서울특별시 중소기업육성기금 사회적경제계정 사회적경제기업 융자지원 계획 공고.pdf,
PBLN_000000000117526,0,https://www.bizinfo.go.kr/cmm/fms/getImageFile.do?atchFileId=FILE_000000000741036&fileSn=0,ok,200,application/x-download,2026년+경상남도+소상공인+정책자금+운용계획+공고(최종)+v5.hwp,228352,api\PBLN_000000000117526\0_2026년+경상남도+소상공인+정책자금+운용계획+공고(최종)+v5.hwp,
PBLN_000000000117546,0,https://www.bizinfo.go.kr/cmm/fms/getImageFile.do?atchFileId=FILE_000000000741017&fileSn=1,ok,200,application/x-download,미국 관세정책 대응 컨설팅 지원 사업 포스터.png,857560,api\PBLN_000000000117546\0_미국 관세정책 대응 컨설팅 지원 사업 포스터.png,
PBLN_000000000117525,0,https://www.bizinfo.go.kr/cmm/fms/getImageFile.do?atchFileId=FILE_000000000741027&fileSn=0,ok,200,application/x-download,2026년+시군+수출유망품목+공동마케팅+지원사업+신청+공고문.hwp,773632,api\PBLN_000000000117525\0_2026년+시군+수출유망품목+공동마케팅+지원사업+신청+공고문.hwp,
PBLN_000000000117498,0,https://www.bizinfo.go.kr/cmm/fms/getImageFile.do?atchFileId=FILE_000000000741023&fileSn=0,ok,200,application/x-download,소상공인 특례보증 지원계획 공고(2026년).hwp,68096,api\PBLN_000000000117498\0_소상공인 특례보증 지원계획 공고(2026년).hwp,
PBLN_000000000117523,0,https://www.bizinfo.go.kr/cmm/fms/getImageFile.do?atchFileId=FILE_000000000741010&fileSn=0,ok,200,application/x-download,★공고문(2026년 공주시 단체관광객 유치 여행사 지원사업_최종).hwp,112640,api\PBLN_000000000117523\0_★공고문(2026년 공주시 단체관광객 유치 여행사 지원사업_최종).hwp,
PBLN_000000000117518,0,https://www.bizinfo.go.kr/cmm/fms/getImageFile.do?atchFileId=FILE_000000000741003&fileSn=0,ok,200,application/x-download,2026 국내외 박람회(전시회) 참가지원사업 공고.hwp,70656,api\PBLN_000000000117518\0_2026 국내외 박람회(전시회) 참가지원사업 공고.hwp,
PBLN_000000000117495,0,https://www.bizinfo.go.kr/cmm/fms/getImageFile.do?atchFileId=FILE_000000000740994&fileSn=0,ok,200,application/x-download,2026년 무주군 소상공인 특례보증 및 이차보전 지원 사업 공고.hwp,128512,api\PBLN_000000000117495\0_2026년 무주군 소상공인 특례보증 및 이차보전 지원 사업 공고.hwp,
PBLN_000000000117511,0,https://www.bizinfo.go.kr/cmm/fms/getImageFile.do?atchFileId=FILE_000000000740991&fileSn=0,ok,200,application/x-download,2026년 진안군 소상공인 지원사업(환경개선) 공고.hwp,81408,api\PBLN_000000000117511\0_2026년 진안군 소상공인 지원사업(환경개선) 공고.hwp,
PBLN_000000000117510,0,https://www.bizinfo.go.kr/cmm/fms/getImageFile.do?atchFileId=FILE_000000000740990&fileSn=0,ok,200,application/x-download,2026년 상공업육성자금 대출 지원 사업 공고.hwp,127488,api\PBLN_000000000117510\0_2026년 상공업육성자금 대출 지원 사업 공고.hwp,
PBLN_000000000117491,0,https://www.bizinfo.go.kr/cmm/fms/getImageFile.do?atchFileId=FILE_000000000740988&fileSn=0,ok,200,application/x-download,2026년 단체관광객 유치 인센티브 지원 공고.hwp,68608,api\PBLN_000000000117491\0_2026년 단체관광객 유치 인센티브 지원 공고.hwp,
PBLN_000000000117490,0,https://www.bizinfo.go.kr/cmm/fms/getImageFile.do?atchFileId=FILE_000000000740951&fileSn=0,ok,200,application/x-download,2026년 남원시 중소기업육성기금 지원 공고문.hwp,73728,api\PBLN_000000000117490\0_2026년 남원시 중소기업육성기금 지원 공고문.hwp,
PBLN_000000000117505,0,https://www.bizinfo.go.kr/cmm/fms/getImageFile.do?atchFileId=FILE_000000000740940&fileSn=0,ok,200,application/x-download,(공고문)2026년 국내외 관광객 유치 인센티브 지원 사업 공고.hwp,82944,api\PBLN_000000000117505\0_(공고문)2026년 국내외 관광객 유치 인센티브 지원 사업 공고.hwp,
PBLN_000000000117502,0,https://www.bizinfo.go.kr/cmm/fms/getImageFile.do?atchFileId=FILE_000000000740936&fileSn=0,ok,200,application/x-download,공고문.hwp,114688,api\PBLN_000000000117502\0_공고문.hwp,
PBLN_000000000117480,0,https://www.bizinfo.go.kr/cmm/fms/getImageFile.do?atchFileId=FILE_000000000740930&fileSn=0,ok,200,application/x-download,2026 해외규격인증 획득 지원사업 참여기업 모집 안내문.hwp,144896,api\PBLN_000000000117480\0_2026 해외규격인증 획득 지원사업 참여기업 모집 안내문.hwp,
PBLN_000000000117474,0,https://www.bizinfo.go.kr/cmm/fms/getImageFile.do?atchFileId=FILE_000000000740915&fileSn=0,ok,200,application/x-download,2026년 군산시 국내외 단체관광객 유치 여행사 인센티브 지원사업 공고.hwp,193024,api\PBLN_000000000117474\0_2026년 군산시 국내외 단체관광객 유치 여행사 인센티브 지원사업 공고.hwp,
PBLN_000000000117481,0,https://www.bizinfo.go.kr/cmm/fms/getImageFile.do?atchFileId=FILE_000000000740904&fileSn=0,ok,200,application/x-download,○+바이오융합교육센터+재직자+교육+훈련생-기업+모집공고_최종.pdf,176291,api\PBLN_000000000117481\0_○+바이오융합교육센터+재직자+교육+훈련생-기업+모집공고_최종.pdf,
PBLN_000000000117463,0,https://www.bizinfo.go.kr/cmm/fms/getImageFile.do?atchFileId=FILE_000000000740874&fileSn=0,ok,200,application/x-download,2026년 강원 글로벌 IP 스타기업 육성 해외등록비용 지원사업 공고.hwp,67584,api\PBLN_000000000117463\0_2026년 강원 글로벌 IP 스타기업 육성 해외등록비용 지원사업 공고.hwp,
PBLN_000000000117454,0,https://www.bizinfo.go.kr/cmm/fms/getImageFile.do?atchFileId=FILE_000000000740872&fileSn=0,ok,200,application/x-download,2026년 강원 글로벌 IP 스타기업 육성 해외OA비용 지원사업 공고.hwp,70656,api\PBLN_000000000117454\0_2026년 강원 글로벌 IP 스타기업 육성 해외OA비용 지원사업 공고.hwp,
PBLN_000000000117433,0,https://www.bizinfo.go.kr/cmm/fms/getImageFile.do?atchFileId=FILE_000000000740802&fileSn=1,ok,200,application/x-download,(공고문)+부산+가명정보+활용+지원센터+가명정보활용+컨설팅+지원+모집공고.hwp,941056,api\PBLN_000000000117433\0_(공고문)+부산+가명정보+활용+지원센터+가명정보활용+컨설팅+지원+모집공고.hwp,
PBLN_000000000117428,0,https://www.bizinfo.go.kr/cmm/fms/getImageFile.do?atchFileId=FILE_000000000740766&fileSn=1,ok,200,application/x-download,2026 미래내일일경험 전단지 (참여기업).png,603097,api\PBLN_000000000117428\0_2026 미래내일일경험 전단지 (참여기업).png,
PBLN_000000000117371,0,https://www.bizinfo.go.kr/cmm/fms/getImageFile.do?atchFileId=FILE_000000000740619&fileSn=0,ok,200,application/x-download,인공지능유치기업보조금지원사업공고문.hwp,81920,api\PBLN_000000000117371\0_인공지능유치기업보조금지원사업공고문.hwp,
PBLN_000000000117358,0,https://www.bizinfo.go.kr/cmm/fms/getImageFile.do?atchFileId=FILE_000000000740615&fileSn=0,ok,200,application/x-download,붙임. 2026년 우수제품 E-커머스 입점기업 모집 공고문.hwp,62464,api\PBLN_000000000117358\0_붙임. 2026년 우수제품 E-커머스 입점기업 모집 공고문.hwp,
PBLN_000000000117357,0,https://www.bizinfo.go.kr/cmm/fms/getImageFile.do?atchFileId=FILE_000000000740614&fileSn=0,ok,200,application/x-download,(공고문)2026년 중소기업 온라인 플랫폼 판매지원 참여기업 상시 모집.hwp,59392,api\PBLN_000000000117357\0_(공고문)2026년 중소기업 온라인 플랫폼 판매지원 참여기업 상시 모집.hwp,
PBLN_000000000117356,0,https://www.bizinfo.go.kr/cmm/fms/getImageFile.do?atchFileId=FILE_000000000740611&fileSn=0,ok,200,application/x-download,★2026년+전북특별자치도+중소기업육성자금+융자지원+계획+공고.hwp,249856,api\PBLN_000000000117356\0_★2026년+전북특별자치도+중소기업육성자금+융자지원+계획+공고.hwp,
PBLN_000000000117368,0,https://www.bizinfo.go.kr/cmm/fms/getImageFile.do?atchFileId=FILE_000000000740601&fileSn=0,ok,200,application/x-download,(공고문) 2026년 밀키트 판매업소 포장재 지원사업장 모집(기존업소).hwp,163840,api\PBLN_000000000117368\0_(공고문) 2026년 밀키트 판매업소 포장재 지원사업장 모집(기존업소).hwp,
PBLN_000000000117367,0,https://www.bizinfo.go.kr/cmm/fms/getImageFile.do?atchFileId=FILE_000000000740590&fileSn=0,ok,200,application/x-download,(공고문) 2026년 밀키트 판매업소 장비 지원사업장 모집(기존업소).hwp,163840,api\PBLN_000000000117367\0_(공고문) 2026년 밀키트 판매업소 장비 지원사업장 모집(기존업소).hwp,
PBLN_000000000117365,0,https://www.bizinfo.go.kr/cmm/fms/getImageFile.do?atchFileId=FILE_000000000740588&fileSn=0,ok,200,application/x-download,(공고) 2026년 소상공인 창업 임대료 지원사업.hwp,113664,api\PBLN_000000000117365\0_(공고) 2026년 소상공인 창업 임대료 지원사업.hwp,
PBLN_000000000117363,0,https://www.bizinfo.go.kr/cmm/fms/getImageFile.do?atchFileId=FILE_000000000740570&fileSn=1,ok,200,application/x-download,2026년 직무발명보상 우수기업 인증제 신청 안내 포스터.png,511453,api\PBLN_000000000117363\0_2026년 직무발명보상 우수기업 인증제 신청 안내 포스터.png,
PBLN_000000000117350,0,https://www.bizinfo.go.kr/cmm/fms/getImageFile.do?atchFileId=FILE_000000000740568&fileSn=0,ok,200,application/x-download,2026년 장성군 단체관광객 유치 인센티브 운영계획 공고.hwp,135680,api\PBLN_000000000117350\0_2026년 장성군 단체관광객 유치 인센티브 운영계획 공고.hwp,
PBLN_000000000117340,0,https://www.bizinfo.go.kr/cmm/fms/getImageFile.do?atchFileId=FILE_000000000740234&fileSn=0,ok,200,application/x-download,2026년도 설대비 중소기업 운전자금 지원 계획.hwp,129536,api\PBLN_000000000117340\0_2026년도 설대비 중소기업 운전자금 지원 계획.hwp,
PBLN_000000000117337,0,https://www.bizinfo.go.kr/cmm/fms/getImageFile.do?atchFileId=FILE_000000000740505&fileSn=0,ok,200,application/x-download,2026년 여수시 중소기업발전자금 공고.hwp,95744,api\PBLN_000000000117337\0_2026년 여수시 중소기업발전자금 공고.hwp,
PBLN_000000000117343,0,https://www.bizinfo.go.kr/cmm/fms/getImageFile.do?atchFileId=FILE_000000000740504&fileSn=0,ok,200,application/x-download,2026년 단체관광객 유치여행사 인센티브 지원계획 공고 1부.hwp,65536,api\PBLN_000000000117343\0_2026년 단체관광객 유치여행사 인센티브 지원계획 공고 1부.hwp,
PBLN_000000000117336,0,https://www.bizinfo.go.kr/cmm/fms/getImageFile.do?atchFileId=FILE_000000000740501&fileSn=0,ok,200,application/x-download,2026년+고령군+국내외+단체관광객+유치+여행사(기관)+인센티브+지원+공고문.hwp,175616,api\PBLN_000000000117336\0_2026년+고령군+국내외+단체관광객+유치+여행사(기관)+인센티브+지원+공고문.hwp,
PBLN_000000000117334,0,https://www.bizinfo.go.kr/cmm/fms/getImageFile.do?atchFileId=FILE_000000000740497&fileSn=0,ok,200,application/x-download,★2026 청도군 단체관광객 유치 인센티브 지원 공고문.pdf,193429,api\PBLN_000000000117334\0_★2026 청도군 단체관광객 유치 인센티브 지원 공고문.pdf,
PBLN_000000000117332,0,https://www.bizinfo.go.kr/cmm/fms/getImageFile.do?atchFileId=FILE_000000000740492&fileSn=0,ok,200,application/x-download,2026년 청송군 단체관광객 유치 인센티브 지원계획(공고문).hwp,93696,api\PBLN_000000000117332\0_2026년 청송군 단체관광객 유치 인센티브 지원계획(공고문).hwp,
PBLN_000000000117331,0,https://www.bizinfo.go.kr/cmm/fms/getImageFile.do?atchFileId=FILE_000000000740490&fileSn=0,ok,200,application/x-download,2026년 지역인재채용 인센티브 지원사업 참여기업 모집 공고문.hwp,98816,api\PBLN_000000000117331\0_2026년 지역인재채용 인센티브 지원사업 참여기업 모집 공고문.hwp,
PBLN_000000000117330,0,https://www.bizinfo.go.kr/cmm/fms/getImageFile.do?atchFileId=FILE_000000000740488&fileSn=0,ok,200,application/x-download,2026년 직무발명제도 규정 도입 여부 확인 신청 안내.png,484013,api\PBLN_000000000117330\0_2026년 직무발명제도 규정 도입 여부 확인 신청 안내.png,
PBLN_000000000117319,0,https://www.bizinfo.go.kr/cmm/fms/getImageFile.do?atchFileId=FILE_000000000740487&fileSn=0,ok,200,application/x-download,2026년 중소기업 고용보조금 지원사업 공고.hwp,177664,api\PBLN_000000000117319\0_2026년 중소기업 고용보조금 지원사업 공고.hwp,
PBLN_000000000117316,0,https://www.bizinfo.go.kr/cmm/fms/getImageFile.do?atchFileId=FILE_000000000740482&fileSn=0,ok,200,application/x-download,2026년 의성군 중소기업 운전자금 공고문.hwp,186880,api\PBLN_000000000117316\0_2026년 의성군 중소기업 운전자금 공고문.hwp,
PBLN_000000000117324,0,https://www.bizinfo.go.kr/cmm/fms/getImageFile.do?atchFileId=FILE_000000000740469&fileSn=0,ok,200,application/x-download,2026년도 문경시 중소기업 운전자금 지원 계획.hwp,111616,api\PBLN_000000000117324\0_2026년도 문경시 중소기업 운전자금 지원 계획.hwp,
PBLN_000000000117298,0,https://www.bizinfo.go.kr/cmm/fms/getImageFile.do?atchFileId=FILE_000000000740434&fileSn=0,ok,200,application/x-download,2026년 창녕군 중소기업육성자금 지원계획 공고문.hwp,1362944,api\PBLN_000000000117298\0_2026년 창녕군 중소기업육성자금 지원계획 공고문.hwp,
PBLN_000000000117309,0,https://www.bizinfo.go.kr/cmm/fms/getImageFile.do?atchFileId=FILE_000000000740433&fileSn=0,ok,200,application/x-download,2026년도 함안군 소상공인 육성자금(이자) 공고문.hwp,101888,api\PBLN_000000000117309\0_2026년도 함안군 소상공인 육성자금(이자) 공고문.hwp,
PBLN_000000000117297,0,https://www.bizinfo.go.kr/cmm/fms/getImageFile.do?atchFileId=FILE_000000000740331&fileSn=0,ok,200,application/x-download,2026년 상반기 무료 직무발명제도 컨설팅 신청 안내.jpg,590056,api\PBLN_000000000117297\0_2026년 상반기 무료 직무발명제도 컨설팅 신청 안내.jpg,
PBLN_000000000117307,0,https://www.bizinfo.go.kr/cmm/fms/getImageFile.do?atchFileId=FILE_000000000740330&fileSn=0,ok,200,application/x-download,붙임. 가상융합산업 콘텐츠 제작 장비 임차지원 안내.hwp,141824,api\PBLN_000000000117307\0_붙임. 가상융합산업 콘텐츠 제작 장비 임차지원 안내.hwp,
PBLN_000000000117306,0,https://www.bizinfo.go.kr/cmm/fms/getImageFile.do?atchFileId=FILE_000000000740329&fileSn=0,ok,200,application/x-download,★공고문_2026년 양산형 신중년고용지원금 사업.hwp,82432,api\PBLN_000000000117306\0_★공고문_2026년 양산형 신중년고용지원금 사업.hwp,
PBLN_000000000117303,0,https://www.bizinfo.go.kr/cmm/fms/getImageFile.do?atchFileId=FILE_000000000740323&fileSn=0,ok,200,application/x-download,2026년 조선협력사 중소기업 육성자금 연장 지원 공고문.hwp,69632,api\PBLN_000000000117303\0_2026년 조선협력사 중소기업 육성자금 연장 지원 공고문.hwp,
PBLN_000000000117294,0,https://www.bizinfo.go.kr/cmm/fms/getImageFile.do?atchFileId=FILE_000000000740322&fileSn=0,ok,200,application/x-download,2026년 중소기업 전시(박람)회 참가 지원 계획 공고문.hwp,138752,api\PBLN_000000000117294\0_2026년 중소기업 전시(박람)회 참가 지원 계획 공고문.hwp,
PBLN_000000000117291,0,https://www.bizinfo.go.kr/cmm/fms/getImageFile.do?atchFileId=FILE_000000000740313&fileSn=0,ok,200,application/x-download,[한국식품산업클러스터진흥원] 2026년 기업지원시설·장비 활용 지원사업 공고.hwp,332288,api\PBLN_000000000117291\0_[한국식품산업클러스터진흥원] 2026년 기업지원시설·장비 활용 지원사업 공고.hwp,
PBLN_000000000117278,0,https://www.bizinfo.go.kr/cmm/fms/getImageFile.do?atchFileId=FILE_000000000740302&fileSn=0,ok,200,application/x-download,공고문(인구감소지역 소재 중소기업 특례보증 금융지원 신청공고).hwp,70656,api\PBLN_000000000117278\0_공고문(인구감소지역 소재 중소기업 특례보증 금융지원 신청공고).hwp,
PBLN_000000000117277,0,https://www.bizinfo.go.kr/cmm/fms/getImageFile.do?atchFileId=FILE_000000000740301&fileSn=0,ok,200,application/x-download,★2026년 하동군 생애 ù 창업 지원사업 공고문.hwp,97280,api\PBLN_000000000117277\0_★2026년 하동군 생애 ù 창업 지원사업 공고문.hwp,
PBLN_000000000117276,0,https://www.bizinfo.go.kr/cmm/fms/getImageFile.do?atchFileId=FILE_000000000740300&fileSn=0,ok,200,application/x-download,2026년 김해시 사회적경제기업 금융지원 사업계획 공고.hwp,135680,api\PBLN_000000000117276\0_2026년 김해시 사회적경제기업 금융지원 사업계획 공고.hwp,
PBLN_000000000117287,0,https://www.bizinfo.go.kr/cmm/fms/getImageFile.do?atchFileId=FILE_000000000740299&fileSn=0,ok,200,application/x-download,★2026년 소상공인 건강검진 지원사업 공고문.hwp,153088,api\PBLN_000000000117287\0_★2026년 소상공인 건강검진 지원사업 공고문.hwp,
PBLN_000000000117283,0,https://www.bizinfo.go.kr/cmm/fms/getImageFile.do?atchFileId=FILE_000000000740291&fileSn=0,ok,200,application/x-download,공고문(2026년 거제시 저신용 소상공인 이차보전 지원사업).hwp,65024,api\PBLN_000000000117283\0_공고문(2026년 거제시 저신용 소상공인 이차보전 지원사업).hwp,
PBLN_000000000117260,0,https://www.bizinfo.go.kr/cmm/fms/getImageFile.do?atchFileId=FILE_000000000740292&fileSn=0,ok,200,application/x-download,2026년 밀양시 단체 관광객 유치 인센티브 지원 공고.hwp,78848,api\PBLN_000000000117260\0_2026년 밀양시 단체 관광객 유치 인센티브 지원 공고.hwp,
PBLN_000000000117258,0,https://www.bizinfo.go.kr/cmm/fms/getImageFile.do?atchFileId=FILE_000000000740280&fileSn=0,ok,200,application/x-download,2026년 상반기 김해시 중소기업육성자금 공고.hwp,201728,api\PBLN_000000000117258\0_2026년 상반기 김해시 중소기업육성자금 공고.hwp,
PBLN_000000000117269,0,https://www.bizinfo.go.kr/cmm/fms/getImageFile.do?atchFileId=FILE_000000000740270&fileSn=0,ok,200,application/x-download,붙임1 공고문(2026년 GAP 안전성 검사비 지원 신청 공고).hwp,75264,api\PBLN_000000000117269\0_붙임1 공고문(2026년 GAP 안전성 검사비 지원 신청 공고).hwp,
PBLN_000000000117268,0,https://www.bizinfo.go.kr/cmm/fms/getImageFile.do?atchFileId=FILE_000000000740268&fileSn=0,ok,200,application/x-download,붙임1 공고문(2026년 농산물우수관리(GAP) 인증수수료 지원 신청 공고).hwp,73728,api\PBLN_000000000117268\0_붙임1 공고문(2026년 농산물우수관리(GAP) 인증수수료 지원 신청 공고).hwp,
PBLN_000000000117254,0,https://www.bizinfo.go.kr/cmm/fms/getImageFile.do?atchFileId=FILE_000000000740265&fileSn=0,ok,200,application/x-download,2026년 중소기업 육성자금 융자지원 계획 공고문.hwp,106496,api\PBLN_000000000117254\0_2026년 중소기업 육성자금 융자지원 계획 공고문.hwp,
PBLN_000000000117214,0,https://www.bizinfo.go.kr/cmm/fms/getImageFile.do?atchFileId=FILE_000000000739942&fileSn=0,ok,200,application/x-download,2026년도 중소기업 운전자금 지원 계획.hwp,131584,api\PBLN_000000000117214\0_2026년도 중소기업 운전자금 지원 계획.hwp,
PBLN_000000000117240,0,https://www.bizinfo.go.kr/cmm/fms/getImageFile.do?atchFileId=FILE_000000000740174&fileSn=0,ok,200,application/x-download,소량수출 국제특송비 지원계획 공고.hwp,51712,api\PBLN_000000000117240\0_소량수출 국제특송비 지원계획 공고.hwp,
PBLN_000000000117232,0,https://www.bizinfo.go.kr/cmm/fms/getImageFile.do?atchFileId=FILE_000000000740143&fileSn=0,ok,200,application/x-download,2026년 식품진흥기금 시설개선자금 융자계획 공고문.hwp,147969,api\PBLN_000000000117232\0_2026년 식품진흥기금 시설개선자금 융자계획 공고문.hwp,
PBLN_000000000117223,0,https://www.bizinfo.go.kr/cmm/fms/getImageFile.do?atchFileId=FILE_000000000740037&fileSn=0,ok,200,application/x-download,(26년1차)대전형_초저금리_특별자금_공고문.pdf,648268,api\PBLN_000000000117223\0_(26년1차)대전형_초저금리_특별자금_공고문.pdf,
PBLN_000000000117221,0,https://www.bizinfo.go.kr/cmm/fms/getImageFile.do?atchFileId=FILE_000000000740031&fileSn=0,ok,200,application/x-download,대전시_경영위기극복_특례보증_공고문.pdf,421664,api\PBLN_000000000117221\0_대전시_경영위기극복_특례보증_공고문.pdf,
PBLN_000000000117191,0,https://www.bizinfo.go.kr/cmm/fms/getImageFile.do?atchFileId=FILE_000000000740003&fileSn=0,ok,200,application/x-download,2026년 부산광역시 식품진흥기금 융자사업 계획 공고.hwp,70144,api\PBLN_000000000117191\0_2026년 부산광역시 식품진흥기금 융자사업 계획 공고.hwp,
PBLN_000000000117177,0,https://www.bizinfo.go.kr/cmm/fms/getImageFile.do?atchFileId=FILE_000000000739998&fileSn=0,ok,200,application/x-download,2026년 성남시 중소기업 특례보증 지원계획 공고.hwp,88576,api\PBLN_000000000117177\0_2026년 성남시 중소기업 특례보증 지원계획 공고.hwp,
PBLN_000000000117188,0,https://www.bizinfo.go.kr/cmm/fms/getImageFile.do?atchFileId=FILE_000000000739997&fileSn=0,ok,200,application/x-download,2026년 중소기업육성자금 이차보전금 지원계획 공고.hwp,138752,api\PBLN_000000000117188\0_2026년 중소기업육성자금 이차보전금 지원계획 공고.hwp,
PBLN_000000000117168,0,https://www.bizinfo.go.kr/cmm/fms/getImageFile.do?atchFileId=FILE_000000000739911&fileSn=0,ok,200,application/x-download,대구 소상공인 맞춤형 출산·양육지원 사업 모집 공고(25년_사업 4차)_(최종).pdf,454764,api\PBLN_000000000117168\0_대구 소상공인 맞춤형 출산·양육지원 사업 모집 공고(25년_사업 4차)_(최종).pdf,
PBLN_000000000117167,0,https://www.bizinfo.go.kr/cmm/fms/getImageFile.do?atchFileId=FILE_000000000739913&fileSn=0,ok,200,application/x-download,2026년_포천시소공인가구지원센터_운영지원사업_공고.pdf,6811283,api\PBLN_000000000117167\0_2026년_포천시소공인가구지원센터_운영지원사업_공고.pdf,
PBLN_000000000117158,0,https://www.bizinfo.go.kr/cmm/fms/getImageFile.do?atchFileId=FILE_000000000739905&fileSn=0,ok,200,application/x-download,2026년도 벤처기업육성자금 지원 계획(공고).pdf,620987,api\PBLN_000000000117158\0_2026년도 벤처기업육성자금 지원 계획(공고).pdf,
PBLN_000000000117162,0,https://www.bizinfo.go.kr/cmm/fms/getImageFile.do?atchFileId=FILE_000000000739891&fileSn=0,ok,200,application/x-download,2026년 창업 및 경쟁력강화 사업자금 지원 계획(공고).hwp,90112,api\PBLN_000000000117162\0_2026년 창업 및 경쟁력강화 사업자금 지원 계획(공고).hwp,
PBLN_000000000117153,0,https://www.bizinfo.go.kr/cmm/fms/getImageFile.do?atchFileId=FILE_000000000739887&fileSn=0,ok,200,application/x-download,공고문(2026 용인특례시 중소기업 수출멘토링 지원사업 참가기업 모집).hwp,108032,api\PBLN_000000000117153\0_공고문(2026 용인특례시 중소기업 수출멘토링 지원사업 참가기업 모집).hwp,
PBLN_000000000117150,0,https://www.bizinfo.go.kr/cmm/fms/getImageFile.do?atchFileId=FILE_000000000739880&fileSn=0,ok,200,application/x-download,2026년_인천광역시_서구_청년기업_인증_신청_안내문.hwp,89088,api\PBLN_000000000117150\0_2026년_인천광역시_서구_청년기업_인증_신청_안내문.hwp,
PBLN_000000000117149,0,https://www.bizinfo.go.kr/cmm/fms/getImageFile.do?atchFileId=FILE_000000000739867&fileSn=0,ok,200,application/x-download,★2026년도_전라남도_중소기업_육성자금(사회적경제(특별)경영안정자금)_지원계획_공고.hwp,31744,api\PBLN_000000000117149\0_★2026년도_전라남도_중소기업_육성자금(사회적경제(특별)경영안정자금)_지원계획_공고.hwp,
PBLN_000000000117139,0,https://www.bizinfo.go.kr/cmm/fms/getImageFile.do?atchFileId=FILE_000000000739879&fileSn=1,ok,200,application/x-download,수출 중소기업 통·번역비 지원신청 안내.hwp,65536,api\PBLN_000000000117139\0_수출 중소기업 통·번역비 지원신청 안내.hwp,
PBLN_000000000117147,0,https://www.bizinfo.go.kr/cmm/fms/getImageFile.do?atchFileId=FILE_000000000739866&fileSn=0,ok,200,application/x-download,★2026년도_전라남도_중소기업_육성자금(건설업특별경영안정자금)_지원계획_공고.hwp,32768,api\PBLN_000000000117147\0_★2026년도_전라남도_중소기업_육성자금(건설업특별경영안정자금)_지원계획_공고.hwp,
PBLN_000000000117146,0,https://www.bizinfo.go.kr/cmm/fms/getImageFile.do?atchFileId=FILE_000000000739863&fileSn=0,ok,200,application/x-download,제2026-9호_전라남도_중소기업_육성자금(경영안정자금)_지원계획_공고_(1).hwp,44032,api\PBLN_000000000117146\0_제2026-9호_전라남도_중소기업_육성자금(경영안정자금)_지원계획_공고_(1).hwp,
PBLN_000000000117145,0,https://www.bizinfo.go.kr/cmm/fms/getImageFile.do?atchFileId=FILE_000000000739862&fileSn=0,ok,200,application/x-download,★2026년도_전라남도_중소기업_육성자금(중소유통업구조개선자금)_지원계획_공고.hwp,36864,api\PBLN_000000000117145\0_★2026년도_전라남도_중소기업_육성자금(중소유통업구조개선자금)_지원계획_공고.hwp,
PBLN_000000000117131,0,https://www.bizinfo.go.kr/cmm/fms/getImageFile.do?atchFileId=FILE_000000000739846&fileSn=0,ok,200,application/x-download,2026년도 구조혁신지원사업 참여기업 모집공고.pdf,308291,api\PBLN_000000000117131\0_2026년도 구조혁신지원사업 참여기업 모집공고.pdf,
PBLN_000000000117130,0,https://www.bizinfo.go.kr/cmm/fms/getImageFile.do?atchFileId=FILE_000000000739844&fileSn=0,ok,200,application/x-download,26년 상반기 관광기금 이차보전 지원 지침.hwp,247808,api\PBLN_000000000117130\0_26년 상반기 관광기금 이차보전 지원 지침.hwp,
PBLN_000000000117127,0,https://www.bizinfo.go.kr/cmm/fms/getImageFile.do?atchFileId=FILE_000000000739830&fileSn=0,ok,200,application/x-download,26년 관광기금 신용보증부 운영자금 특별융자 지원 지침.hwp,111616,api\PBLN_000000000117127\0_26년 관광기금 신용보증부 운영자금 특별융자 지원 지침.hwp,
PBLN_000000000117096,0,https://www.bizinfo.go.kr/cmm/fms/getImageFile.do?atchFileId=FILE_000000000739769&fileSn=1,ok,200,application/x-download,2026년 대전 서구 소상공인 경영안정자금 지원사업 공고(정정).hwp,83968,api\PBLN_000000000117096\0_2026년 대전 서구 소상공인 경영안정자금 지원사업 공고(정정).hwp,
PBLN_000000000117118,0,https://www.bizinfo.go.kr/cmm/fms/getImageFile.do?atchFileId=FILE_000000000739767&fileSn=2,ok,200,application/x-download,1.2026광주TPIR모집공고(안).pdf,222935,api\PBLN_000000000117118\0_1.2026광주TPIR모집공고(안).pdf,
PBLN_000000000117095,0,https://www.bizinfo.go.kr/cmm/fms/getImageFile.do?atchFileId=FILE_000000000739766&fileSn=0,ok,200,application/x-download,2026년 충남 사회적경제기금 융자지원 계획 공고(안).hwp,75265,api\PBLN_000000000117095\0_2026년 충남 사회적경제기금 융자지원 계획 공고(안).hwp,
PBLN_000000000117094,0,https://www.bizinfo.go.kr/cmm/fms/getImageFile.do?atchFileId=FILE_000000000739764&fileSn=1,ok,200,application/x-download,2026년 충청남도 소상공인자금 융자 지원계획 공고.hwp,85504,api\PBLN_000000000117094\0_2026년 충청남도 소상공인자금 융자 지원계획 공고.hwp,
PBLN_000000000117111,0,https://www.bizinfo.go.kr/cmm/fms/getImageFile.do?atchFileId=FILE_000000000739747&fileSn=1,ok,200,application/x-download,2026년 중소기업육성자금 융자지원 계획 공고문(260102).pdf,578056,api\PBLN_000000000117111\0_2026년 중소기업육성자금 융자지원 계획 공고문(260102).pdf,
PBLN_000000000117109,0,https://www.bizinfo.go.kr/cmm/fms/getImageFile.do?atchFileId=FILE_000000000739745&fileSn=0,ok,200,application/x-download,2025-2540_2026년 경기도 사회적경제조직 특별융자 사업 공고(최종).hwp,102400,api\PBLN_000000000117109\0_2025-2540_2026년 경기도 사회적경제조직 특별융자 사업 공고(최종).hwp,
PBLN_000000000117085,0,https://www.bizinfo.go.kr/cmm/fms/getImageFile.do?atchFileId=FILE_000000000739706&fileSn=0,ok,200,application/x-download,[배포용]2026시니어인턴십.jpg,734111,api\PBLN_000000000117085\0_[배포용]2026시니어인턴십.jpg,
PBLN_000000000117103,0,https://www.bizinfo.go.kr/cmm/fms/getImageFile.do?atchFileId=FILE_000000000739704&fileSn=0,ok,200,application/x-download,2026년 유성구 소상공인 특례보증 지원사업 공고.hwp,262144,api\PBLN_000000000117103\0_2026년 유성구 소상공인 특례보증 지원사업 공고.hwp,
PBLN_000000000117081,0,https://www.bizinfo.go.kr/cmm/fms/getImageFile.do?atchFileId=FILE_000000000739677&fileSn=0,ok,200,application/x-download,2026년 남동구 해외수출 물류비 지원사업 참가 업체 모집 공고.hwp,94720,api\PBLN_000000000117081\0_2026년 남동구 해외수출 물류비 지원사업 참가 업체 모집 공고.hwp,
PBLN_000000000117059,0,https://www.bizinfo.go.kr/cmm/fms/getImageFile.do?atchFileId=FILE_000000000739671&fileSn=1,ok,200,application/x-download,2026년 고용창출장려금 및 고용안정장려금 사업 공고문.pdf,487524,api\PBLN_000000000117059\0_2026년 고용창출장려금 및 고용안정장려금 사업 공고문.pdf,
PBLN_000000000117056,0,https://www.bizinfo.go.kr/cmm/fms/getImageFile.do?atchFileId=FILE_000000000739666&fileSn=0,ok,200,application/x-download,2026년 부천시 「내일채움공제」 지원계획 공고.hwp,87552,api\PBLN_000000000117056\0_2026년 부천시 「내일채움공제」 지원계획 공고.hwp,
PBLN_000000000117075,0,https://www.bizinfo.go.kr/cmm/fms/getImageFile.do?atchFileId=FILE_000000000739665&fileSn=0,ok,200,application/x-download,2026년 부천형 특례보증 지원 계획 공고.hwp,84992,api\PBLN_000000000117075\0_2026년 부천형 특례보증 지원 계획 공고.hwp,
PBLN_000000000117074,0,https://www.bizinfo.go.kr/cmm/fms/getImageFile.do?atchFileId=FILE_000000000739664&fileSn=0,ok,200,application/x-download,2026년 부천시 중소기업특례보증 지원 계획 공고.hwp,71680,api\PBLN_000000000117074\0_2026년 부천시 중소기업특례보증 지원 계획 공고.hwp,
PBLN_000000000117072,0,https://www.bizinfo.go.kr/cmm/fms/getImageFile.do?atchFileId=FILE_000000000739661&fileSn=0,ok,200,application/x-download,공고문(2026년 부천시 골목형상점가 모집).hwp,451072,api\PBLN_000000000117072\0_공고문(2026년 부천시 골목형상점가 모집).hwp,
PBLN_000000000117071,0,https://www.bizinfo.go.kr/cmm/fms/getImageFile.do?atchFileId=FILE_000000000739660&fileSn=0,ok,200,application/x-download,공고문(2026년 소상공인 보증료 지원사업).hwp,76800,api\PBLN_000000000117071\0_공고문(2026년 소상공인 보증료 지원사업).hwp,
PBLN_000000000117068,0,https://www.bizinfo.go.kr/cmm/fms/getImageFile.do?atchFileId=FILE_000000000739550&fileSn=0,ok,200,application/x-download,붙임 1. [공고] 「금호 이웃사촌마을 조성사업」 청년하우스 주거 지원사업 참여자 모집 공고문(25.12.).pdf,245982,api\PBLN_000000000117068\0_붙임 1. [공고] 「금호 이웃사촌마을 조성사업」 청년하우스 주거 지원사업 참여자 모집 공고문(25.12.).pdf,
PBLN_000000000117067,0,https://www.bizinfo.go.kr/cmm/fms/getImageFile.do?atchFileId=FILE_000000000739561&fileSn=0,ok,200,application/x-download,2026년  세종특별자치시 사회적경제 조직 금융(이차보전) 지원계획 공고문.hwp,107008,api\PBLN_000000000117067\0_2026년  세종특별자치시 사회적경제 조직 금융(이차보전) 지원계획 공고문.hwp,
PBLN_000000000117066,0,https://www.bizinfo.go.kr/cmm/fms/getImageFile.do?atchFileId=FILE_000000000739560&fileSn=0,ok,200,application/x-download,2026년 장애인고용개선장려금 공고문(최종).hwp,116224,api\PBLN_000000000117066\0_2026년 장애인고용개선장려금 공고문(최종).hwp,
PBLN_000000000117038,0,https://www.bizinfo.go.kr/cmm/fms/getImageFile.do?atchFileId=FILE_000000000739536&fileSn=0,ok,200,application/x-download,2026년 충청북도 소상공인 육성자금 지원계획 공고문-1.hwp,179201,api\PBLN_000000000117038\0_2026년 충청북도 소상공인 육성자금 지원계획 공고문-1.hwp,
PBLN_000000000117028,0,https://www.bizinfo.go.kr/cmm/fms/getImageFile.do?atchFileId=FILE_000000000739476&fileSn=0,ok,200,application/x-download,2026 완도군 단체관광객 유치 여행사 인센티브 지원계획 공고.hwp,108544,api\PBLN_000000000117028\0_2026 완도군 단체관광객 유치 여행사 인센티브 지원계획 공고.hwp,
PBLN_000000000117019,0,https://www.bizinfo.go.kr/cmm/fms/getImageFile.do?atchFileId=FILE_000000000739470&fileSn=0,ok,200,application/x-download,★2026년도_제조DX멘토단_활용지원사업_통합_공고문_V3.pdf,494810,api\PBLN_000000000117019\0_★2026년도_제조DX멘토단_활용지원사업_통합_공고문_V3.pdf,
PBLN_000000000117022,0,https://www.bizinfo.go.kr/cmm/fms/getImageFile.do?atchFileId=FILE_000000000739460&fileSn=0,ok,200,application/x-download,「2026년_소상공인_고용보험료_지원사업」공고.pdf,757447,api\PBLN_000000000117022\0_「2026년_소상공인_고용보험료_지원사업」공고.pdf,
PBLN_000000000117016,0,https://www.bizinfo.go.kr/cmm/fms/getImageFile.do?atchFileId=FILE_000000000739464&fileSn=0,ok,200,application/x-download,2026년_중소벤처기업부_소상공인_지원사업_통합_공고.pdf,737203,api\PBLN_000000000117016\0_2026년_중소벤처기업부_소상공인_지원사업_통합_공고.pdf,
PBLN_000000000116998,0,https://www.bizinfo.go.kr/cmm/fms/getImageFile.do?atchFileId=FILE_000000000739320&fileSn=0,ok,200,application/x-download,2026년도 소상공인육성자금 지원 계획.hwp,64000,api\PBLN_000000000116998\0_2026년도 소상공인육성자금 지원 계획.hwp,
PBLN_000000000116975,0,https://www.bizinfo.go.kr/cmm/fms/getImageFile.do?atchFileId=FILE_000000000739305&fileSn=0,ok,200,application/x-download,251222 「넷제로 챌린지X」 통합공고(별도첨부).pdf,553387,api\PBLN_000000000116975\0_251222 「넷제로 챌린지X」 통합공고(별도첨부).pdf,
PBLN_000000000116966,0,https://www.bizinfo.go.kr/cmm/fms/getImageFile.do?atchFileId=FILE_000000000739208&fileSn=0,ok,200,application/x-download,2026년 가축분뇨 수집운반 수수료 지원사업 신청서 접수 공고.hwp,64000,api\PBLN_000000000116966\0_2026년 가축분뇨 수집운반 수수료 지원사업 신청서 접수 공고.hwp,
PBLN_000000000116943,0,https://www.bizinfo.go.kr/cmm/fms/getImageFile.do?atchFileId=FILE_000000000739130&fileSn=0,ok,200,application/x-download,(중기부)_2026년_중소기업_기술개발_지원사업_통합_공고.hwp,121856,api\PBLN_000000000116943\0_(중기부)_2026년_중소기업_기술개발_지원사업_통합_공고.hwp,
PBLN_000000000116904,0,https://www.bizinfo.go.kr/cmm/fms/getImageFile.do?atchFileId=FILE_000000000739008&fileSn=1,ok,200,application/x-download,(공고문)_2026년도_중앙부처_및_지자체_창업지원사업_통합공고문(제2025-648호_2025.12.19.).pdf,987057,api\PBLN_000000000116904\0_(공고문)_2026년도_중앙부처_및_지자체_창업지원사업_통합공고문(제2025-648호_2025.12.19.).pdf,
PBLN_000000000116853,0,https://www.bizinfo.go.kr/cmm/fms/getImageFile.do?atchFileId=FILE_000000000738721&fileSn=0,ok,200,application/x-download,1.+2026년+기업훈련+탄력운영제+참여기업+모집+공고.hwp,1042432,api\PBLN_000000000116853\0_1.+2026년+기업훈련+탄력운영제+참여기업+모집+공고.hwp,
PBLN_000000000116832,0,https://www.bizinfo.go.kr/cmm/fms/getImageFile.do?atchFileId=FILE_000000000738658&fileSn=0,ok,200,application/x-download,[사업 안내문] 2026년 미래내일 일경험 지원사업인턴형·기업탐방형.hwp,817152,api\PBLN_000000000116832\0_[사업 안내문] 2026년 미래내일 일경험 지원사업인턴형·기업탐방형.hwp,
PBLN_000000000116745,0,https://www.bizinfo.go.kr/cmm/fms/getImageFile.do?atchFileId=FILE_000000000738256&fileSn=0,ok,200,application/x-download,[붙임1]+2026년+해외+온라인+위조상품+유통+사전진단+서비스+공고.pdf,221197,api\PBLN_000000000116745\0_[붙임1]+2026년+해외+온라인+위조상품+유통+사전진단+서비스+공고.pdf,
PBLN_000000000116741,0,https://www.bizinfo.go.kr/cmm/fms/getImageFile.do?atchFileId=FILE_000000000738189&fileSn=1,ok,200,application/x-download,2026년도_중소기업_수출지원사업_통합공고(251210)-최종.pdf,558237,api\PBLN_000000000116741\0_2026년도_중소기업_수출지원사업_통합공고(251210)-최종.pdf,
PBLN_000000000116487,0,https://www.bizinfo.go.kr/cmm/fms/getImageFile.do?atchFileId=FILE_000000000737037&fileSn=0,ok,200,application/x-download,2025년 중소기업 긴급 융자 지원사업 재공고문.hwp,99328,api\PBLN_000000000116487\0_2025년 중소기업 긴급 융자 지원사업 재공고문.hwp,
PBLN_000000000116008,0,https://www.bizinfo.go.kr/cmm/fms/getImageFile.do?atchFileId=FILE_000000000735043&fileSn=0,ok,200,application/x-download,제조 DX멘토단 활용지원.pdf,151706,api\PBLN_000000000116008\0_제조 DX멘토단 활용지원.pdf,
PBLN_000000000116004,0,https://www.bizinfo.go.kr/cmm/fms/getImageFile.do?atchFileId=FILE_000000000735037&fileSn=0,ok,200,application/x-download,스마트공장 수준 확인.pdf,171843,api\PBLN_000000000116004\0_스마트공장 수준 확인.pdf,
PBLN_000000000115994,0,https://www.bizinfo.go.kr/cmm/fms/getImageFile.do?atchFileId=FILE_000000000734960&fileSn=0,ok,200,application/x-download,26년_스마트제조혁신_지원사업_통합공고.pdf,645049,api\PBLN_000000000115994\0_26년_스마트제조혁신_지원사업_통합공고.pdf,
PBLN_000000000109049,0,https://www.bizinfo.go.kr/cmm/fms/getImageFile.do?atchFileId=FILE_000000000712555&fileSn=0,ok,200,application/x-download,250425_의료기기산업 종합지원센터 상시 상담 프로그램 안내.png,934667,api\PBLN_000000000109049\0_250425_의료기기산업 종합지원센터 상시 상담 프로그램 안내.png,
PBLN_000000000103611,0,https://www.bizinfo.go.kr/cmm/fms/getImageFile.do?atchFileId=FILE_000000000698255&fileSn=0,ok,200,application/x-download,[경북] 구미 방산혁신클러스터 방산 헬프데스크-지역소재기업 경영기술지원 모집 공고.pdf,251742,api\PBLN_000000000103611\0_[경북] 구미 방산혁신클러스터 방산 헬프데스크-지역소재기업 경영기술지원 모집 공고.pdf,
PBLN_000000000092578,0,https://www.bizinfo.go.kr/cmm/fms/getImageFile.do?atchFileId=FILE_000000000658779&fileSn=0,ok,200,application/x-download,체납액 징수특례 제도.hwp,16896,api\PBLN_000000000092578\0_체납액 징수특례 제도.hwp,
