announcement_id,status,section,filename,ext,atch_url,size,path,error
PBLN_000000000040632,ok,첨부파일,2019년 대전형 청년내일채움공제 공고문.hwp,hwp,https://www.bizinfo.go.kr/cmm/fms/fileDown.do?atchFileId=FILE_000000000347462&fileSn=0,19456,list\PBLN_000000000040632\2019년 대전형 청년내일채움공제 공고문.hwp,
PBLN_000000000042693,ok,첨부파일,시니어인턴십 사업안내.hwp,hwp,https://www.bizinfo.go.kr/cmm/fms/fileDown.do?atchFileId=FILE_000000000368519&fileSn=1,16384,list\PBLN_000000000042693\시니어인턴십 사업안내.hwp,
PBLN_000000000048425,ok,첨부파일,2020년도 산업기술혁신사업 통합 시행계획 공고문.hwp,hwp,https://www.bizinfo.go.kr/cmm/fms/fileDown.do?atchFileId=FILE_000000000435211&fileSn=0,557568,list\PBLN_000000000048425\2020년도 산업기술혁신사업 통합 시행계획 공고문.hwp,
PBLN_000000000043820,ok,첨부파일,2019년 인쇄 소공인 작업환경개선사업 지원사업 참가업체 모집 공고문.hwp,hwp,https://www.bizinfo.go.kr/cmm/fms/fileDown.do?atchFileId=FILE_000000000382841&fileSn=0,32768,list\PBLN_000000000043820\2019년 인쇄 소공인 작업환경개선사업 지원사업 참가업체 모집 공고문.hwp,
PBLN_000000000041714,ok,첨부파일,[경남] 2019년 1분기 소상공인 일자리 안정자금 지원사업 변경 공고.hwp,hwp,https://www.bizinfo.go.kr/cmm/fms/fileDown.do?atchFileId=FILE_000000000358346&fileSn=0,49152,list\PBLN_000000000041714\[경남] 2019년 1분기 소상공인 일자리 안정자금 지원사업 변경 공고.hwp,
PBLN_000000000045355,ok,첨부파일,[광주] 2019년 예비사회적기업 인큐베이팅 지원사업 공고.hwp,hwp,https://www.bizinfo.go.kr/cmm/fms/fileDown.do?atchFileId=FILE_000000000399674&fileSn=0,89600,list\PBLN_000000000045355\[광주] 2019년 예비사회적기업 인큐베이팅 지원사업 공고.hwp,
PBLN_000000000041190,ok,첨부파일,공동채용신청서.hwp,hwp,https://www.bizinfo.go.kr/cmm/fms/fileDown.do?atchFileId=FILE_000000000352878&fileSn=1,37888,list\PBLN_000000000041190\공동채용신청서.hwp,
PBLN_000000000048170,ok,첨부파일,[부산] 서울시-부산시 2020년 도시청년 지역상생 고용사업 참여기업 모집 공고.hwp,hwp,https://www.bizinfo.go.kr/cmm/fms/fileDown.do?atchFileId=FILE_000000000431358&fileSn=0,177665,list\PBLN_000000000048170\[부산] 서울시-부산시 2020년 도시청년 지역상생 고용사업 참여기업 모집 공고.hwp,
PBLN_000000000046203,ok,첨부파일,2019년_깨끗하고_정이_넘치는_전통시장_지원사업(공고문)_2차.hwp,hwp,https://www.bizinfo.go.kr/cmm/fms/fileDown.do?atchFileId=FILE_000000000409081&fileSn=0,19456,list\PBLN_000000000046203\2019년_깨끗하고_정이_넘치는_전통시장_지원사업(공고문)_2차.hwp,
PBLN_000000000047792,ok,첨부파일,[충북] 소재ㆍ부품ㆍ장비 스마트 촉진 인력양성사업(프로젝트 랩) 공고.pdf,pdf,https://www.bizinfo.go.kr/cmm/fms/fileDown.do?atchFileId=FILE_000000000426626&fileSn=0,138213,list\PBLN_000000000047792\[충북] 소재ㆍ부품ㆍ장비 스마트 촉진 인력양성사업(프로젝트 랩) 공고.pdf,
PBLN_000000000040204,ok,첨부파일,2019년 전통시장 및 상점가 활성화 지원사업 공고.hwp,hwp,https://www.bizinfo.go.kr/cmm/fms/fileDown.do?atchFileId=FILE_000000000343338&fileSn=0,475136,list\PBLN_000000000040204\2019년 전통시장 및 상점가 활성화 지원사업 공고.hwp,
PBLN_000000000047411,ok,첨부파일,2019년 6차 벤처기업 공동채용 참여기업 모집 공고.hwp,hwp,https://www.bizinfo.go.kr/cmm/fms/fileDown.do?atchFileId=FILE_000000000422220&fileSn=0,49152,list\PBLN_000000000047411\2019년 6차 벤처기업 공동채용 참여기업 모집 공고.hwp,
PBLN_000000000044551,ok,첨부파일,2019년 경기도 뿌리기업 화학물질취급시설 개선 지원 공고문.hwp,hwp,https://www.bizinfo.go.kr/cmm/fms/fileDown.do?atchFileId=FILE_000000000390746&fileSn=0,32768,list\PBLN_000000000044551\2019년 경기도 뿌리기업 화학물질취급시설 개선 지원 공고문.hwp,
PBLN_000000000047498,ok,첨부파일,[수도권] 2019년 하반기 수도권 혁신기업 온라인 채용박람회 참가기업 모집 공고.hwp,hwp,https://www.bizinfo.go.kr/cmm/fms/fileDown.do?atchFileId=FILE_000000000423153&fileSn=0,49152,list\PBLN_000000000047498\[수도권] 2019년 하반기 수도권 혁신기업 온라인 채용박람회 참가기업 모집 공고.hwp,
PBLN_000000000044741,ok,첨부파일,2019_뉴딜일자리_사업_참여기업_추가_모집공고-6월.hwp,hwp,https://www.bizinfo.go.kr/cmm/fms/fileDown.do?atchFileId=FILE_000000000392936&fileSn=0,86016,list\PBLN_000000000044741\2019_뉴딜일자리_사업_참여기업_추가_모집공고-6월.hwp,
PBLN_000000000039979,ok,첨부파일,[대구] 사회적경제 청년인턴 지원사업 모집공고(행정안전부 지역주도형 청년일자리 지원사업).hwp,hwp,https://www.bizinfo.go.kr/cmm/fms/fileDown.do?atchFileId=FILE_000000000341366&fileSn=0,34304,list\PBLN_000000000039979\[대구] 사회적경제 청년인턴 지원사업 모집공고(행정안전부 지역주도형 청년일자리 지원사업).hwp,
PBLN_000000000048184,ok,첨부파일,2020년 도시청년 지역상생 고용사업 참여기업 모집 공고문 및 신청서.hwp,hwp,https://www.bizinfo.go.kr/cmm/fms/fileDown.do?atchFileId=FILE_000000000431592&fileSn=0,98304,list\PBLN_000000000048184\2020년 도시청년 지역상생 고용사업 참여기업 모집 공고문 및 신청서.hwp,
PBLN_000000000045679,ok,첨부파일,2019년 중소기업 연구인력 지원사업(공공연 연구인력 파견지원) 공고(8월 신청).hwp,hwp,https://www.bizinfo.go.kr/cmm/fms/fileDown.do?atchFileId=FILE_000000000403190&fileSn=0,32768,list\PBLN_000000000045679\2019년 중소기업 연구인력 지원사업(공공연 연구인력 파견지원) 공고(8월 신청).hwp,
PBLN_000000000047661,ok,첨부파일,잡코리아와 함께하는 온라인 채용지원사업 공고문.hwp,hwp,https://www.bizinfo.go.kr/cmm/fms/fileDown.do?atchFileId=FILE_000000000424697&fileSn=0,18432,list\PBLN_000000000047661\잡코리아와 함께하는 온라인 채용지원사업 공고문.hwp,
PBLN_000000000042987,ok,첨부파일,[충북] 2019년 스타트업 청년일자리 지원사업 참여기업 모집 재공고.hwp,hwp,https://www.bizinfo.go.kr/cmm/fms/fileDown.do?atchFileId=FILE_000000000372089&fileSn=0,29184,list\PBLN_000000000042987\[충북] 2019년 스타트업 청년일자리 지원사업 참여기업 모집 재공고.hwp,
PBLN_000000000041256,ok,첨부파일,2019년 콘텐츠원캠퍼스 구축운영 지원사업 공고.hwp,hwp,https://www.bizinfo.go.kr/cmm/fms/fileDown.do?atchFileId=FILE_000000000353612&fileSn=0,49152,list\PBLN_000000000041256\2019년 콘텐츠원캠퍼스 구축운영 지원사업 공고.hwp,
PBLN_000000000045597,ok,첨부파일,"2019년 2차 중소기업 연구인력지원사업(채용, 파견) 공고.hwp",hwp,https://www.bizinfo.go.kr/cmm/fms/fileDown.do?atchFileId=FILE_000000000402431&fileSn=0,65536,"list\PBLN_000000000045597\2019년 2차 중소기업 연구인력지원사업(채용, 파견) 공고.hwp",
PBLN_000000000046413,ok,첨부파일,해운선사 청년일자리 지원사업 모집 공고문 및 신청서.hwp,hwp,https://www.bizinfo.go.kr/cmm/fms/fileDown.do?atchFileId=FILE_000000000411490&fileSn=0,49152,list\PBLN_000000000046413\해운선사 청년일자리 지원사업 모집 공고문 및 신청서.hwp,
PBLN_000000000041419,ok,첨부파일,2019 청년인턴 취업연계 지원사업 신청서식.hwp,hwp,https://www.bizinfo.go.kr/cmm/fms/fileDown.do?atchFileId=FILE_000000000355123&fileSn=0,633856,list\PBLN_000000000041419\2019 청년인턴 취업연계 지원사업 신청서식.hwp,
PBLN_000000000045940,ok,첨부파일,[강원] 원주시 2019년 강원도형 청년일자리사업 참여 사업장 추가모집 공고(지역정착지원형).hwp,hwp,https://www.bizinfo.go.kr/cmm/fms/fileDown.do?atchFileId=FILE_000000000406478&fileSn=0,34304,list\PBLN_000000000045940\[강원] 원주시 2019년 강원도형 청년일자리사업 참여 사업장 추가모집 공고(지역정착지원형).hwp,
PBLN_000000000046950,ok,첨부파일,[인천] 2019년 3차 (예비)사회적기업 일자리창출사업 신청 공고.hwp,hwp,https://www.bizinfo.go.kr/cmm/fms/fileDown.do?atchFileId=FILE_000000000417406&fileSn=0,770048,list\PBLN_000000000046950\[인천] 2019년 3차 (예비)사회적기업 일자리창출사업 신청 공고.hwp,
PBLN_000000000044107,ok,첨부파일,신청서식(기업).hwp,hwp,https://www.bizinfo.go.kr/cmm/fms/fileDown.do?atchFileId=FILE_000000000386299&fileSn=1,76288,list\PBLN_000000000044107\신청서식(기업).hwp,
PBLN_000000000040921,ok,첨부파일,[충북] 2019년 충북지역혁신프로젝트 지원사업 신청 통합공고.hwp,hwp,https://www.bizinfo.go.kr/cmm/fms/fileDown.do?atchFileId=FILE_000000000350355&fileSn=0,326144,list\PBLN_000000000040921\[충북] 2019년 충북지역혁신프로젝트 지원사업 신청 통합공고.hwp,
PBLN_000000000048118,ok,첨부파일,2020년 산림청 해외산림인턴사업 참여기업(기관) 모집 공고.hwp,hwp,https://www.bizinfo.go.kr/cmm/fms/fileDown.do?atchFileId=FILE_000000000430929&fileSn=0,22016,list\PBLN_000000000048118\2020년 산림청 해외산림인턴사업 참여기업(기관) 모집 공고.hwp,
PBLN_000000000040327,ok,첨부파일,[경남] 2019년 지역 조선업 퇴직자 재취업 지원사업 참여기업 및 퇴직인력 모집 공고.hwp,hwp,https://www.bizinfo.go.kr/cmm/fms/fileDown.do?atchFileId=FILE_000000000344505&fileSn=0,19968,list\PBLN_000000000040327\[경남] 2019년 지역 조선업 퇴직자 재취업 지원사업 참여기업 및 퇴직인력 모집 공고.hwp,
PBLN_000000000046036,ok,첨부파일,[부산] B-beauty 차세대 청년일자리 육성 프로젝트 사업 참여기업 및 참여청년 모집공고.hwp,hwp,https://www.bizinfo.go.kr/cmm/fms/fileDown.do?atchFileId=FILE_000000000407158&fileSn=0,38400,list\PBLN_000000000046036\[부산] B-beauty 차세대 청년일자리 육성 프로젝트 사업 참여기업 및 참여청년 모집공고.hwp,
PBLN_000000000045345,ok,첨부파일,[광주] 2019년 하반기 청년고용우수기업 지원사업 공고.hwp,hwp,https://www.bizinfo.go.kr/cmm/fms/fileDown.do?atchFileId=FILE_000000000399497&fileSn=0,33280,list\PBLN_000000000045345\[광주] 2019년 하반기 청년고용우수기업 지원사업 공고.hwp,
PBLN_000000000041061,ok,첨부파일,참여제한업종.hwp,hwp,https://www.bizinfo.go.kr/cmm/fms/fileDown.do?atchFileId=FILE_000000000351729&fileSn=1,14336,list\PBLN_000000000041061\참여제한업종.hwp,
PBLN_000000000046102,ok,첨부파일,[서울] 송파구 Join! 스타트업 참여자 모집 공고.hwp,hwp,https://www.bizinfo.go.kr/cmm/fms/fileDown.do?atchFileId=FILE_000000000407930&fileSn=0,1067520,list\PBLN_000000000046102\[서울] 송파구 Join! 스타트업 참여자 모집 공고.hwp,
PBLN_000000000041712,ok,첨부파일,신청서 양식.hwp,hwp,https://www.bizinfo.go.kr/cmm/fms/fileDown.do?atchFileId=FILE_000000000358324&fileSn=1,76288,list\PBLN_000000000041712\신청서 양식.hwp,
PBLN_000000000048178,ok,첨부파일,2020년 농업법인 취업지원사업 농업법인 및 청년인턴 모집 공고.pdf,pdf,https://www.bizinfo.go.kr/cmm/fms/fileDown.do?atchFileId=FILE_000000000431528&fileSn=0,422390,list\PBLN_000000000048178\2020년 농업법인 취업지원사업 농업법인 및 청년인턴 모집 공고.pdf,
PBLN_000000000043257,ok,첨부파일,2019 음식점 입식좌석개선 지원사업 모집공고문 및 신청서.hwp,hwp,https://www.bizinfo.go.kr/cmm/fms/fileDown.do?atchFileId=FILE_000000000375926&fileSn=0,622592,list\PBLN_000000000043257\2019 음식점 입식좌석개선 지원사업 모집공고문 및 신청서.hwp,
PBLN_000000000047398,ok,첨부파일,2019 B-beauty차세대 청년일자리 지원사업 공고문.hwp,hwp,https://www.bizinfo.go.kr/cmm/fms/fileDown.do?atchFileId=FILE_000000000422092&fileSn=0,39424,list\PBLN_000000000047398\2019 B-beauty차세대 청년일자리 지원사업 공고문.hwp,
PBLN_000000000046196,ok,첨부파일,신청서식.hwp,hwp,https://www.bizinfo.go.kr/cmm/fms/fileDown.do?atchFileId=FILE_000000000409392&fileSn=0,26624,list\PBLN_000000000046196\신청서식.hwp,
PBLN_000000000043724,ok,첨부파일,중소기업위크+미니취업박람회+추진계획(안).hwp,hwp,https://www.bizinfo.go.kr/cmm/fms/fileDown.do?atchFileId=FILE_000000000381503&fileSn=0,17920,list\PBLN_000000000043724\중소기업위크+미니취업박람회+추진계획(안).hwp,
PBLN_000000000045188,ok,첨부파일,지원신청서_양식.hwp,hwp,https://www.bizinfo.go.kr/cmm/fms/fileDown.do?atchFileId=FILE_000000000398022&fileSn=0,19968,list\PBLN_000000000045188\지원신청서_양식.hwp,
PBLN_000000000042106,ok,첨부파일,신청서식.hwp,hwp,https://www.bizinfo.go.kr/cmm/fms/fileDown.do?atchFileId=FILE_000000000362072&fileSn=1,30208,list\PBLN_000000000042106\신청서식.hwp,
PBLN_000000000042144,ok,첨부파일,2019년 맞춤형 기술파트너 지원사업 추진계획 수정 공고.hwp,hwp,https://www.bizinfo.go.kr/cmm/fms/fileDown.do?atchFileId=FILE_000000000362481&fileSn=0,49152,list\PBLN_000000000042144\2019년 맞춤형 기술파트너 지원사업 추진계획 수정 공고.hwp,
PBLN_000000000040903,ok,첨부파일,[대구] 2019년 지역 ICT기업 인력양성 및 채용지원 시행 공고(지역주도형 청년일자리 사업).hwp,hwp,https://www.bizinfo.go.kr/cmm/fms/fileDown.do?atchFileId=FILE_000000000350072&fileSn=0,131072,list\PBLN_000000000040903\[대구] 2019년 지역 ICT기업 인력양성 및 채용지원 시행 공고(지역주도형 청년일자리 사업).hwp,
PBLN_000000000041984,ok,첨부파일,2019 제주 미래를 선도할 청년 인재 육성사업 추가 공고문.hwp,hwp,https://www.bizinfo.go.kr/cmm/fms/fileDown.do?atchFileId=FILE_000000000360788&fileSn=0,144896,list\PBLN_000000000041984\2019 제주 미래를 선도할 청년 인재 육성사업 추가 공고문.hwp,
PBLN_000000000047225,ok,첨부파일,지원신청서 및 개인정보제공동의서.hwp,hwp,https://www.bizinfo.go.kr/cmm/fms/fileDown.do?atchFileId=FILE_000000000420414&fileSn=1,176640,list\PBLN_000000000047225\지원신청서 및 개인정보제공동의서.hwp,
PBLN_000000000045723,ok,첨부파일,[충북] 증평군 지역정착지원형 청년일자리 사업 참여업체 모집 공고.hwp,hwp,https://www.bizinfo.go.kr/cmm/fms/fileDown.do?atchFileId=FILE_000000000403521&fileSn=0,32768,list\PBLN_000000000045723\[충북] 증평군 지역정착지원형 청년일자리 사업 참여업체 모집 공고.hwp,
PBLN_000000000048116,ok,첨부파일,제조업 혁신 산업클러스터기반 전문인력 고용ON 사업 모집 공고문.hwp,hwp,https://www.bizinfo.go.kr/cmm/fms/fileDown.do?atchFileId=FILE_000000000430982&fileSn=0,32768,list\PBLN_000000000048116\제조업 혁신 산업클러스터기반 전문인력 고용ON 사업 모집 공고문.hwp,
PBLN_000000000039634,no_doc,,,,,0,,
PBLN_000000000042299,ok,첨부파일,2019년 인력양성사업 신청서류(기술직퇴직자).hwp,hwp,https://www.bizinfo.go.kr/cmm/fms/fileDown.do?atchFileId=FILE_000000000364180&fileSn=1,16384,list\PBLN_000000000042299\2019년 인력양성사업 신청서류(기술직퇴직자).hwp,
PBLN_000000000042969,ok,첨부파일,[경기] 2019년 2차 (예비)사회적기업 일자리창출사업 공고.hwp,hwp,https://www.bizinfo.go.kr/cmm/fms/fileDown.do?atchFileId=FILE_000000000371762&fileSn=0,297472,list\PBLN_000000000042969\[경기] 2019년 2차 (예비)사회적기업 일자리창출사업 공고.hwp,
PBLN_000000000044906,ok,첨부파일,[충남] 2019년 2분기 소상공인 사회보험료 지원사업 공고.hwp,hwp,https://www.bizinfo.go.kr/cmm/fms/fileDown.do?atchFileId=FILE_000000000394816&fileSn=0,37888,list\PBLN_000000000044906\[충남] 2019년 2분기 소상공인 사회보험료 지원사업 공고.hwp,
PBLN_000000000046396,ok,첨부파일,[충남]  우수콘텐츠기업 창의인재 청년일자리플러스사업 참여기업 모집.hwp,hwp,https://www.bizinfo.go.kr/cmm/fms/fileDown.do?atchFileId=FILE_000000000411292&fileSn=0,72192,list\PBLN_000000000046396\[충남]  우수콘텐츠기업 창의인재 청년일자리플러스사업 참여기업 모집.hwp,
PBLN_000000000041491,ok,첨부파일,신청서.hwp,hwp,https://www.bizinfo.go.kr/cmm/fms/fileDown.do?atchFileId=FILE_000000000355889&fileSn=1,44544,list\PBLN_000000000041491\신청서.hwp,
PBLN_000000000046050,ok,첨부파일,2019년 현장코칭 숙련인력 양성사업 참여기업 및 참여자 모집 공고.hwp,hwp,https://www.bizinfo.go.kr/cmm/fms/fileDown.do?atchFileId=FILE_000000000407485&fileSn=0,30208,list\PBLN_000000000046050\2019년 현장코칭 숙련인력 양성사업 참여기업 및 참여자 모집 공고.hwp,
PBLN_000000000044157,ok,첨부파일,2019년 신규 병역지정업체(산업기능요원) 선정 및 필요인원 신청ㆍ접수 공고.hwp,hwp,https://www.bizinfo.go.kr/cmm/fms/fileDown.do?atchFileId=FILE_000000000386821&fileSn=0,98304,list\PBLN_000000000044157\2019년 신규 병역지정업체(산업기능요원) 선정 및 필요인원 신청ㆍ접수 공고.hwp,
PBLN_000000000040471,ok,첨부파일,"기업신청서,정보활용동의서.hwp",hwp,https://www.bizinfo.go.kr/cmm/fms/fileDown.do?atchFileId=FILE_000000000345835&fileSn=1,39424,"list\PBLN_000000000040471\기업신청서,정보활용동의서.hwp",
PBLN_000000000043034,ok,첨부파일,2019 수원시 나들가게 육성 선도지역 지원사업 공고문.hwp,hwp,https://www.bizinfo.go.kr/cmm/fms/fileDown.do?atchFileId=FILE_000000000373200&fileSn=0,50688,list\PBLN_000000000043034\2019 수원시 나들가게 육성 선도지역 지원사업 공고문.hwp,
PBLN_000000000047511,ok,첨부파일,2019 일자리창출 우수기업 모집 공고문.hwp,hwp,https://www.bizinfo.go.kr/cmm/fms/fileDown.do?atchFileId=FILE_000000000423336&fileSn=0,32768,list\PBLN_000000000047511\2019 일자리창출 우수기업 모집 공고문.hwp,
PBLN_000000000046595,ok,첨부파일,[부산] 2차 신발 스타트업 청년슈잡(shoe job) 참여기업 모집 공고(2019 지역주도형 청년일자리사업).hwp,hwp,https://www.bizinfo.go.kr/cmm/fms/fileDown.do?atchFileId=FILE_000000000413399&fileSn=0,1181696,list\PBLN_000000000046595\[부산] 2차 신발 스타트업 청년슈잡(shoe job) 참여기업 모집 공고(2019 지역주도형 청년일자리사업).hwp,
PBLN_000000000047916,ok,첨부파일,[경기] 안양형 청년일자리 두드림(Do Dream) 사업 참여기업 및 청년층 추가 모집 공고.hwp,hwp,https://www.bizinfo.go.kr/cmm/fms/fileDown.do?atchFileId=FILE_000000000427970&fileSn=0,40960,list\PBLN_000000000047916\[경기] 안양형 청년일자리 두드림(Do Dream) 사업 참여기업 및 청년층 추가 모집 공고.hwp,
PBLN_000000000044824,ok,첨부파일,2019년 지역관광 청년일꾼 채용 지원사업 공고문.hwp,hwp,https://www.bizinfo.go.kr/cmm/fms/fileDown.do?atchFileId=FILE_000000000393974&fileSn=0,32768,list\PBLN_000000000044824\2019년 지역관광 청년일꾼 채용 지원사업 공고문.hwp,
PBLN_000000000042972,ok,첨부파일,[경기] 2019년 가족친화 일하기 좋은 기업(GGWP) 인증 사업 공고.hwp,hwp,https://www.bizinfo.go.kr/cmm/fms/fileDown.do?atchFileId=FILE_000000000371822&fileSn=0,40448,list\PBLN_000000000042972\[경기] 2019년 가족친화 일하기 좋은 기업(GGWP) 인증 사업 공고.hwp,
PBLN_000000000041925,no_doc,,,,,0,,
PBLN_000000000040468,ok,첨부파일,[경기] 2019년 (예비)사회적기업 전문인력 지원사업 공고.hwp,hwp,https://www.bizinfo.go.kr/cmm/fms/fileDown.do?atchFileId=FILE_000000000345813&fileSn=1,132577,list\PBLN_000000000040468\[경기] 2019년 (예비)사회적기업 전문인력 지원사업 공고.hwp,
PBLN_000000000040925,ok,첨부파일,2019 청년인턴 취업연계 지원사업 서식.hwp,hwp,https://www.bizinfo.go.kr/cmm/fms/fileDown.do?atchFileId=FILE_000000000350395&fileSn=0,32256,list\PBLN_000000000040925\2019 청년인턴 취업연계 지원사업 서식.hwp,
PBLN_000000000040664,ok,첨부파일,2019년 (예비)사회적기업 전문인력 및 사회보험료 지원사업 공고문 및 신청서.hwp,hwp,https://www.bizinfo.go.kr/cmm/fms/fileDown.do?atchFileId=FILE_000000000347816&fileSn=0,188416,list\PBLN_000000000040664\2019년 (예비)사회적기업 전문인력 및 사회보험료 지원사업 공고문 및 신청서.hwp,
PBLN_000000000047824,ok,첨부파일,의성형 도시청년 시골파견제 모집공고문 및 신청서.hwp,hwp,https://www.bizinfo.go.kr/cmm/fms/fileDown.do?atchFileId=FILE_000000000426914&fileSn=1,39936,list\PBLN_000000000047824\의성형 도시청년 시골파견제 모집공고문 및 신청서.hwp,
PBLN_000000000047366,ok,첨부파일,[대전] SeSE지원(기술닥터지원) 지원기업 모집 공고.hwp,hwp,https://www.bizinfo.go.kr/cmm/fms/fileDown.do?atchFileId=FILE_000000000421670&fileSn=0,22016,list\PBLN_000000000047366\[대전] SeSE지원(기술닥터지원) 지원기업 모집 공고.hwp,
PBLN_000000000042276,ok,첨부파일,[충남] 2019년 1분기 사회보험료 지원사업 공고.hwp,hwp,https://www.bizinfo.go.kr/cmm/fms/fileDown.do?atchFileId=FILE_000000000364213&fileSn=0,38400,list\PBLN_000000000042276\[충남] 2019년 1분기 사회보험료 지원사업 공고.hwp,
PBLN_000000000042540,ok,첨부파일,2019년 1차 근무혁신 인센티브제 참여기업 신청 공고.hwp,hwp,https://www.bizinfo.go.kr/cmm/fms/fileDown.do?atchFileId=FILE_000000000366715&fileSn=0,819712,list\PBLN_000000000042540\2019년 1차 근무혁신 인센티브제 참여기업 신청 공고.hwp,
PBLN_000000000044114,ok,첨부파일,2019년 중소기업 연구인력 지원사업(공공연 연구인력 파견지원) 공고(6월 신청).hwp,hwp,https://www.bizinfo.go.kr/cmm/fms/fileDown.do?atchFileId=FILE_000000000386376&fileSn=0,25600,list\PBLN_000000000044114\2019년 중소기업 연구인력 지원사업(공공연 연구인력 파견지원) 공고(6월 신청).hwp,
PBLN_000000000044234,no_doc,,,,,0,,
PBLN_000000000040703,ok,첨부파일,2019년 에너지신산업 글로벌 인재양성 신규지원 대상과제 공고.hwp,hwp,https://www.bizinfo.go.kr/cmm/fms/fileDown.do?atchFileId=FILE_000000000348174&fileSn=0,65536,list\PBLN_000000000040703\2019년 에너지신산업 글로벌 인재양성 신규지원 대상과제 공고.hwp,
PBLN_000000000040985,ok,첨부파일,[대구] 달성군 2018년 청년근로자 기숙사 임차비용 지원사업 시행 공고.hwp,hwp,https://www.bizinfo.go.kr/cmm/fms/fileDown.do?atchFileId=FILE_000000000350973&fileSn=0,24576,list\PBLN_000000000040985\[대구] 달성군 2018년 청년근로자 기숙사 임차비용 지원사업 시행 공고.hwp,
PBLN_000000000043574,ok,첨부파일,[인천] 2019년 글로벌 인재 매칭 프로그램 참여기업 모집 공고.hwp,hwp,https://www.bizinfo.go.kr/cmm/fms/fileDown.do?atchFileId=FILE_000000000379656&fileSn=0,32768,list\PBLN_000000000043574\[인천] 2019년 글로벌 인재 매칭 프로그램 참여기업 모집 공고.hwp,
PBLN_000000000046737,ok,첨부파일,신청서.hwp,hwp,https://www.bizinfo.go.kr/cmm/fms/fileDown.do?atchFileId=FILE_000000000415127&fileSn=1,17408,list\PBLN_000000000046737\신청서.hwp,
PBLN_000000000046597,ok,첨부파일,[경기] 화성시 2019년 2차 사회적경제조직 청년일자리사업 참여 기업 모집 공고.hwp,hwp,https://www.bizinfo.go.kr/cmm/fms/fileDown.do?atchFileId=FILE_000000000413411&fileSn=0,33792,list\PBLN_000000000046597\[경기] 화성시 2019년 2차 사회적경제조직 청년일자리사업 참여 기업 모집 공고.hwp,
PBLN_000000000045650,ok,첨부파일,신청서 서식.hwp,hwp,https://www.bizinfo.go.kr/cmm/fms/fileDown.do?atchFileId=FILE_000000000402809&fileSn=0,38912,list\PBLN_000000000045650\신청서 서식.hwp,
PBLN_000000000040718,ok,첨부파일,[대전] 차세대 기술기업 육성을 위한 전문 연구인력 지원사업 시행 공고.hwp,hwp,https://www.bizinfo.go.kr/cmm/fms/fileDown.do?atchFileId=FILE_000000000348329&fileSn=0,32768,list\PBLN_000000000040718\[대전] 차세대 기술기업 육성을 위한 전문 연구인력 지원사업 시행 공고.hwp,
PBLN_000000000044094,no_doc,,,,,0,,
PBLN_000000000046850,ok,첨부파일,신청서.hwp,hwp,https://www.bizinfo.go.kr/cmm/fms/fileDown.do?atchFileId=FILE_000000000416240&fileSn=1,49664,list\PBLN_000000000046850\신청서.hwp,
PBLN_000000000044257,ok,첨부파일,[대전] 2019년 대전일자리종합박람회 참여기업 모집 공고.hwp,hwp,https://www.bizinfo.go.kr/cmm/fms/fileDown.do?atchFileId=FILE_000000000387971&fileSn=0,32768,list\PBLN_000000000044257\[대전] 2019년 대전일자리종합박람회 참여기업 모집 공고.hwp,
PBLN_000000000045573,ok,첨부파일,[대구] 2019년 5차 청년인턴 지원사업 참여 사회적경제기업 모집 공고(행정안전부 지역주도형 청년일자리 지원사업).hwp,hwp,https://www.bizinfo.go.kr/cmm/fms/fileDown.do?atchFileId=FILE_000000000401993&fileSn=0,34816,list\PBLN_000000000045573\[대구] 2019년 5차 청년인턴 지원사업 참여 사회적경제기업 모집 공고(행정안전부 지역주도형 청년일자리 지원사업).hwp,
PBLN_000000000040437,ok,첨부파일,[인천] 2019년 (예비)사회적기업 전문인력 및 사회적기업 사회보험료 지원사업 공고.hwp,hwp,https://www.bizinfo.go.kr/cmm/fms/fileDown.do?atchFileId=FILE_000000000345860&fileSn=0,212993,list\PBLN_000000000040437\[인천] 2019년 (예비)사회적기업 전문인력 및 사회적기업 사회보험료 지원사업 공고.hwp,
PBLN_000000000048025,ok,첨부파일,2019년 중소기업 연구인력지원사업(파견) 2차 공고.hwp,hwp,https://www.bizinfo.go.kr/cmm/fms/fileDown.do?atchFileId=FILE_000000000429176&fileSn=0,29696,list\PBLN_000000000048025\2019년 중소기업 연구인력지원사업(파견) 2차 공고.hwp,
PBLN_000000000047708,ok,첨부파일,2020-1학기 장기현장실습 수요인원 조사서.hwp,hwp,https://www.bizinfo.go.kr/cmm/fms/fileDown.do?atchFileId=FILE_000000000425428&fileSn=1,20992,list\PBLN_000000000047708\2020-1학기 장기현장실습 수요인원 조사서.hwp,
PBLN_000000000040445,ok,첨부파일,[경남] 2019년 (예비)사회적기업 전문인력 및 사회보험료 지원사업 참여기업 모집공고.hwp,hwp,https://www.bizinfo.go.kr/cmm/fms/fileDown.do?atchFileId=FILE_000000000345447&fileSn=0,294913,list\PBLN_000000000040445\[경남] 2019년 (예비)사회적기업 전문인력 및 사회보험료 지원사업 참여기업 모집공고.hwp,
PBLN_000000000040199,ok,첨부파일,2019년 전통시장 및 상점가 활성화 지원사업 공고.hwp,hwp,https://www.bizinfo.go.kr/cmm/fms/fileDown.do?atchFileId=FILE_000000000343352&fileSn=0,475136,list\PBLN_000000000040199\2019년 전통시장 및 상점가 활성화 지원사업 공고.hwp,
PBLN_000000000039783,ok,첨부파일,2019년 상반기 학점이수 인턴제도 운영을 위한 ICT학점연계프로젝트 인턴십 국내 및 글로벌 과정 사업계획 공고.hwp,hwp,https://www.bizinfo.go.kr/cmm/fms/fileDown.do?atchFileId=FILE_000000000339233&fileSn=0,116736,list\PBLN_000000000039783\2019년 상반기 학점이수 인턴제도 운영을 위한 ICT학점연계프로젝트 인턴십 국내 및 글로벌 과정 사업계획 공고.hwp,
PBLN_000000000044444,no_doc,,,,,0,,
PBLN_000000000047737,ok,첨부파일,2020년 상반기 ICT학점연계프로젝트인턴십 글로벌 과정 연수업체 모집 공고(미국 실리콘밸리 인턴십).hwp,hwp,https://www.bizinfo.go.kr/cmm/fms/fileDown.do?atchFileId=FILE_000000000426178&fileSn=0,228864,list\PBLN_000000000047737\2020년 상반기 ICT학점연계프로젝트인턴십 글로벌 과정 연수업체 모집 공고(미국 실리콘밸리 인턴십).hwp,
PBLN_000000000045603,ok,첨부파일,2019년 깨끗하고 정이 넘치는 전통시장 지원사업 공고문.hwp,hwp,https://www.bizinfo.go.kr/cmm/fms/fileDown.do?atchFileId=FILE_000000000402225&fileSn=0,32768,list\PBLN_000000000045603\2019년 깨끗하고 정이 넘치는 전통시장 지원사업 공고문.hwp,
PBLN_000000000044546,ok,첨부파일,[대전] 2019년 하반기 사회적기업 일자리창출사업 공모사업 공고.hwp,hwp,https://www.bizinfo.go.kr/cmm/fms/fileDown.do?atchFileId=FILE_000000000390700&fileSn=0,357377,list\PBLN_000000000044546\[대전] 2019년 하반기 사회적기업 일자리창출사업 공모사업 공고.hwp,
PBLN_000000000044714,ok,첨부파일,[경기] 2019년 하반기 경기도 지역주도형 청년일자리사업 청년 및 기업 모집 공고.hwp,hwp,https://www.bizinfo.go.kr/cmm/fms/fileDown.do?atchFileId=FILE_000000000392852&fileSn=2,104448,list\PBLN_000000000044714\[경기] 2019년 하반기 경기도 지역주도형 청년일자리사업 청년 및 기업 모집 공고.hwp,
PBLN_000000000043693,ok,첨부파일,2019년 4차 농식품 벤처 창업인턴제 참여 기업 모집 공고.hwp,hwp,https://www.bizinfo.go.kr/cmm/fms/fileDown.do?atchFileId=FILE_000000000381063&fileSn=0,32768,list\PBLN_000000000043693\2019년 4차 농식품 벤처 창업인턴제 참여 기업 모집 공고.hwp,
PBLN_000000000043358,ok,첨부파일,[대전] 2019년 고용우수기업 인증제 시행계획 공고.hwp,hwp,https://www.bizinfo.go.kr/cmm/fms/fileDown.do?atchFileId=FILE_000000000376668&fileSn=0,49664,list\PBLN_000000000043358\[대전] 2019년 고용우수기업 인증제 시행계획 공고.hwp,
PBLN_000000000046702,ok,첨부파일,[경기] 안산시 3차 소규모 사업장 방지시설 설치 지원사업 참여업체 모집 공고.hwp,hwp,https://www.bizinfo.go.kr/cmm/fms/fileDown.do?atchFileId=FILE_000000000414415&fileSn=0,57856,list\PBLN_000000000046702\[경기] 안산시 3차 소규모 사업장 방지시설 설치 지원사업 참여업체 모집 공고.hwp,
PBLN_000000000040927,ok,첨부파일,[부산] 2019년 부산광역시 고용우수기업 지원사업 시행 공고.hwp,hwp,https://www.bizinfo.go.kr/cmm/fms/fileDown.do?atchFileId=FILE_000000000350421&fileSn=0,46592,list\PBLN_000000000040927\[부산] 2019년 부산광역시 고용우수기업 지원사업 시행 공고.hwp,
PBLN_000000000044850,ok,첨부파일,[대구] 2019년 3차 (예비)사회적기업 일자리창출사업(신규ㆍ재심사 등) 참여기업 모집 공고.hwp,hwp,https://www.bizinfo.go.kr/cmm/fms/fileDown.do?atchFileId=FILE_000000000394172&fileSn=0,431105,list\PBLN_000000000044850\[대구] 2019년 3차 (예비)사회적기업 일자리창출사업(신규ㆍ재심사 등) 참여기업 모집 공고.hwp,
PBLN_000000000045970,ok,첨부파일,2019년 청년 추가고용 장려금 지원사업 재개 공고.hwp,hwp,https://www.bizinfo.go.kr/cmm/fms/fileDown.do?atchFileId=FILE_000000000406749&fileSn=0,32768,list\PBLN_000000000045970\2019년 청년 추가고용 장려금 지원사업 재개 공고.hwp,
PBLN_000000000041922,no_doc,,,,,0,,
PBLN_000000000040782,ok,첨부파일,[세종] 2019년 1차 (예비)사회적기업 지정 및 재정지원 공고.hwp,hwp,https://www.bizinfo.go.kr/cmm/fms/fileDown.do?atchFileId=FILE_000000000348728&fileSn=0,609792,list\PBLN_000000000040782\[세종] 2019년 1차 (예비)사회적기업 지정 및 재정지원 공고.hwp,
PBLN_000000000040535,ok,첨부파일,[울산] 2019년 (예비)사회적기업 전문인력 지원사업 공고.hwp,hwp,https://www.bizinfo.go.kr/cmm/fms/fileDown.do?atchFileId=FILE_000000000346322&fileSn=0,2126336,list\PBLN_000000000040535\[울산] 2019년 (예비)사회적기업 전문인력 지원사업 공고.hwp,
PBLN_000000000048386,ok,첨부파일,2020년 제1차 (예비)사회적기업 일자리창출사업 지원 공고문 및 신청서.hwp,hwp,https://www.bizinfo.go.kr/cmm/fms/fileDown.do?atchFileId=FILE_000000000434876&fileSn=0,245760,list\PBLN_000000000048386\2020년 제1차 (예비)사회적기업 일자리창출사업 지원 공고문 및 신청서.hwp,
PBLN_000000000045646,ok,첨부파일,붙임서류.hwp,hwp,https://www.bizinfo.go.kr/cmm/fms/fileDown.do?atchFileId=FILE_000000000402681&fileSn=1,22528,list\PBLN_000000000045646\붙임서류.hwp,
PBLN_000000000046440,ok,첨부파일,2019년 5차 벤처기업 공동채용 참여기업 모집 공고.hwp,hwp,https://www.bizinfo.go.kr/cmm/fms/fileDown.do?atchFileId=FILE_000000000411550&fileSn=0,49152,list\PBLN_000000000046440\2019년 5차 벤처기업 공동채용 참여기업 모집 공고.hwp,
PBLN_000000000046837,ok,첨부파일,지역주도형 청년일자리사업 참가 신청서.hwp,hwp,https://www.bizinfo.go.kr/cmm/fms/fileDown.do?atchFileId=FILE_000000000416232&fileSn=0,132608,list\PBLN_000000000046837\지역주도형 청년일자리사업 참가 신청서.hwp,
PBLN_000000000043690,ok,첨부파일,[대구] 스타기업 7기 히어로 양성사업 참여기업 모집 공고(2019년 스타기업 육성사업).hwp,hwp,https://www.bizinfo.go.kr/cmm/fms/fileDown.do?atchFileId=FILE_000000000380993&fileSn=0,923136,list\PBLN_000000000043690\[대구] 스타기업 7기 히어로 양성사업 참여기업 모집 공고(2019년 스타기업 육성사업).hwp,
PBLN_000000000045773,ok,첨부파일,신청서식.hwp,hwp,https://www.bizinfo.go.kr/cmm/fms/fileDown.do?atchFileId=FILE_000000000404397&fileSn=1,23552,list\PBLN_000000000045773\신청서식.hwp,
PBLN_000000000040710,ok,첨부파일,2019년 (예비)사회적기업 일자리창출사업 참가업체 모집 공고문 및 신청서.hwp,hwp,https://www.bizinfo.go.kr/cmm/fms/fileDown.do?atchFileId=FILE_000000000348271&fileSn=0,147456,list\PBLN_000000000040710\2019년 (예비)사회적기업 일자리창출사업 참가업체 모집 공고문 및 신청서.hwp,
PBLN_000000000041338,ok,첨부파일,(예비)사회적기업 일자리창출사업 모집 공고문 및 신청서.hwp,hwp,https://www.bizinfo.go.kr/cmm/fms/fileDown.do?atchFileId=FILE_000000000354355&fileSn=0,311296,list\PBLN_000000000041338\(예비)사회적기업 일자리창출사업 모집 공고문 및 신청서.hwp,
PBLN_000000000047123,ok,첨부파일,2019년 소공인 작업환경개선지원 희망업체 추가 모집 공고문.hwp,hwp,https://www.bizinfo.go.kr/cmm/fms/fileDown.do?atchFileId=FILE_000000000419389&fileSn=0,22528,list\PBLN_000000000047123\2019년 소공인 작업환경개선지원 희망업체 추가 모집 공고문.hwp,
PBLN_000000000048359,ok,첨부파일,2020년 소상공인 지원사업 통합 공고.hwp,hwp,https://www.bizinfo.go.kr/cmm/fms/fileDown.do?atchFileId=FILE_000000000434494&fileSn=0,124416,list\PBLN_000000000048359\2020년 소상공인 지원사업 통합 공고.hwp,
PBLN_000000000047711,ok,첨부파일,2020년 산림융복합 전문인력 양성(산림산업 특화 연구지원)사업 신규과제 선정계획 공고.hwp,hwp,https://www.bizinfo.go.kr/cmm/fms/fileDown.do?atchFileId=FILE_000000000425492&fileSn=0,43008,list\PBLN_000000000047711\2020년 산림융복합 전문인력 양성(산림산업 특화 연구지원)사업 신규과제 선정계획 공고.hwp,
PBLN_000000000046566,ok,첨부파일,[제주] 2019년 한라여성새로일하기센터 기업환경 개선사업 참여 업체 모집 공고.hwp,hwp,https://www.bizinfo.go.kr/cmm/fms/fileDown.do?atchFileId=FILE_000000000413077&fileSn=0,113664,list\PBLN_000000000046566\[제주] 2019년 한라여성새로일하기센터 기업환경 개선사업 참여 업체 모집 공고.hwp,
PBLN_000000000043681,ok,첨부파일,2019년 중소기업 정년퇴직자 고용연장 지원사업 모집 공고문.hwp,hwp,https://www.bizinfo.go.kr/cmm/fms/fileDown.do?atchFileId=FILE_000000000380612&fileSn=0,32768,list\PBLN_000000000043681\2019년 중소기업 정년퇴직자 고용연장 지원사업 모집 공고문.hwp,
PBLN_000000000046497,ok,첨부파일,스타트업 청년일자리 지원 사업 참여기업 모집 공고문 및 신청서.hwp,hwp,https://www.bizinfo.go.kr/cmm/fms/fileDown.do?atchFileId=FILE_000000000412338&fileSn=0,32768,list\PBLN_000000000046497\스타트업 청년일자리 지원 사업 참여기업 모집 공고문 및 신청서.hwp,
PBLN_000000000047141,ok,첨부파일,2019 수산물소형저온저장시설 지원사업 공고문 및 신청서.hwp,hwp,https://www.bizinfo.go.kr/cmm/fms/fileDown.do?atchFileId=FILE_000000000419446&fileSn=0,26112,list\PBLN_000000000047141\2019 수산물소형저온저장시설 지원사업 공고문 및 신청서.hwp,
PBLN_000000000042180,ok,첨부파일,2019년 상반기 중소기업 계약학과 주관대학 모집 공고.hwp,hwp,https://www.bizinfo.go.kr/cmm/fms/fileDown.do?atchFileId=FILE_000000000362897&fileSn=0,56320,list\PBLN_000000000042180\2019년 상반기 중소기업 계약학과 주관대학 모집 공고.hwp,
PBLN_000000000044146,ok,첨부파일,[서울] 2019년 (예비)사회적기업 일자리창출사업 재심사 참여기업 모집공고.hwp,hwp,https://www.bizinfo.go.kr/cmm/fms/fileDown.do?atchFileId=FILE_000000000386678&fileSn=0,59904,list\PBLN_000000000044146\[서울] 2019년 (예비)사회적기업 일자리창출사업 재심사 참여기업 모집공고.hwp,
PBLN_000000000047071,ok,첨부파일,신청서.hwp,hwp,https://www.bizinfo.go.kr/cmm/fms/fileDown.do?atchFileId=FILE_000000000418660&fileSn=1,18432,list\PBLN_000000000047071\신청서.hwp,
PBLN_000000000047512,ok,첨부파일,신청서.hwp,hwp,https://www.bizinfo.go.kr/cmm/fms/fileDown.do?atchFileId=FILE_000000000423377&fileSn=0,102912,list\PBLN_000000000047512\신청서.hwp,
PBLN_000000000046384,ok,첨부파일,2019 초기창업패키지 장년인재서포터즈 모집 공고2차.hwp,hwp,https://www.bizinfo.go.kr/cmm/fms/fileDown.do?atchFileId=FILE_000000000411156&fileSn=0,27136,list\PBLN_000000000046384\2019 초기창업패키지 장년인재서포터즈 모집 공고2차.hwp,
PBLN_000000000042446,ok,첨부파일,신청서.hwp,hwp,https://www.bizinfo.go.kr/cmm/fms/fileDown.do?atchFileId=FILE_000000000365649&fileSn=1,30208,list\PBLN_000000000042446\신청서.hwp,
PBLN_000000000042307,ok,첨부파일,신청서식.hwp,hwp,https://www.bizinfo.go.kr/cmm/fms/fileDown.do?atchFileId=FILE_000000000364289&fileSn=0,80896,list\PBLN_000000000042307\신청서식.hwp,
PBLN_000000000045152,ok,첨부파일,[서울] 2019년 7월 채용지원 콘텐츠 제작 사업 참여기업 모집 공고.hwp,hwp,https://www.bizinfo.go.kr/cmm/fms/fileDown.do?atchFileId=FILE_000000000397710&fileSn=0,32768,list\PBLN_000000000045152\[서울] 2019년 7월 채용지원 콘텐츠 제작 사업 참여기업 모집 공고.hwp,
PBLN_000000000047608,ok,첨부파일,2020년 중증장애인 근로자 대상 근로지원인 서비스 신청 안내.hwp,hwp,https://www.bizinfo.go.kr/cmm/fms/fileDown.do?atchFileId=FILE_000000000424193&fileSn=0,77313,list\PBLN_000000000047608\2020년 중증장애인 근로자 대상 근로지원인 서비스 신청 안내.hwp,
PBLN_000000000040417,ok,첨부파일,[경북] 2019년 (예비)사회적기업 전문인력 및 사회보험료 지원사업 참여기업 모집공고.hwp,hwp,https://www.bizinfo.go.kr/cmm/fms/fileDown.do?atchFileId=FILE_000000000345390&fileSn=0,101376,list\PBLN_000000000040417\[경북] 2019년 (예비)사회적기업 전문인력 및 사회보험료 지원사업 참여기업 모집공고.hwp,
PBLN_000000000046333,ok,첨부파일,2019년 제3차 (예비)사회적기업 일자리창출사업 참여기업 공고문 및 신청서.hwp,hwp,https://www.bizinfo.go.kr/cmm/fms/fileDown.do?atchFileId=FILE_000000000410560&fileSn=0,212992,list\PBLN_000000000046333\2019년 제3차 (예비)사회적기업 일자리창출사업 참여기업 공고문 및 신청서.hwp,
PBLN_000000000041363,ok,첨부파일,(예비)사회적기업 전문인력 지원사업 모집 공고문.hwp,hwp,https://www.bizinfo.go.kr/cmm/fms/fileDown.do?atchFileId=FILE_000000000354452&fileSn=0,163840,list\PBLN_000000000041363\(예비)사회적기업 전문인력 지원사업 모집 공고문.hwp,
PBLN_000000000042416,ok,첨부파일,"4월 공공연 연구인력 파견지원(2019년 중소기업 연구인력지원사업(채용, 파견) 공고).hwp",hwp,https://www.bizinfo.go.kr/cmm/fms/fileDown.do?atchFileId=FILE_000000000365352&fileSn=0,46592,"list\PBLN_000000000042416\4월 공공연 연구인력 파견지원(2019년 중소기업 연구인력지원사업(채용, 파견) 공고).hwp",
PBLN_000000000043983,no_doc,,,,,0,,
PBLN_000000000041356,ok,첨부파일,2019년 중소기업 연구인력지원사업(채용ㆍ파견) 공고.hwp,hwp,https://www.bizinfo.go.kr/cmm/fms/fileDown.do?atchFileId=FILE_000000000354590&fileSn=0,49152,list\PBLN_000000000041356\2019년 중소기업 연구인력지원사업(채용ㆍ파견) 공고.hwp,
PBLN_000000000046655,ok,첨부파일,2019년 4차 지역주도형 청년 일자리사업 참여기업 모집 재공고문.hwp,hwp,https://www.bizinfo.go.kr/cmm/fms/fileDown.do?atchFileId=FILE_000000000414097&fileSn=0,32768,list\PBLN_000000000046655\2019년 4차 지역주도형 청년 일자리사업 참여기업 모집 재공고문.hwp,
PBLN_000000000045652,ok,첨부파일,[충남] 2019년 2차 (예비)사회적기업 일자리창출 지원사업 공고.hwp,hwp,https://www.bizinfo.go.kr/cmm/fms/fileDown.do?atchFileId=FILE_000000000402781&fileSn=0,311296,list\PBLN_000000000045652\[충남] 2019년 2차 (예비)사회적기업 일자리창출 지원사업 공고.hwp,
PBLN_000000000040426,ok,첨부파일,[경북] 2019년 1차 (예비)사회적기업 일자리창출사업 신규ㆍ재심사 참여기업 선정 계획 공고.hwp,hwp,https://www.bizinfo.go.kr/cmm/fms/fileDown.do?atchFileId=FILE_000000000345534&fileSn=0,18432,list\PBLN_000000000040426\[경북] 2019년 1차 (예비)사회적기업 일자리창출사업 신규ㆍ재심사 참여기업 선정 계획 공고.hwp,
PBLN_000000000046206,ok,첨부파일,2019년+글로벌+네트워크+지원사업+추가+모집공고+및+신청서_기업용.hwp,hwp,https://www.bizinfo.go.kr/cmm/fms/fileDown.do?atchFileId=FILE_000000000409113&fileSn=0,32768,list\PBLN_000000000046206\2019년+글로벌+네트워크+지원사업+추가+모집공고+및+신청서_기업용.hwp,
PBLN_000000000042375,ok,첨부파일,[경기] 고양시 2019년 1차 소공인 작업환경개선사업 모집 공고.hwp,hwp,https://www.bizinfo.go.kr/cmm/fms/fileDown.do?atchFileId=FILE_000000000364969&fileSn=0,23040,list\PBLN_000000000042375\[경기] 고양시 2019년 1차 소공인 작업환경개선사업 모집 공고.hwp,
PBLN_000000000044337,ok,첨부파일,[경북] 2019년 포항형 내일채움공제 지원사업 신청 공고.hwp,hwp,https://www.bizinfo.go.kr/cmm/fms/fileDown.do?atchFileId=FILE_000000000388940&fileSn=0,307712,list\PBLN_000000000044337\[경북] 2019년 포항형 내일채움공제 지원사업 신청 공고.hwp,
PBLN_000000000043773,ok,첨부파일,2019년 2차 근무혁신 인센티브제 참여기업 신청 공고.hwp,hwp,https://www.bizinfo.go.kr/cmm/fms/fileDown.do?atchFileId=FILE_000000000382214&fileSn=0,65536,list\PBLN_000000000043773\2019년 2차 근무혁신 인센티브제 참여기업 신청 공고.hwp,
PBLN_000000000047029,ok,첨부파일,신청서 등.hwp,hwp,https://www.bizinfo.go.kr/cmm/fms/fileDown.do?atchFileId=FILE_000000000418253&fileSn=0,20992,list\PBLN_000000000047029\신청서 등.hwp,
PBLN_000000000047934,ok,첨부파일,마을기업 사무장 지원사업 3차 참여사업장 모집 공고문.pdf,pdf,https://www.bizinfo.go.kr/cmm/fms/fileDown.do?atchFileId=FILE_000000000428379&fileSn=0,425932,list\PBLN_000000000047934\마을기업 사무장 지원사업 3차 참여사업장 모집 공고문.pdf,
PBLN_000000000040838,ok,첨부파일,2019년 제1차 일자리창출사업 재심사 공고.hwp,hwp,https://www.bizinfo.go.kr/cmm/fms/fileDown.do?atchFileId=FILE_000000000349880&fileSn=0,212992,list\PBLN_000000000040838\2019년 제1차 일자리창출사업 재심사 공고.hwp,
PBLN_000000000040815,ok,첨부파일,2019년 신규과제 선정계획 공고(산림산업 첨단융합기술 전문인력 양성사업).hwp,hwp,https://www.bizinfo.go.kr/cmm/fms/fileDown.do?atchFileId=FILE_000000000349243&fileSn=0,89600,list\PBLN_000000000040815\2019년 신규과제 선정계획 공고(산림산업 첨단융합기술 전문인력 양성사업).hwp,
PBLN_000000000044946,ok,첨부파일,신청서.hwp,hwp,https://www.bizinfo.go.kr/cmm/fms/fileDown.do?atchFileId=FILE_000000000395256&fileSn=1,18432,list\PBLN_000000000044946\신청서.hwp,
PBLN_000000000041144,ok,첨부파일,2019년 (예비)사회적기업 전문인력 및 사회보험료 지원사업 공고문 및 신청서.hwp,hwp,https://www.bizinfo.go.kr/cmm/fms/fileDown.do?atchFileId=FILE_000000000352368&fileSn=0,239616,list\PBLN_000000000041144\2019년 (예비)사회적기업 전문인력 및 사회보험료 지원사업 공고문 및 신청서.hwp,
PBLN_000000000040202,ok,첨부파일,2019년 전통시장 및 상점가 활성화 지원사업 공고.hwp,hwp,https://www.bizinfo.go.kr/cmm/fms/fileDown.do?atchFileId=FILE_000000000343316&fileSn=0,475136,list\PBLN_000000000040202\2019년 전통시장 및 상점가 활성화 지원사업 공고.hwp,
PBLN_000000000042380,ok,첨부파일,[전북] 중소기업 맞춤형 전문인력 지원사업 추가 공고.hwp,hwp,https://www.bizinfo.go.kr/cmm/fms/fileDown.do?atchFileId=FILE_000000000365043&fileSn=0,81920,list\PBLN_000000000042380\[전북] 중소기업 맞춤형 전문인력 지원사업 추가 공고.hwp,
PBLN_000000000044455,ok,첨부파일,2019년 고용우수 뿌리산업 근로환경 개선사업 시행 공고문.hwp,hwp,https://www.bizinfo.go.kr/cmm/fms/fileDown.do?atchFileId=FILE_000000000389973&fileSn=0,32768,list\PBLN_000000000044455\2019년 고용우수 뿌리산업 근로환경 개선사업 시행 공고문.hwp,
PBLN_000000000040902,ok,첨부파일,[대구]2019년 지역SW기업 성장지원사업 SW분야 기업 수요형 산학 협력 프로젝트 참가기업 모집공고.hwp,hwp,https://www.bizinfo.go.kr/cmm/fms/fileDown.do?atchFileId=FILE_000000000350041&fileSn=0,18432,list\PBLN_000000000040902\[대구]2019년 지역SW기업 성장지원사업 SW분야 기업 수요형 산학 협력 프로젝트 참가기업 모집공고.hwp,
PBLN_000000000039638,no_doc,,,,,0,,
PBLN_000000000040272,ok,첨부파일,국내 스마트 헬스케어산업 기업 맞춤형 교육지원 공고(창의산업기술개발기반구축사업-스마트 헬스케어 종합지원센터 구축).hwp,hwp,https://www.bizinfo.go.kr/cmm/fms/fileDown.do?atchFileId=FILE_000000000343851&fileSn=0,26624,list\PBLN_000000000040272\국내 스마트 헬스케어산업 기업 맞춤형 교육지원 공고(창의산업기술개발기반구축사업-스마트 헬스케어 종합지원센터 구축).hwp,
PBLN_000000000046064,ok,첨부파일,우수기업 청년인턴제 참여기업 모집 공고문.hwp,hwp,https://www.bizinfo.go.kr/cmm/fms/fileDown.do?atchFileId=FILE_000000000407520&fileSn=0,49152,list\PBLN_000000000046064\우수기업 청년인턴제 참여기업 모집 공고문.hwp,
PBLN_000000000040376,ok,첨부파일,[대구] 2019년 (예비)사회적기업 전문인력 지원사업 공고.hwp,hwp,https://www.bizinfo.go.kr/cmm/fms/fileDown.do?atchFileId=FILE_000000000345300&fileSn=0,243201,list\PBLN_000000000040376\[대구] 2019년 (예비)사회적기업 전문인력 지원사업 공고.hwp,
PBLN_000000000047933,ok,첨부파일,산업단지 중소기업 청년 교통비 지원사업 시행 재공고.hwp,hwp,https://www.bizinfo.go.kr/cmm/fms/fileDown.do?atchFileId=FILE_000000000428357&fileSn=0,65536,list\PBLN_000000000047933\산업단지 중소기업 청년 교통비 지원사업 시행 재공고.hwp,
PBLN_000000000040558,ok,첨부파일,2019년 1차 (예비)사회적기업 일자리창출사업 변경공고문.hwp,hwp,https://www.bizinfo.go.kr/cmm/fms/fileDown.do?atchFileId=FILE_000000000346398&fileSn=0,28672,list\PBLN_000000000040558\2019년 1차 (예비)사회적기업 일자리창출사업 변경공고문.hwp,
PBLN_000000000045032,ok,첨부파일,[부산] 2019년 2차 예비사회적기업 지정 및 일자리창출사업 공고.hwp,hwp,https://www.bizinfo.go.kr/cmm/fms/fileDown.do?atchFileId=FILE_000000000396352&fileSn=0,21504,list\PBLN_000000000045032\[부산] 2019년 2차 예비사회적기업 지정 및 일자리창출사업 공고.hwp,
PBLN_000000000041917,ok,첨부파일,[경기] 2019년 전통시장 지원사업 모집 공고.hwp,hwp,https://www.bizinfo.go.kr/cmm/fms/fileDown.do?atchFileId=FILE_000000000360352&fileSn=0,58880,list\PBLN_000000000041917\[경기] 2019년 전통시장 지원사업 모집 공고.hwp,
PBLN_000000000042010,ok,첨부파일,[대전] 2019년 2차 우수인력 지역정착 지원사업 모집 공고.hwp,hwp,https://www.bizinfo.go.kr/cmm/fms/fileDown.do?atchFileId=FILE_000000000361171&fileSn=0,21504,list\PBLN_000000000042010\[대전] 2019년 2차 우수인력 지역정착 지원사업 모집 공고.hwp,
PBLN_000000000042405,ok,첨부파일,[경남] 2019년 창업기업 신규고용인력 보조금 지원계획 공고.hwp,hwp,https://www.bizinfo.go.kr/cmm/fms/fileDown.do?atchFileId=FILE_000000000365072&fileSn=1,65772,list\PBLN_000000000042405\[경남] 2019년 창업기업 신규고용인력 보조금 지원계획 공고.hwp,
PBLN_000000000039633,no_doc,,,,,0,,
PBLN_000000000046806,ok,첨부파일,전남 청년 마을로 프로젝트 참여 기업 모집.hwp,hwp,https://www.bizinfo.go.kr/cmm/fms/fileDown.do?atchFileId=FILE_000000000415550&fileSn=1,32768,list\PBLN_000000000046806\전남 청년 마을로 프로젝트 참여 기업 모집.hwp,
PBLN_000000000046087,ok,첨부파일,서울기업 채용관 참가신청서(기업명).hwp,hwp,https://www.bizinfo.go.kr/cmm/fms/fileDown.do?atchFileId=FILE_000000000407889&fileSn=0,18432,list\PBLN_000000000046087\서울기업 채용관 참가신청서(기업명).hwp,
PBLN_000000000047085,ok,첨부파일,2019년 대구형 청년내일채움공제(일반형) 추가모집 공고문.hwp,hwp,https://www.bizinfo.go.kr/cmm/fms/fileDown.do?atchFileId=FILE_000000000419060&fileSn=0,44545,list\PBLN_000000000047085\2019년 대구형 청년내일채움공제(일반형) 추가모집 공고문.hwp,
PBLN_000000000039829,ok,첨부파일,2019년 일자리 안정자금 안내.hwp,hwp,https://www.bizinfo.go.kr/cmm/fms/fileDown.do?atchFileId=FILE_000000000339849&fileSn=0,1900544,list\PBLN_000000000039829\2019년 일자리 안정자금 안내.hwp,
PBLN_000000000046824,ok,첨부파일,[부산] 진구 2019년 음식점 입식좌석개선 지원사업 참가업체 모집 공고.hwp,hwp,https://www.bizinfo.go.kr/cmm/fms/fileDown.do?atchFileId=FILE_000000000415882&fileSn=0,21504,list\PBLN_000000000046824\[부산] 진구 2019년 음식점 입식좌석개선 지원사업 참가업체 모집 공고.hwp,
PBLN_000000000046351,ok,첨부파일,2019년 중소기업 연구인력 지원사업(공공연 연구인력 파견지원) 공고(9월 신청).hwp,hwp,https://www.bizinfo.go.kr/cmm/fms/fileDown.do?atchFileId=FILE_000000000410858&fileSn=0,32768,list\PBLN_000000000046351\2019년 중소기업 연구인력 지원사업(공공연 연구인력 파견지원) 공고(9월 신청).hwp,
PBLN_000000000045872,ok,첨부파일,[충북] 2019년 하반기 (예비)사회적기업 일자리창출사업 모집 공고.hwp,hwp,https://www.bizinfo.go.kr/cmm/fms/fileDown.do?atchFileId=FILE_000000000405418&fileSn=0,294913,list\PBLN_000000000045872\[충북] 2019년 하반기 (예비)사회적기업 일자리창출사업 모집 공고.hwp,
PBLN_000000000044311,ok,첨부파일,기업 참여신청서 양식.hwp,hwp,https://www.bizinfo.go.kr/cmm/fms/fileDown.do?atchFileId=FILE_000000000388503&fileSn=1,26624,list\PBLN_000000000044311\기업 참여신청서 양식.hwp,
PBLN_000000000044811,ok,첨부파일,[인천] 여성이 일하기 좋은 「기업환경개선사업」 참여 기업 모집 재공고.hwp,hwp,https://www.bizinfo.go.kr/cmm/fms/fileDown.do?atchFileId=FILE_000000000393750&fileSn=0,16896,list\PBLN_000000000044811\[인천] 여성이 일하기 좋은 「기업환경개선사업」 참여 기업 모집 재공고.hwp,
PBLN_000000000041964,ok,첨부파일,2019년 중소기업 연구인력 지원사업(기업연계형 연구개발 인력양성 사업) 공고.hwp,hwp,https://www.bizinfo.go.kr/cmm/fms/fileDown.do?atchFileId=FILE_000000000360611&fileSn=0,61440,list\PBLN_000000000041964\2019년 중소기업 연구인력 지원사업(기업연계형 연구개발 인력양성 사업) 공고.hwp,
PBLN_000000000047009,ok,첨부파일,[충남] 2019년 고용창출 우수기업 인증제 시행 공고.hwp,hwp,https://www.bizinfo.go.kr/cmm/fms/fileDown.do?atchFileId=FILE_000000000417987&fileSn=0,42497,list\PBLN_000000000047009\[충남] 2019년 고용창출 우수기업 인증제 시행 공고.hwp,
PBLN_000000000041472,ok,첨부파일,2019년 중증장애인인턴제 시행 안내.hwp,hwp,https://www.bizinfo.go.kr/cmm/fms/fileDown.do?atchFileId=FILE_000000000355739&fileSn=0,32768,list\PBLN_000000000041472\2019년 중증장애인인턴제 시행 안내.hwp,
PBLN_000000000043193,ok,첨부파일,2019년 천안시 나들가게 육성 선도지역 지원사업 모집 공고문 및 신청서.hwp,hwp,https://www.bizinfo.go.kr/cmm/fms/fileDown.do?atchFileId=FILE_000000000375063&fileSn=0,1937920,list\PBLN_000000000043193\2019년 천안시 나들가게 육성 선도지역 지원사업 모집 공고문 및 신청서.hwp,
PBLN_000000000040565,no_doc,,,,,0,,
PBLN_000000000044126,ok,첨부파일,신청서식.hwp,hwp,https://www.bizinfo.go.kr/cmm/fms/fileDown.do?atchFileId=FILE_000000000386245&fileSn=1,633856,list\PBLN_000000000044126\신청서식.hwp,
PBLN_000000000041877,ok,첨부파일,2019 청년인턴 취업연계 지원사업 서식.hwp,hwp,https://www.bizinfo.go.kr/cmm/fms/fileDown.do?atchFileId=FILE_000000000359913&fileSn=0,32256,list\PBLN_000000000041877\2019 청년인턴 취업연계 지원사업 서식.hwp,
PBLN_000000000046752,ok,첨부파일,지역ICT기업 인력양성 및 채용 지원사업 공고문 및 신청서.hwp,hwp,https://www.bizinfo.go.kr/cmm/fms/fileDown.do?atchFileId=FILE_000000000415151&fileSn=0,70144,list\PBLN_000000000046752\지역ICT기업 인력양성 및 채용 지원사업 공고문 및 신청서.hwp,
PBLN_000000000046541,ok,첨부파일,[대전] 디지털 리터러시 분야 청년채용지원 참여기업 모집 공고.hwp,hwp,https://www.bizinfo.go.kr/cmm/fms/fileDown.do?atchFileId=FILE_000000000412708&fileSn=0,50688,list\PBLN_000000000046541\[대전] 디지털 리터러시 분야 청년채용지원 참여기업 모집 공고.hwp,
PBLN_000000000046532,ok,첨부파일,"2019년 기업 위기관리(BCP) 협력단 파견 모집 공고(일본 고베, 오사카).hwp",hwp,https://www.bizinfo.go.kr/cmm/fms/fileDown.do?atchFileId=FILE_000000000412659&fileSn=0,1425408,"list\PBLN_000000000046532\2019년 기업 위기관리(BCP) 협력단 파견 모집 공고(일본 고베, 오사카).hwp",
PBLN_000000000046137,ok,첨부파일,[경북] 경산시 청년연구인력 지원사업 참여기업 모집 재공고.hwp,hwp,https://www.bizinfo.go.kr/cmm/fms/fileDown.do?atchFileId=FILE_000000000408683&fileSn=0,23552,list\PBLN_000000000046137\[경북] 경산시 청년연구인력 지원사업 참여기업 모집 재공고.hwp,
PBLN_000000000042243,ok,첨부파일,[울산] 2019년 울산형 청년내일채움공제 사업 공고.hwp,hwp,https://www.bizinfo.go.kr/cmm/fms/fileDown.do?atchFileId=FILE_000000000363524&fileSn=0,30209,list\PBLN_000000000042243\[울산] 2019년 울산형 청년내일채움공제 사업 공고.hwp,
PBLN_000000000043671,ok,첨부파일,[경북] 2019년 중소기업 환경시설 지원사업 공고.hwp,hwp,https://www.bizinfo.go.kr/cmm/fms/fileDown.do?atchFileId=FILE_000000000381074&fileSn=0,55808,list\PBLN_000000000043671\[경북] 2019년 중소기업 환경시설 지원사업 공고.hwp,
PBLN_000000000047288,ok,첨부파일,청년 마을로 프로젝트 3기 4차 참여 사업장 추가 모집 공고문 및 신청서.hwp,hwp,https://www.bizinfo.go.kr/cmm/fms/fileDown.do?atchFileId=FILE_000000000421000&fileSn=0,29184,list\PBLN_000000000047288\청년 마을로 프로젝트 3기 4차 참여 사업장 추가 모집 공고문 및 신청서.hwp,
PBLN_000000000040699,ok,첨부파일,2019 근로자 휴가지원사업 참여모집 공고문.hwp,hwp,https://www.bizinfo.go.kr/cmm/fms/fileDown.do?atchFileId=FILE_000000000348121&fileSn=1,32256,list\PBLN_000000000040699\2019 근로자 휴가지원사업 참여모집 공고문.hwp,
PBLN_000000000040963,ok,첨부파일,사업신청_단계.hwp,hwp,https://www.bizinfo.go.kr/cmm/fms/fileDown.do?atchFileId=FILE_000000000350793&fileSn=3,34304,list\PBLN_000000000040963\사업신청_단계.hwp,
PBLN_000000000047399,no_doc,,,,,0,,
PBLN_000000000042527,ok,첨부파일,2019년 2차 벤처기업 공동채용 지원사업 참여기업 모집 공고 및 신청서.hwp,hwp,https://www.bizinfo.go.kr/cmm/fms/fileDown.do?atchFileId=FILE_000000000366441&fileSn=0,69632,list\PBLN_000000000042527\2019년 2차 벤처기업 공동채용 지원사업 참여기업 모집 공고 및 신청서.hwp,
PBLN_000000000046535,ok,첨부파일,[전북] 2019년 4차 사회적기업 재정지원사업 공고.hwp,hwp,https://www.bizinfo.go.kr/cmm/fms/fileDown.do?atchFileId=FILE_000000000412741&fileSn=0,353792,list\PBLN_000000000046535\[전북] 2019년 4차 사회적기업 재정지원사업 공고.hwp,
PBLN_000000000040942,ok,첨부파일,신청서.hwp,hwp,https://www.bizinfo.go.kr/cmm/fms/fileDown.do?atchFileId=FILE_000000000350453&fileSn=0,27136,list\PBLN_000000000040942\신청서.hwp,
PBLN_000000000044489,ok,첨부파일,2019 창업기업청년일자리 지원사업 공고문.hwp,hwp,https://www.bizinfo.go.kr/cmm/fms/fileDown.do?atchFileId=FILE_000000000390303&fileSn=0,18944,list\PBLN_000000000044489\2019 창업기업청년일자리 지원사업 공고문.hwp,
PBLN_000000000040041,ok,첨부파일,2019년 수출기업 인력뱅크 지원 사업 추가 신청 안내.hwp,hwp,https://www.bizinfo.go.kr/cmm/fms/fileDown.do?atchFileId=FILE_000000000341763&fileSn=0,24064,list\PBLN_000000000040041\2019년 수출기업 인력뱅크 지원 사업 추가 신청 안내.hwp,
PBLN_000000000043384,ok,첨부파일,신청서식.hwp,hwp,https://www.bizinfo.go.kr/cmm/fms/fileDown.do?atchFileId=FILE_000000000377208&fileSn=1,30208,list\PBLN_000000000043384\신청서식.hwp,
PBLN_000000000041329,ok,첨부파일,참여기관 신청서.hwp,hwp,https://www.bizinfo.go.kr/cmm/fms/fileDown.do?atchFileId=FILE_000000000354221&fileSn=1,50176,list\PBLN_000000000041329\참여기관 신청서.hwp,
PBLN_000000000047149,ok,첨부파일,LNG특화설계 엔지니어링 대중소협력기술지원사업 참여기업 모집 공고문.hwp,hwp,https://www.bizinfo.go.kr/cmm/fms/fileDown.do?atchFileId=FILE_000000000419658&fileSn=0,20480,list\PBLN_000000000047149\LNG특화설계 엔지니어링 대중소협력기술지원사업 참여기업 모집 공고문.hwp,
PBLN_000000000044936,ok,첨부파일,내일채움공제_청년재직자내일채움공제.pdf,pdf,https://www.bizinfo.go.kr/cmm/fms/fileDown.do?atchFileId=FILE_000000000395470&fileSn=2,296759,list\PBLN_000000000044936\내일채움공제_청년재직자내일채움공제.pdf,
PBLN_000000000044119,ok,첨부파일,마을기업 사무장 지원사업 2차 참여사업장 모집 공고문.hwp,hwp,https://www.bizinfo.go.kr/cmm/fms/fileDown.do?atchFileId=FILE_000000000386425&fileSn=0,36352,list\PBLN_000000000044119\마을기업 사무장 지원사업 2차 참여사업장 모집 공고문.hwp,
PBLN_000000000043973,ok,첨부파일,[제주] 2019년 2차 (예비)사회적기업 일자리창출사업(재심사) 참여기업 모집 공고.hwp,hwp,https://www.bizinfo.go.kr/cmm/fms/fileDown.do?atchFileId=FILE_000000000384476&fileSn=0,178689,list\PBLN_000000000043973\[제주] 2019년 2차 (예비)사회적기업 일자리창출사업(재심사) 참여기업 모집 공고.hwp,
PBLN_000000000040705,ok,첨부파일,2019년 여성근로자 근무환경개선 자금 지원 참가업체 모집 공고문.hwp,hwp,https://www.bizinfo.go.kr/cmm/fms/fileDown.do?atchFileId=FILE_000000000348208&fileSn=0,20992,list\PBLN_000000000040705\2019년 여성근로자 근무환경개선 자금 지원 참가업체 모집 공고문.hwp,
PBLN_000000000041205,ok,첨부파일,2019년 제1차 예비사회적기업지정 및 일자리창출사업 공고문 및 신청서.hwp,hwp,https://www.bizinfo.go.kr/cmm/fms/fileDown.do?atchFileId=FILE_000000000352924&fileSn=0,311296,list\PBLN_000000000041205\2019년 제1차 예비사회적기업지정 및 일자리창출사업 공고문 및 신청서.hwp,
PBLN_000000000046319,ok,첨부파일,[전북] 2019년 지역주도형 청년일자리 청년전북 뉴웨이브 지원사업 참여기업 모집 수정공고.hwp,hwp,https://www.bizinfo.go.kr/cmm/fms/fileDown.do?atchFileId=FILE_000000000410610&fileSn=1,31744,list\PBLN_000000000046319\[전북] 2019년 지역주도형 청년일자리 청년전북 뉴웨이브 지원사업 참여기업 모집 수정공고.hwp,
PBLN_000000000041403,ok,첨부파일,고용친화대표기업 청년 채용지원 사업 시행 공고문 및 신청서.hwp,hwp,https://www.bizinfo.go.kr/cmm/fms/fileDown.do?atchFileId=FILE_000000000354835&fileSn=0,32768,list\PBLN_000000000041403\고용친화대표기업 청년 채용지원 사업 시행 공고문 및 신청서.hwp,
PBLN_000000000046129,ok,첨부파일,[경남] 진주시 2019년 기업환경개선사업 업체 모집 공고.hwp,hwp,https://www.bizinfo.go.kr/cmm/fms/fileDown.do?atchFileId=FILE_000000000408394&fileSn=0,29184,list\PBLN_000000000046129\[경남] 진주시 2019년 기업환경개선사업 업체 모집 공고.hwp,
PBLN_000000000043311,ok,첨부파일,[전북] (예비)사회적기업 일자리창출사업(신규ㆍ재심사) 지원사업(2019년 2차 (예비)사회적기업 재정지원사업.hwp,hwp,https://www.bizinfo.go.kr/cmm/fms/fileDown.do?atchFileId=FILE_000000000376365&fileSn=0,393216,list\PBLN_000000000043311\[전북] (예비)사회적기업 일자리창출사업(신규ㆍ재심사) 지원사업(2019년 2차 (예비)사회적기업 재정지원사업.hwp,
PBLN_000000000047547,ok,첨부파일,경기북부영세사업장 청정연료 전환 사업 지원사업장 제2차 추가 선정 공고문 및 신청서.hwp,hwp,https://www.bizinfo.go.kr/cmm/fms/fileDown.do?atchFileId=FILE_000000000423674&fileSn=0,1015808,list\PBLN_000000000047547\경기북부영세사업장 청정연료 전환 사업 지원사업장 제2차 추가 선정 공고문 및 신청서.hwp,
PBLN_000000000041197,ok,첨부파일,2019 지역성장 도약기업 청년일자리지원사업 신청서.hwp,hwp,https://www.bizinfo.go.kr/cmm/fms/fileDown.do?atchFileId=FILE_000000000353078&fileSn=1,75776,list\PBLN_000000000041197\2019 지역성장 도약기업 청년일자리지원사업 신청서.hwp,
PBLN_000000000045253,ok,첨부파일,신청서 등.hwp,hwp,https://www.bizinfo.go.kr/cmm/fms/fileDown.do?atchFileId=FILE_000000000398614&fileSn=0,20992,list\PBLN_000000000045253\신청서 등.hwp,
PBLN_000000000044209,ok,첨부파일,2019 기업부설연구소 R&D 인력지원사업 기업모집공고문.hwp,hwp,https://www.bizinfo.go.kr/cmm/fms/fileDown.do?atchFileId=FILE_000000000387291&fileSn=0,81920,list\PBLN_000000000044209\2019 기업부설연구소 R&D 인력지원사업 기업모집공고문.hwp,
PBLN_000000000045649,ok,첨부파일,2019년 제3기 강남구 중소기업 청년인턴십 기업 및 인턴모집 공고문 및 신청서.hwp,hwp,https://www.bizinfo.go.kr/cmm/fms/fileDown.do?atchFileId=FILE_000000000402730&fileSn=0,81920,list\PBLN_000000000045649\2019년 제3기 강남구 중소기업 청년인턴십 기업 및 인턴모집 공고문 및 신청서.hwp,
PBLN_000000000040714,ok,첨부파일,2019년 대구형 청년내일채움공제 시행 공고문 및 신청서.hwp,hwp,https://www.bizinfo.go.kr/cmm/fms/fileDown.do?atchFileId=FILE_000000000348310&fileSn=0,49152,list\PBLN_000000000040714\2019년 대구형 청년내일채움공제 시행 공고문 및 신청서.hwp,
PBLN_000000000042290,ok,첨부파일,2019년 청주시 뿌리기업지원 공고문.hwp,hwp,https://www.bizinfo.go.kr/cmm/fms/fileDown.do?atchFileId=FILE_000000000364152&fileSn=0,31744,list\PBLN_000000000042290\2019년 청주시 뿌리기업지원 공고문.hwp,
PBLN_000000000040742,ok,첨부파일,[경남] 2019년 1차 (예비)사회적기업 일자리창출사업 신규(재참여) 및 재심사 참여기업 공고.hwp,hwp,https://www.bizinfo.go.kr/cmm/fms/fileDown.do?atchFileId=FILE_000000000348457&fileSn=0,212992,list\PBLN_000000000040742\[경남] 2019년 1차 (예비)사회적기업 일자리창출사업 신규(재참여) 및 재심사 참여기업 공고.hwp,
PBLN_000000000042324,ok,첨부파일,2019년 에너지신산업 글로벌 인재양성 신규지원 대상과제 연장공고.hwp,hwp,https://www.bizinfo.go.kr/cmm/fms/fileDown.do?atchFileId=FILE_000000000364475&fileSn=1,49152,list\PBLN_000000000042324\2019년 에너지신산업 글로벌 인재양성 신규지원 대상과제 연장공고.hwp,
PBLN_000000000040157,ok,첨부파일,지원업종_증빙서류_-_[별첨]_취업취약계층범위_및_확인방법.hwp,hwp,https://www.bizinfo.go.kr/cmm/fms/fileDown.do?atchFileId=FILE_000000000342945&fileSn=0,32768,list\PBLN_000000000040157\지원업종_증빙서류_-_[별첨]_취업취약계층범위_및_확인방법.hwp,
PBLN_000000000040071,ok,첨부파일,[부산] 2019년 B-스타트UP 청년인재 발굴 매칭사업 참가기업 모집공고.hwp,hwp,https://www.bizinfo.go.kr/cmm/fms/fileDown.do?atchFileId=FILE_000000000342161&fileSn=0,663040,list\PBLN_000000000040071\[부산] 2019년 B-스타트UP 청년인재 발굴 매칭사업 참가기업 모집공고.hwp,
PBLN_000000000042778,ok,첨부파일,2019년 중소기업 유급휴가훈련 지원사업 참여기업 모집 공고.hwp,hwp,https://www.bizinfo.go.kr/cmm/fms/fileDown.do?atchFileId=FILE_000000000369665&fileSn=0,49152,list\PBLN_000000000042778\2019년 중소기업 유급휴가훈련 지원사업 참여기업 모집 공고.hwp,
PBLN_000000000045956,ok,첨부파일,2019년+경북형+사회적경제+청년+일자리+참여기업+3차모집+공고문190812.hwp,hwp,https://www.bizinfo.go.kr/cmm/fms/fileDown.do?atchFileId=FILE_000000000406465&fileSn=0,48128,list\PBLN_000000000045956\2019년+경북형+사회적경제+청년+일자리+참여기업+3차모집+공고문190812.hwp,
PBLN_000000000041430,ok,첨부파일,[충남] 2019년 충남 지역대학 인재의 장학금 및 취업지원 사업 참여기업 모집 공고.hwp,hwp,https://www.bizinfo.go.kr/cmm/fms/fileDown.do?atchFileId=FILE_000000000355249&fileSn=0,144896,list\PBLN_000000000041430\[충남] 2019년 충남 지역대학 인재의 장학금 및 취업지원 사업 참여기업 모집 공고.hwp,
PBLN_000000000046031,ok,첨부파일,2019년 일자리창출기업 청년일자리 지원사업 참여자 모집 공고문(일자리창출기업추가모집).hwp,hwp,https://www.bizinfo.go.kr/cmm/fms/fileDown.do?atchFileId=FILE_000000000407173&fileSn=0,29185,list\PBLN_000000000046031\2019년 일자리창출기업 청년일자리 지원사업 참여자 모집 공고문(일자리창출기업추가모집).hwp,
PBLN_000000000042504,ok,첨부파일,[울산] 2019년 상반기 (예비)사회적기업 일자리창출사업 참여기업(신규ㆍ재심사ㆍ재참여) 모집 공고.hwp,hwp,https://www.bizinfo.go.kr/cmm/fms/fileDown.do?atchFileId=FILE_000000000366108&fileSn=0,279553,list\PBLN_000000000042504\[울산] 2019년 상반기 (예비)사회적기업 일자리창출사업 참여기업(신규ㆍ재심사ㆍ재참여) 모집 공고.hwp,
PBLN_000000000039853,ok,첨부파일,[경북] 2019년 공예업체 인턴사원 지원사업 희망업체 모집 공고.hwp,hwp,https://www.bizinfo.go.kr/cmm/fms/fileDown.do?atchFileId=FILE_000000000340017&fileSn=0,23040,list\PBLN_000000000039853\[경북] 2019년 공예업체 인턴사원 지원사업 희망업체 모집 공고.hwp,
PBLN_000000000045051,ok,첨부파일,[대구] 2019년 2차 제조업종 청년 일꾼 채용지원사업 참여기업 추가 모집 공고(지역주도형 청년일자리 사업).hwp,hwp,https://www.bizinfo.go.kr/cmm/fms/fileDown.do?atchFileId=FILE_000000000396611&fileSn=0,65536,list\PBLN_000000000045051\[대구] 2019년 2차 제조업종 청년 일꾼 채용지원사업 참여기업 추가 모집 공고(지역주도형 청년일자리 사업).hwp,
PBLN_000000000045685,ok,첨부파일,[세종] 2019년 3차 (예비)사회적기업 지정 및 재정지원 공고.hwp,hwp,https://www.bizinfo.go.kr/cmm/fms/fileDown.do?atchFileId=FILE_000000000403056&fileSn=0,1523200,list\PBLN_000000000045685\[세종] 2019년 3차 (예비)사회적기업 지정 및 재정지원 공고.hwp,
PBLN_000000000040117,ok,첨부파일,2019 제주 미래를 선도할 청년 인재 육성사업 공고문 및 신청서.hwp,hwp,https://www.bizinfo.go.kr/cmm/fms/fileDown.do?atchFileId=FILE_000000000342597&fileSn=0,212480,list\PBLN_000000000040117\2019 제주 미래를 선도할 청년 인재 육성사업 공고문 및 신청서.hwp,
PBLN_000000000047133,ok,첨부파일,창업기업 참가신청서.hwp,hwp,https://www.bizinfo.go.kr/cmm/fms/fileDown.do?atchFileId=FILE_000000000419565&fileSn=0,24576,list\PBLN_000000000047133\창업기업 참가신청서.hwp,
PBLN_000000000040100,ok,첨부파일,[광주] 2019년 사회적기업 사회보험료 지원사업 공고.hwp,hwp,https://www.bizinfo.go.kr/cmm/fms/fileDown.do?atchFileId=FILE_000000000342538&fileSn=0,143361,list\PBLN_000000000040100\[광주] 2019년 사회적기업 사회보험료 지원사업 공고.hwp,
PBLN_000000000041327,ok,첨부파일,2019년 고령자친화기업 지원사업 공모.hwp,hwp,https://www.bizinfo.go.kr/cmm/fms/fileDown.do?atchFileId=FILE_000000000354180&fileSn=0,180224,list\PBLN_000000000041327\2019년 고령자친화기업 지원사업 공모.hwp,
PBLN_000000000047812,ok,첨부파일,[전남] 2019년 현장 전문인력양성 교육 사업 공고(뿌리산업 선도기업 전문인력양성사업).hwp,hwp,https://www.bizinfo.go.kr/cmm/fms/fileDown.do?atchFileId=FILE_000000000426655&fileSn=0,109056,list\PBLN_000000000047812\[전남] 2019년 현장 전문인력양성 교육 사업 공고(뿌리산업 선도기업 전문인력양성사업).hwp,
PBLN_000000000041120,ok,첨부파일,2019년 제1차 (예비)사회적기업 일자리창출사업 공모사업 공고문 및 신청서.hwp,hwp,https://www.bizinfo.go.kr/cmm/fms/fileDown.do?atchFileId=FILE_000000000352335&fileSn=0,278528,list\PBLN_000000000041120\2019년 제1차 (예비)사회적기업 일자리창출사업 공모사업 공고문 및 신청서.hwp,
PBLN_000000000054898,ok,첨부파일,[부산] 2020년 1인 소상공인 고용ㆍ산재보험료 지원사업 공고.hwp,hwp,https://www.bizinfo.go.kr/cmm/fms/fileDown.do?atchFileId=FILE_000000000499723&fileSn=0,45056,list\PBLN_000000000054898\[부산] 2020년 1인 소상공인 고용ㆍ산재보험료 지원사업 공고.hwp,
PBLN_000000000054483,ok,첨부파일,2020년 상반기 (예비)사회적기업 일자리창출사업(재심사) 참여기업 모집 공고.hwp,hwp,https://www.bizinfo.go.kr/cmm/fms/fileDown.do?atchFileId=FILE_000000000495433&fileSn=0,158208,list\PBLN_000000000054483\2020년 상반기 (예비)사회적기업 일자리창출사업(재심사) 참여기업 모집 공고.hwp,
PBLN_000000000059424,ok,첨부파일,[경북] 2020년 2차 부자상인 키움 사업 모집 연장 공고.hwp,hwp,https://www.bizinfo.go.kr/cmm/fms/fileDown.do?atchFileId=FILE_000000000545191&fileSn=0,186368,list\PBLN_000000000059424\[경북] 2020년 2차 부자상인 키움 사업 모집 연장 공고.hwp,
PBLN_000000000057019,ok,첨부파일,여성이 일하기 좋은 기업 환경개선사업 참여기업 모집 재공고.hwp,hwp,https://www.bizinfo.go.kr/cmm/fms/fileDown.do?atchFileId=FILE_000000000520218&fileSn=0,16897,list\PBLN_000000000057019\여성이 일하기 좋은 기업 환경개선사업 참여기업 모집 재공고.hwp,
PBLN_000000000051375,ok,첨부파일,제출서류.hwp,hwp,https://www.bizinfo.go.kr/cmm/fms/fileDown.do?atchFileId=FILE_000000000466046&fileSn=1,19456,list\PBLN_000000000051375\제출서류.hwp,
PBLN_000000000051562,ok,첨부파일,[울산] 중소기업 청년인턴 지원사업 참여기업 추가모집 공고.hwp,hwp,https://www.bizinfo.go.kr/cmm/fms/fileDown.do?atchFileId=FILE_000000000467550&fileSn=0,80896,list\PBLN_000000000051562\[울산] 중소기업 청년인턴 지원사업 참여기업 추가모집 공고.hwp,
PBLN_000000000049480,ok,첨부파일,[대구] 2020년 중장년 중소기업 취업지원사업 시행 공고.hwp,hwp,https://www.bizinfo.go.kr/cmm/fms/fileDown.do?atchFileId=FILE_000000000446925&fileSn=0,80896,list\PBLN_000000000049480\[대구] 2020년 중장년 중소기업 취업지원사업 시행 공고.hwp,
PBLN_000000000049772,ok,첨부파일,기업부설연구소 R&D 경영 등 인력지원사업 모집공고문.hwp,hwp,https://www.bizinfo.go.kr/cmm/fms/fileDown.do?atchFileId=FILE_000000000449682&fileSn=0,81920,list\PBLN_000000000049772\기업부설연구소 R&D 경영 등 인력지원사업 모집공고문.hwp,
PBLN_000000000050852,ok,첨부파일,[충북] 2020년 2차 청년일자리 우수기업 청년채용 지원사업 모집 공고(지역주도형 청년일자리사업).pdf,pdf,https://www.bizinfo.go.kr/cmm/fms/fileDown.do?atchFileId=FILE_000000000461094&fileSn=0,176483,list\PBLN_000000000050852\[충북] 2020년 2차 청년일자리 우수기업 청년채용 지원사업 모집 공고(지역주도형 청년일자리사업).pdf,
PBLN_000000000051135,ok,첨부파일,2020년 현장코칭 숙련인력 양성사업 참여기업 및 참여자 모집 공고.hwp,hwp,https://www.bizinfo.go.kr/cmm/fms/fileDown.do?atchFileId=FILE_000000000463869&fileSn=0,29696,list\PBLN_000000000051135\2020년 현장코칭 숙련인력 양성사업 참여기업 및 참여자 모집 공고.hwp,
PBLN_000000000058448,ok,첨부파일,2020년 중소기업 계약학과 신입학 모집 공고(성균관대학교 스마트팩토리융합학과 석사과정).pdf,pdf,https://www.bizinfo.go.kr/cmm/fms/fileDown.do?atchFileId=FILE_000000000535032&fileSn=0,1059068,list\PBLN_000000000058448\2020년 중소기업 계약학과 신입학 모집 공고(성균관대학교 스마트팩토리융합학과 석사과정).pdf,
PBLN_000000000052025,ok,첨부파일,2020년 미세먼지 저감장치 실증사업 참여기업 모집 공고문.hwp,hwp,https://www.bizinfo.go.kr/cmm/fms/fileDown.do?atchFileId=FILE_000000000472510&fileSn=0,41984,list\PBLN_000000000052025\2020년 미세먼지 저감장치 실증사업 참여기업 모집 공고문.hwp,
PBLN_000000000056628,ok,첨부파일,[충북] 2020년 하반기 (예비)사회적기업 일자리창출사업 모집 공고.hwp,hwp,https://www.bizinfo.go.kr/cmm/fms/fileDown.do?atchFileId=FILE_000000000516194&fileSn=0,296449,list\PBLN_000000000056628\[충북] 2020년 하반기 (예비)사회적기업 일자리창출사업 모집 공고.hwp,
PBLN_000000000057119,ok,첨부파일,[전북] 군산시 2020년 지역주도형 청년일자리사업 참여사업장 모집 공고.hwp,hwp,https://www.bizinfo.go.kr/cmm/fms/fileDown.do?atchFileId=FILE_000000000520895&fileSn=0,35328,list\PBLN_000000000057119\[전북] 군산시 2020년 지역주도형 청년일자리사업 참여사업장 모집 공고.hwp,
PBLN_000000000048507,ok,첨부파일,2020년 경남 1인 자영업자 고용보험 가입지원 사업 공고문.hwp,hwp,https://www.bizinfo.go.kr/cmm/fms/fileDown.do?atchFileId=FILE_000000000436063&fileSn=0,32768,list\PBLN_000000000048507\2020년 경남 1인 자영업자 고용보험 가입지원 사업 공고문.hwp,
PBLN_000000000051845,ok,첨부파일,2020년 근무혁신 인센티브제 참여기업 신청 공고.hwp,hwp,https://www.bizinfo.go.kr/cmm/fms/fileDown.do?atchFileId=FILE_000000000470728&fileSn=0,81920,list\PBLN_000000000051845\2020년 근무혁신 인센티브제 참여기업 신청 공고.hwp,
PBLN_000000000057342,ok,첨부파일,[서울] 2020년 하반기 (예비)사회적기업 일자리창출사업(재심사) 참여기업 모집 공고(코로나19 피해기업 재심사 참여허용).hwp,hwp,https://www.bizinfo.go.kr/cmm/fms/fileDown.do?atchFileId=FILE_000000000522961&fileSn=0,158208,list\PBLN_000000000057342\[서울] 2020년 하반기 (예비)사회적기업 일자리창출사업(재심사) 참여기업 모집 공고(코로나19 피해기업 재심사 참여허용).hwp,
PBLN_000000000056105,ok,첨부파일,2020년 2차 중소기업 연구인력지원사업 시행계획 공고.hwp,hwp,https://www.bizinfo.go.kr/cmm/fms/fileDown.do?atchFileId=FILE_000000000510509&fileSn=0,59904,list\PBLN_000000000056105\2020년 2차 중소기업 연구인력지원사업 시행계획 공고.hwp,
PBLN_000000000054716,ok,첨부파일,20년_식품기업연계_인턴십_모집공고.hwp,hwp,https://www.bizinfo.go.kr/cmm/fms/fileDown.do?atchFileId=FILE_000000000498331&fileSn=0,143872,list\PBLN_000000000054716\20년_식품기업연계_인턴십_모집공고.hwp,
PBLN_000000000057874,ok,첨부파일,[광주] 전략산업 및 지식서비스업 청년채용 지원사업 참여기업 추가 모집 공고.hwp,hwp,https://www.bizinfo.go.kr/cmm/fms/fileDown.do?atchFileId=FILE_000000000528225&fileSn=0,31232,list\PBLN_000000000057874\[광주] 전략산업 및 지식서비스업 청년채용 지원사업 참여기업 추가 모집 공고.hwp,
PBLN_000000000058371,ok,첨부파일,제2차 서울시 우수스타트업 기술인력 인건비 지원 사업.pdf,pdf,https://www.bizinfo.go.kr/cmm/fms/fileDown.do?atchFileId=FILE_000000000534501&fileSn=0,163881,list\PBLN_000000000058371\제2차 서울시 우수스타트업 기술인력 인건비 지원 사업.pdf,
PBLN_000000000059572,ok,첨부파일,[충북] 2020년 7차 지역정착지원형 청년일자리사업 참여기업 추가 모집 공고.pdf,pdf,https://www.bizinfo.go.kr/cmm/fms/fileDown.do?atchFileId=FILE_000000000547010&fileSn=0,140611,list\PBLN_000000000059572\[충북] 2020년 7차 지역정착지원형 청년일자리사업 참여기업 추가 모집 공고.pdf,
PBLN_000000000049925,ok,첨부파일,2020년 부산청년 파란일자리사업 공고문.hwp,hwp,https://www.bizinfo.go.kr/cmm/fms/fileDown.do?atchFileId=FILE_000000000451409&fileSn=0,32768,list\PBLN_000000000049925\2020년 부산청년 파란일자리사업 공고문.hwp,
PBLN_000000000048940,ok,첨부파일,2020년 제1차 (예비)사회적기업 일자리창출사업 공고문.hwp,hwp,https://www.bizinfo.go.kr/cmm/fms/fileDown.do?atchFileId=FILE_000000000440463&fileSn=0,245760,list\PBLN_000000000048940\2020년 제1차 (예비)사회적기업 일자리창출사업 공고문.hwp,
PBLN_000000000050686,ok,첨부파일,[광주] 2020년도 마을기업 청년취업 지원사업  참여마을기업 추가모집 공고.hwp,hwp,https://www.bizinfo.go.kr/cmm/fms/fileDown.do?atchFileId=FILE_000000000459012&fileSn=0,32256,list\PBLN_000000000050686\[광주] 2020년도 마을기업 청년취업 지원사업  참여마을기업 추가모집 공고.hwp,
PBLN_000000000056978,ok,첨부파일,(붙임2)_2020 충북 청년인재 맞춤형 청년일자리 지원사업 신청서류.hwp,hwp,https://www.bizinfo.go.kr/cmm/fms/fileDown.do?atchFileId=FILE_000000000519737&fileSn=1,85504,list\PBLN_000000000056978\(붙임2)_2020 충북 청년인재 맞춤형 청년일자리 지원사업 신청서류.hwp,
PBLN_000000000050141,ok,첨부파일,[충북] 2020년 청년일자리 우수기업 지원사업 모집 공고.hwp,hwp,https://www.bizinfo.go.kr/cmm/fms/fileDown.do?atchFileId=FILE_000000000453482&fileSn=0,22528,list\PBLN_000000000050141\[충북] 2020년 청년일자리 우수기업 지원사업 모집 공고.hwp,
PBLN_000000000054841,ok,첨부파일,5060 이음 일자리 사업 참여기업 2기 모집 공고.pdf,pdf,https://www.bizinfo.go.kr/cmm/fms/fileDown.do?atchFileId=FILE_000000000498966&fileSn=1,300312,list\PBLN_000000000054841\5060 이음 일자리 사업 참여기업 2기 모집 공고.pdf,
PBLN_000000000050967,ok,첨부파일,[전북] 2020년 뿌리기업 그린환경 시스템 구축지원 사업 공고.pdf,pdf,https://www.bizinfo.go.kr/cmm/fms/fileDown.do?atchFileId=FILE_000000000461985&fileSn=0,257957,list\PBLN_000000000050967\[전북] 2020년 뿌리기업 그린환경 시스템 구축지원 사업 공고.pdf,
PBLN_000000000051802,ok,첨부파일,[제주] 2020년 1분기 노인고용촉진장려금 신청 공고.hwp,hwp,https://www.bizinfo.go.kr/cmm/fms/fileDown.do?atchFileId=FILE_000000000470090&fileSn=0,36864,list\PBLN_000000000051802\[제주] 2020년 1분기 노인고용촉진장려금 신청 공고.hwp,
PBLN_000000000056977,ok,첨부파일,신청서.hwp,hwp,https://www.bizinfo.go.kr/cmm/fms/fileDown.do?atchFileId=FILE_000000000519710&fileSn=1,29696,list\PBLN_000000000056977\신청서.hwp,
PBLN_000000000049341,ok,첨부파일,[부산] 2020년 B-스타트UP 청년인재 발굴 매칭사업 참가기업 모집 공고.hwp,hwp,https://www.bizinfo.go.kr/cmm/fms/fileDown.do?atchFileId=FILE_000000000445197&fileSn=0,211456,list\PBLN_000000000049341\[부산] 2020년 B-스타트UP 청년인재 발굴 매칭사업 참가기업 모집 공고.hwp,
PBLN_000000000053461,ok,첨부파일,[인천] 2020년 국내외 투자기업 고용보조금 지원계획 공고.hwp,hwp,https://www.bizinfo.go.kr/cmm/fms/fileDown.do?atchFileId=FILE_000000000485957&fileSn=0,29697,list\PBLN_000000000053461\[인천] 2020년 국내외 투자기업 고용보조금 지원계획 공고.hwp,
PBLN_000000000048543,ok,첨부파일,2020 고용장려금지원제도.pdf,pdf,https://www.bizinfo.go.kr/cmm/fms/fileDown.do?atchFileId=FILE_000000000436460&fileSn=0,72403496,list\PBLN_000000000048543\2020 고용장려금지원제도.pdf,
PBLN_000000000050895,ok,첨부파일,유연근무제 지원 QnA.hwp,hwp,https://www.bizinfo.go.kr/cmm/fms/fileDown.do?atchFileId=FILE_000000000461441&fileSn=1,62976,list\PBLN_000000000050895\유연근무제 지원 QnA.hwp,
PBLN_000000000050824,ok,첨부파일,2020 창업기업 청년일자리 지원사업 공고문.pdf,pdf,https://www.bizinfo.go.kr/cmm/fms/fileDown.do?atchFileId=FILE_000000000460479&fileSn=0,113239,list\PBLN_000000000050824\2020 창업기업 청년일자리 지원사업 공고문.pdf,
PBLN_000000000059348,ok,첨부파일,협동조합-프리랜서-지원사업-공고문.hwp,hwp,https://www.bizinfo.go.kr/cmm/fms/fileDown.do?atchFileId=FILE_000000000544519&fileSn=1,16896,list\PBLN_000000000059348\협동조합-프리랜서-지원사업-공고문.hwp,
PBLN_000000000049667,ok,첨부파일,2020년 청년 근속장려금 지원사업 참가기업 모집 공고.hwp,hwp,https://www.bizinfo.go.kr/cmm/fms/fileDown.do?atchFileId=FILE_000000000448773&fileSn=0,19968,list\PBLN_000000000049667\2020년 청년 근속장려금 지원사업 참가기업 모집 공고.hwp,
PBLN_000000000059581,ok,첨부파일,2020년 7차 벤처기업 공동채용사업 참여기업 모집 공고.hwp,hwp,https://www.bizinfo.go.kr/cmm/fms/fileDown.do?atchFileId=FILE_000000000546952&fileSn=0,32768,list\PBLN_000000000059581\2020년 7차 벤처기업 공동채용사업 참여기업 모집 공고.hwp,
PBLN_000000000049782,ok,첨부파일,2020년 청년활동가 양성사업 참여 추가 모집 공고문 및 신청서.hwp,hwp,https://www.bizinfo.go.kr/cmm/fms/fileDown.do?atchFileId=FILE_000000000449861&fileSn=1,39424,list\PBLN_000000000049782\2020년 청년활동가 양성사업 참여 추가 모집 공고문 및 신청서.hwp,
PBLN_000000000050730,ok,첨부파일,2020년 면접비 지원사업 참가기업 모집 공고.hwp,hwp,https://www.bizinfo.go.kr/cmm/fms/fileDown.do?atchFileId=FILE_000000000459599&fileSn=0,31744,list\PBLN_000000000050730\2020년 면접비 지원사업 참가기업 모집 공고.hwp,
PBLN_000000000056629,ok,첨부파일,스마트팜 분야 특화 청년디지털일자리 사업 추가모집 공고.hwp,hwp,https://www.bizinfo.go.kr/cmm/fms/fileDown.do?atchFileId=FILE_000000000516189&fileSn=1,254976,list\PBLN_000000000056629\스마트팜 분야 특화 청년디지털일자리 사업 추가모집 공고.hwp,
PBLN_000000000059468,ok,첨부파일,2021년도 농식품 기술융합 창의인재양성사업 시행계획 공고.hwp,hwp,https://www.bizinfo.go.kr/cmm/fms/fileDown.do?atchFileId=FILE_000000000545616&fileSn=0,262144,list\PBLN_000000000059468\2021년도 농식품 기술융합 창의인재양성사업 시행계획 공고.hwp,
PBLN_000000000055788,ok,첨부파일,2020년 3차 중소기업 공동직장어린이집 설치비 지원사업자 공모.hwp,hwp,https://www.bizinfo.go.kr/cmm/fms/fileDown.do?atchFileId=FILE_000000000507574&fileSn=0,79872,list\PBLN_000000000055788\2020년 3차 중소기업 공동직장어린이집 설치비 지원사업자 공모.hwp,
PBLN_000000000054298,ok,첨부파일,노동시간 단축 정착지원사업 공고.hwp,hwp,https://www.bizinfo.go.kr/cmm/fms/fileDown.do?atchFileId=FILE_000000000494044&fileSn=0,49152,list\PBLN_000000000054298\노동시간 단축 정착지원사업 공고.hwp,
PBLN_000000000052313,ok,첨부파일,2020 상반기 예비사회적기업 일자리창출 공고문.hwp,hwp,https://www.bizinfo.go.kr/cmm/fms/fileDown.do?atchFileId=FILE_000000000475289&fileSn=0,292865,list\PBLN_000000000052313\2020 상반기 예비사회적기업 일자리창출 공고문.hwp,
PBLN_000000000053566,ok,첨부파일,[울산] 제1차 3대 주력산업 스마트팩토리구축지원사업(기업 고용지원금) 참여기업 모집 공고.pdf,pdf,https://www.bizinfo.go.kr/cmm/fms/fileDown.do?atchFileId=FILE_000000000487063&fileSn=0,111948,list\PBLN_000000000053566\[울산] 제1차 3대 주력산업 스마트팩토리구축지원사업(기업 고용지원금) 참여기업 모집 공고.pdf,
PBLN_000000000048936,ok,첨부파일,2020년 사회적기업 사회보험료 지원사업 공고문.hwp,hwp,https://www.bizinfo.go.kr/cmm/fms/fileDown.do?atchFileId=FILE_000000000440385&fileSn=0,131072,list\PBLN_000000000048936\2020년 사회적기업 사회보험료 지원사업 공고문.hwp,
PBLN_000000000052827,ok,첨부파일,대구글로벌게임센터 지역 연계형 청년일자리 창출 지원사업 모집 공고문.hwp,hwp,https://www.bizinfo.go.kr/cmm/fms/fileDown.do?atchFileId=FILE_000000000480088&fileSn=0,23040,list\PBLN_000000000052827\대구글로벌게임센터 지역 연계형 청년일자리 창출 지원사업 모집 공고문.hwp,
PBLN_000000000048720,ok,첨부파일,[전북] 전북콘텐츠기업육성센터 콘텐츠기업 전문인력 안성맞춤 프로젝트 공고.pdf,pdf,https://www.bizinfo.go.kr/cmm/fms/fileDown.do?atchFileId=FILE_000000000438329&fileSn=0,279347,list\PBLN_000000000048720\[전북] 전북콘텐츠기업육성센터 콘텐츠기업 전문인력 안성맞춤 프로젝트 공고.pdf,
PBLN_000000000049935,ok,첨부파일,2020년 중소기업 연구인력지원사업 공고.hwp,hwp,https://www.bizinfo.go.kr/cmm/fms/fileDown.do?atchFileId=FILE_000000000451545&fileSn=0,113664,list\PBLN_000000000049935\2020년 중소기업 연구인력지원사업 공고.hwp,
PBLN_000000000053305,ok,첨부파일,[부산ㆍ경남] 2020년 2차 해운ㆍ항만ㆍ물류산업 재취업 지원사업 참여기업 모집 공고.hwp,hwp,https://www.bizinfo.go.kr/cmm/fms/fileDown.do?atchFileId=FILE_000000000484310&fileSn=0,37376,list\PBLN_000000000053305\[부산ㆍ경남] 2020년 2차 해운ㆍ항만ㆍ물류산업 재취업 지원사업 참여기업 모집 공고.hwp,
PBLN_000000000054913,no_doc,,,,,0,,
PBLN_000000000054007,ok,첨부파일,[강원] 기업맞춤형 산학협력 프로젝트(다자간협약) 참여기업 모집 공고(2020년 취업연계IP지역인재양성사업).hwp,hwp,https://www.bizinfo.go.kr/cmm/fms/fileDown.do?atchFileId=FILE_000000000491098&fileSn=0,18944,list\PBLN_000000000054007\[강원] 기업맞춤형 산학협력 프로젝트(다자간협약) 참여기업 모집 공고(2020년 취업연계IP지역인재양성사업).hwp,
PBLN_000000000050260,ok,첨부파일,2020년 2030 U-Dream사업 참가기업 모집 변경공고.hwp,hwp,https://www.bizinfo.go.kr/cmm/fms/fileDown.do?atchFileId=FILE_000000000454786&fileSn=1,131072,list\PBLN_000000000050260\2020년 2030 U-Dream사업 참가기업 모집 변경공고.hwp,
PBLN_000000000053159,ok,첨부파일,아산시 코로나19 피해 소상공인 긴급생활안정자금 지원사업 변경공고.hwp,hwp,https://www.bizinfo.go.kr/cmm/fms/fileDown.do?atchFileId=FILE_000000000483180&fileSn=0,39424,list\PBLN_000000000053159\아산시 코로나19 피해 소상공인 긴급생활안정자금 지원사업 변경공고.hwp,
PBLN_000000000058274,ok,첨부파일,2020년 일학습병행 학습기업 모집 공고 .hwp,hwp,https://www.bizinfo.go.kr/cmm/fms/fileDown.do?atchFileId=FILE_000000000533132&fileSn=0,508416,list\PBLN_000000000058274\2020년 일학습병행 학습기업 모집 공고 .hwp,
PBLN_000000000059324,ok,첨부파일,[경기] 시흥시 코로나19 안심사업장 기업지원 추가모집 변경 공고.hwp,hwp,https://www.bizinfo.go.kr/cmm/fms/fileDown.do?atchFileId=FILE_000000000544168&fileSn=0,118272,list\PBLN_000000000059324\[경기] 시흥시 코로나19 안심사업장 기업지원 추가모집 변경 공고.hwp,
PBLN_000000000058589,ok,첨부파일,6차산업 경영체 활성화 지원지침(안).hwp,hwp,https://www.bizinfo.go.kr/cmm/fms/fileDown.do?atchFileId=FILE_000000000536869&fileSn=0,37376,list\PBLN_000000000058589\6차산업 경영체 활성화 지원지침(안).hwp,
PBLN_000000000053161,ok,첨부파일,200417 코로나19 지역고용대응 특별지원사업 변경(2차) 공고문.hwp,hwp,https://www.bizinfo.go.kr/cmm/fms/fileDown.do?atchFileId=FILE_000000000483150&fileSn=0,1784320,list\PBLN_000000000053161\200417 코로나19 지역고용대응 특별지원사업 변경(2차) 공고문.hwp,
PBLN_000000000049392,ok,첨부파일,2020년 (예비)사회적기업 전문인력 및 사회보험료 지원사업 공고문 및 신청서.hwp,hwp,https://www.bizinfo.go.kr/cmm/fms/fileDown.do?atchFileId=FILE_000000000445843&fileSn=0,294912,list\PBLN_000000000049392\2020년 (예비)사회적기업 전문인력 및 사회보험료 지원사업 공고문 및 신청서.hwp,
PBLN_000000000054373,ok,첨부파일,신청서.hwp,hwp,https://www.bizinfo.go.kr/cmm/fms/fileDown.do?atchFileId=FILE_000000000494652&fileSn=1,18432,list\PBLN_000000000054373\신청서.hwp,
PBLN_000000000049180,ok,첨부파일,지역주도형 청년일자리 사업공고문.hwp,hwp,https://www.bizinfo.go.kr/cmm/fms/fileDown.do?atchFileId=FILE_000000000443395&fileSn=0,98304,list\PBLN_000000000049180\지역주도형 청년일자리 사업공고문.hwp,
PBLN_000000000053813,ok,첨부파일,[서울] 일ㆍ생활균형 서울형 강소기업 모집 공고.hwp,hwp,https://www.bizinfo.go.kr/cmm/fms/fileDown.do?atchFileId=FILE_000000000489543&fileSn=0,750592,list\PBLN_000000000053813\[서울] 일ㆍ생활균형 서울형 강소기업 모집 공고.hwp,
PBLN_000000000056146,ok,첨부파일,신청서.hwp,hwp,https://www.bizinfo.go.kr/cmm/fms/fileDown.do?atchFileId=FILE_000000000510993&fileSn=1,71168,list\PBLN_000000000056146\신청서.hwp,
PBLN_000000000049587,ok,첨부파일,2020년 1차 (예비)사회적기업 지정 및 재정지원 공고문 및 신청서.hwp,hwp,https://www.bizinfo.go.kr/cmm/fms/fileDown.do?atchFileId=FILE_000000000448095&fileSn=0,573440,list\PBLN_000000000049587\2020년 1차 (예비)사회적기업 지정 및 재정지원 공고문 및 신청서.hwp,
PBLN_000000000049401,ok,첨부파일,2020년 (예비)사회적기업 전문인력 지원사업 참여기업 모집 공고문 및 신청서.hwp,hwp,https://www.bizinfo.go.kr/cmm/fms/fileDown.do?atchFileId=FILE_000000000445926&fileSn=0,212992,list\PBLN_000000000049401\2020년 (예비)사회적기업 전문인력 지원사업 참여기업 모집 공고문 및 신청서.hwp,
PBLN_000000000059332,ok,첨부파일,전세버스업 제주형 재난지원금 지원계획 공고(코로나19 극복 지원).hwp,hwp,https://www.bizinfo.go.kr/cmm/fms/fileDown.do?atchFileId=FILE_000000000544287&fileSn=0,17409,list\PBLN_000000000059332\전세버스업 제주형 재난지원금 지원계획 공고(코로나19 극복 지원).hwp,
PBLN_000000000059513,ok,첨부파일,2020년 LNG특화설계엔지니어링 대중소협력 기술지원사업 모집공고문.hwp,hwp,https://www.bizinfo.go.kr/cmm/fms/fileDown.do?atchFileId=FILE_000000000546180&fileSn=0,148992,list\PBLN_000000000059513\2020년 LNG특화설계엔지니어링 대중소협력 기술지원사업 모집공고문.hwp,
PBLN_000000000055108,ok,첨부파일,2020년 일자리창출 우수기업 지원사업 신청기업 모집 통합공고.hwp,hwp,https://www.bizinfo.go.kr/cmm/fms/fileDown.do?atchFileId=FILE_000000000501571&fileSn=0,49152,list\PBLN_000000000055108\2020년 일자리창출 우수기업 지원사업 신청기업 모집 통합공고.hwp,
PBLN_000000000049372,ok,첨부파일,중소기업 청년일자리 지원사업 참여기업 모집공고.hwp,hwp,https://www.bizinfo.go.kr/cmm/fms/fileDown.do?atchFileId=FILE_000000000445866&fileSn=0,34304,list\PBLN_000000000049372\중소기업 청년일자리 지원사업 참여기업 모집공고.hwp,
PBLN_000000000057526,ok,첨부파일,우수스타트업(의료ㆍ비대면 산업) 기술인력 인건비 지원사업 참여기업 모집 공고.pdf,pdf,https://www.bizinfo.go.kr/cmm/fms/fileDown.do?atchFileId=FILE_000000000524805&fileSn=0,129738,list\PBLN_000000000057526\우수스타트업(의료ㆍ비대면 산업) 기술인력 인건비 지원사업 참여기업 모집 공고.pdf,
PBLN_000000000056445,ok,첨부파일,[광주] 2020년 예비사회적기업 인큐베이팅 지원사업 공고.hwp,hwp,https://www.bizinfo.go.kr/cmm/fms/fileDown.do?atchFileId=FILE_000000000514134&fileSn=0,89601,list\PBLN_000000000056445\[광주] 2020년 예비사회적기업 인큐베이팅 지원사업 공고.hwp,
PBLN_000000000056632,ok,첨부파일,청년 디지털 일자리 사업 FAQ.hwp,hwp,https://www.bizinfo.go.kr/cmm/fms/fileDown.do?atchFileId=FILE_000000000516243&fileSn=2,91648,list\PBLN_000000000056632\청년 디지털 일자리 사업 FAQ.hwp,
PBLN_000000000050723,ok,첨부파일,2020년 글로벌 네트워킹 지원사업 참여기업 모집 공고문.pdf,pdf,https://www.bizinfo.go.kr/cmm/fms/fileDown.do?atchFileId=FILE_000000000459325&fileSn=0,118594,list\PBLN_000000000050723\2020년 글로벌 네트워킹 지원사업 참여기업 모집 공고문.pdf,
PBLN_000000000055583,ok,첨부파일,사회적 거리두기 관련 휴업점포(다중이용업소) 재개장 지원 추가모집 공고.hwp,hwp,https://www.bizinfo.go.kr/cmm/fms/fileDown.do?atchFileId=FILE_000000000505922&fileSn=0,98304,list\PBLN_000000000055583\사회적 거리두기 관련 휴업점포(다중이용업소) 재개장 지원 추가모집 공고.hwp,
PBLN_000000000059162,ok,첨부파일,2020년 전남 청년 근속장려금 지원 사업 참여기업 추가 모집 공고(4차).hwp,hwp,https://www.bizinfo.go.kr/cmm/fms/fileDown.do?atchFileId=FILE_000000000542613&fileSn=0,32768,list\PBLN_000000000059162\2020년 전남 청년 근속장려금 지원 사업 참여기업 추가 모집 공고(4차).hwp,
PBLN_000000000049043,ok,첨부파일,2020년 제주청년 뉴딜일자리 사업 참여기업 모집 공고문.pdf,pdf,https://www.bizinfo.go.kr/cmm/fms/fileDown.do?atchFileId=FILE_000000000441349&fileSn=0,162124,list\PBLN_000000000049043\2020년 제주청년 뉴딜일자리 사업 참여기업 모집 공고문.pdf,
PBLN_000000000056525,ok,첨부파일,[부산] B-beauty 차세대 청년일자리 육성 프로젝트 사업 참여기업 및 참여청년(6차) 모집 공고(2020년 지역주도형 청년일자리 사업).hwp,hwp,https://www.bizinfo.go.kr/cmm/fms/fileDown.do?atchFileId=FILE_000000000514882&fileSn=0,38912,list\PBLN_000000000056525\[부산] B-beauty 차세대 청년일자리 육성 프로젝트 사업 참여기업 및 참여청년(6차) 모집 공고(2020년 지역주도형 청년일자리 사업).hwp,
PBLN_000000000049351,ok,첨부파일,달성군 2020년 산업단지 청년근로자 기숙사 임차비 지원사업 공고.pdf,pdf,https://www.bizinfo.go.kr/cmm/fms/fileDown.do?atchFileId=FILE_000000000445342&fileSn=0,317677,list\PBLN_000000000049351\달성군 2020년 산업단지 청년근로자 기숙사 임차비 지원사업 공고.pdf,
PBLN_000000000053711,ok,첨부파일,[경기] 2020년 2차 (예비)사회적기업 일자리창출사업 참가기업 모집 공고.pdf,pdf,https://www.bizinfo.go.kr/cmm/fms/fileDown.do?atchFileId=FILE_000000000488478&fileSn=1,1117678,list\PBLN_000000000053711\[경기] 2020년 2차 (예비)사회적기업 일자리창출사업 참가기업 모집 공고.pdf,
PBLN_000000000053913,ok,첨부파일,2020년 하반기 ICT 학점연계 프로젝트 인턴십 국내과정 사업 공고.hwp,hwp,https://www.bizinfo.go.kr/cmm/fms/fileDown.do?atchFileId=FILE_000000000490381&fileSn=0,51200,list\PBLN_000000000053913\2020년 하반기 ICT 학점연계 프로젝트 인턴십 국내과정 사업 공고.hwp,
PBLN_000000000058993,ok,첨부파일,2020년 전라북도 문화콘텐츠 아카데미 _'인턴십 교육 프로그램_' 참여기업 및 교육생 모집공고.pdf,pdf,https://www.bizinfo.go.kr/cmm/fms/fileDown.do?atchFileId=FILE_000000000540841&fileSn=0,111322,list\PBLN_000000000058993\2020년 전라북도 문화콘텐츠 아카데미 _'인턴십 교육 프로그램_' 참여기업 및 교육생 모집공고.pdf,
PBLN_000000000052598,ok,첨부파일,[경남] 2020년 1인 자영업자 산재보험 가입지원 사업 변경공고.hwp,hwp,https://www.bizinfo.go.kr/cmm/fms/fileDown.do?atchFileId=FILE_000000000478118&fileSn=0,39937,list\PBLN_000000000052598\[경남] 2020년 1인 자영업자 산재보험 가입지원 사업 변경공고.hwp,
PBLN_000000000048825,ok,첨부파일,2020년 해외고급과학자초빙사업 Plus (Brain Pool+) 공고.hwp,hwp,https://www.bizinfo.go.kr/cmm/fms/fileDown.do?atchFileId=FILE_000000000439312&fileSn=0,26624,list\PBLN_000000000048825\2020년 해외고급과학자초빙사업 Plus (Brain Pool+) 공고.hwp,
PBLN_000000000049618,ok,첨부파일,2020년 1차 맞춤형 기술파트너 지원사업 시행계획 공고.hwp,hwp,https://www.bizinfo.go.kr/cmm/fms/fileDown.do?atchFileId=FILE_000000000448602&fileSn=0,82944,list\PBLN_000000000049618\2020년 1차 맞춤형 기술파트너 지원사업 시행계획 공고.hwp,
PBLN_000000000050449,ok,첨부파일,2020년 비정규직 고용구조개선 지원단 컨설팅 사업장 공모.hwp,hwp,https://www.bizinfo.go.kr/cmm/fms/fileDown.do?atchFileId=FILE_000000000456663&fileSn=0,32768,list\PBLN_000000000050449\2020년 비정규직 고용구조개선 지원단 컨설팅 사업장 공모.hwp,
PBLN_000000000050118,ok,첨부파일,"2020년 하반기 ICT학점연계프로젝트인턴십 글로벌 과정 연수업체 모집 공고(미국 실리콘밸리, 일본 도쿄 인턴십).hwp",hwp,https://www.bizinfo.go.kr/cmm/fms/fileDown.do?atchFileId=FILE_000000000453396&fileSn=0,196608,"list\PBLN_000000000050118\2020년 하반기 ICT학점연계프로젝트인턴십 글로벌 과정 연수업체 모집 공고(미국 실리콘밸리, 일본 도쿄 인턴십).hwp",
PBLN_000000000055060,ok,첨부파일,2020년 기업맞춤형 현장훈련 참여기업 모집 공고.hwp,hwp,https://www.bizinfo.go.kr/cmm/fms/fileDown.do?atchFileId=FILE_000000000501541&fileSn=0,212992,list\PBLN_000000000055060\2020년 기업맞춤형 현장훈련 참여기업 모집 공고.hwp,
PBLN_000000000055056,ok,첨부파일,성동구 2020년 성수수제화 제조업체 작업환경 개선 지원사업 공고.pdf,pdf,https://www.bizinfo.go.kr/cmm/fms/fileDown.do?atchFileId=FILE_000000000501450&fileSn=0,399633,list\PBLN_000000000055056\성동구 2020년 성수수제화 제조업체 작업환경 개선 지원사업 공고.pdf,
PBLN_000000000056721,ok,첨부파일,Welcome to 산업단지 기업 환경개선 지원사업 안내문.hwp,hwp,https://www.bizinfo.go.kr/cmm/fms/fileDown.do?atchFileId=FILE_000000000516961&fileSn=0,163840,list\PBLN_000000000056721\Welcome to 산업단지 기업 환경개선 지원사업 안내문.hwp,
PBLN_000000000050678,ok,첨부파일,2020년 노사문화 우수기업 및 대상(大賞) 안내.hwp,hwp,https://www.bizinfo.go.kr/cmm/fms/fileDown.do?atchFileId=FILE_000000000459126&fileSn=0,166912,list\PBLN_000000000050678\2020년 노사문화 우수기업 및 대상(大賞) 안내.hwp,
PBLN_000000000056429,ok,첨부파일,[경기] 2020년 4차 소규모 사업장 방지시설 설치 지원사업 공고.hwp,hwp,https://www.bizinfo.go.kr/cmm/fms/fileDown.do?atchFileId=FILE_000000000514016&fileSn=0,614912,list\PBLN_000000000056429\[경기] 2020년 4차 소규모 사업장 방지시설 설치 지원사업 공고.hwp,
PBLN_000000000049066,ok,첨부파일,2020년 1차 해외고급과학자초빙(Brain Pool)사업 공고.hwp,hwp,https://www.bizinfo.go.kr/cmm/fms/fileDown.do?atchFileId=FILE_000000000441670&fileSn=0,34304,list\PBLN_000000000049066\2020년 1차 해외고급과학자초빙(Brain Pool)사업 공고.hwp,
PBLN_000000000050235,ok,첨부파일,2020년 여성과학기술인 R&D 경력복귀 지원사업(Returner) 수정 공고.pdf,pdf,https://www.bizinfo.go.kr/cmm/fms/fileDown.do?atchFileId=FILE_000000000454588&fileSn=1,669452,list\PBLN_000000000050235\2020년 여성과학기술인 R&D 경력복귀 지원사업(Returner) 수정 공고.pdf,
PBLN_000000000056800,ok,첨부파일,용산구 소상공인 긴급경영안정자금 지원사업 공고(코로나19 피해극복 지원).hwp,hwp,https://www.bizinfo.go.kr/cmm/fms/fileDown.do?atchFileId=FILE_000000000517827&fileSn=0,19456,list\PBLN_000000000056800\용산구 소상공인 긴급경영안정자금 지원사업 공고(코로나19 피해극복 지원).hwp,
PBLN_000000000056623,ok,첨부파일,[충남] 2020년 고용우수기업 인증제 시행 공고.hwp,hwp,https://www.bizinfo.go.kr/cmm/fms/fileDown.do?atchFileId=FILE_000000000516059&fileSn=0,26624,list\PBLN_000000000056623\[충남] 2020년 고용우수기업 인증제 시행 공고.hwp,
PBLN_000000000052825,ok,첨부파일,[서울] 2020년 성평등 일ㆍ생활균형 직장문화조성 맞춤형 컨설팅 기업 모집 공고.hwp,hwp,https://www.bizinfo.go.kr/cmm/fms/fileDown.do?atchFileId=FILE_000000000480062&fileSn=0,16384,list\PBLN_000000000052825\[서울] 2020년 성평등 일ㆍ생활균형 직장문화조성 맞춤형 컨설팅 기업 모집 공고.hwp,
PBLN_000000000055584,ok,첨부파일,2020년도 해외고급과학자초빙사업(Brain Pool) 공고문.hwp,hwp,https://www.bizinfo.go.kr/cmm/fms/fileDown.do?atchFileId=FILE_000000000505947&fileSn=0,34304,list\PBLN_000000000055584\2020년도 해외고급과학자초빙사업(Brain Pool) 공고문.hwp,
PBLN_000000000058757,ok,첨부파일,2020년 6차 벤처기업 공동채용사업 참여기업 모집 공고.hwp,hwp,https://www.bizinfo.go.kr/cmm/fms/fileDown.do?atchFileId=FILE_000000000538452&fileSn=0,32768,list\PBLN_000000000058757\2020년 6차 벤처기업 공동채용사업 참여기업 모집 공고.hwp,
PBLN_000000000056857,ok,첨부파일,여성가족부 성별균형 포용성장 파트너십 자율협약 참여기업 모집 공고.pdf,pdf,https://www.bizinfo.go.kr/cmm/fms/fileDown.do?atchFileId=FILE_000000000518514&fileSn=0,861203,list\PBLN_000000000056857\여성가족부 성별균형 포용성장 파트너십 자율협약 참여기업 모집 공고.pdf,
PBLN_000000000050080,ok,첨부파일,1차 신청서.hwp,hwp,https://www.bizinfo.go.kr/cmm/fms/fileDown.do?atchFileId=FILE_000000000452908&fileSn=1,49152,list\PBLN_000000000050080\1차 신청서.hwp,
PBLN_000000000048604,ok,첨부파일,상상산업 콘텐츠 전문 프로듀서 사업 참가기업 모집 공고문.hwp,hwp,https://www.bizinfo.go.kr/cmm/fms/fileDown.do?atchFileId=FILE_000000000437114&fileSn=0,49152,list\PBLN_000000000048604\상상산업 콘텐츠 전문 프로듀서 사업 참가기업 모집 공고문.hwp,
PBLN_000000000054791,ok,첨부파일,두드림 신청서 서식.hwp,hwp,https://www.bizinfo.go.kr/cmm/fms/fileDown.do?atchFileId=FILE_000000000498602&fileSn=1,49152,list\PBLN_000000000054791\두드림 신청서 서식.hwp,
PBLN_000000000056043,ok,첨부파일,[부산] 2020년 제2차 예비사회적기업 지정계획 공고.hwp,hwp,https://www.bizinfo.go.kr/cmm/fms/fileDown.do?atchFileId=FILE_000000000510027&fileSn=0,59393,list\PBLN_000000000056043\[부산] 2020년 제2차 예비사회적기업 지정계획 공고.hwp,
PBLN_000000000057000,ok,첨부파일,모집공고문(서울기업 온라인 채용관)_최종.pdf,pdf,https://www.bizinfo.go.kr/cmm/fms/fileDown.do?atchFileId=FILE_000000000519953&fileSn=0,115671,list\PBLN_000000000057000\모집공고문(서울기업 온라인 채용관)_최종.pdf,
PBLN_000000000052907,ok,첨부파일,2020년 2차 사회혁신 청년활동가 일 경험 지원사업 참여기업 모집 공고.hwp,hwp,https://www.bizinfo.go.kr/cmm/fms/fileDown.do?atchFileId=FILE_000000000480758&fileSn=0,33792,list\PBLN_000000000052907\2020년 2차 사회혁신 청년활동가 일 경험 지원사업 참여기업 모집 공고.hwp,
PBLN_000000000054224,ok,첨부파일,[경북] 포항시 2020년 소상공인 도움 일자리 사업 참여업체 및 구직자 모집 변경 공고(코로나 19 대응).hwp,hwp,https://www.bizinfo.go.kr/cmm/fms/fileDown.do?atchFileId=FILE_000000000492974&fileSn=0,45056,list\PBLN_000000000054224\[경북] 포항시 2020년 소상공인 도움 일자리 사업 참여업체 및 구직자 모집 변경 공고(코로나 19 대응).hwp,
PBLN_000000000051408,no_doc,,,,,0,,
PBLN_000000000052273,ok,첨부파일,[서울] 2020년 중소기업 선택적 복지 제도 지원사업 참여기업 모집 공고.hwp,hwp,https://www.bizinfo.go.kr/cmm/fms/fileDown.do?atchFileId=FILE_000000000474986&fileSn=0,141312,list\PBLN_000000000052273\[서울] 2020년 중소기업 선택적 복지 제도 지원사업 참여기업 모집 공고.hwp,
PBLN_000000000057325,ok,첨부파일,[울산] 중소기업 청년인턴 지원사업 참여기업 추가모집 공고.hwp,hwp,https://www.bizinfo.go.kr/cmm/fms/fileDown.do?atchFileId=FILE_000000000522902&fileSn=0,90112,list\PBLN_000000000057325\[울산] 중소기업 청년인턴 지원사업 참여기업 추가모집 공고.hwp,
PBLN_000000000052631,ok,첨부파일,[울산] 2020년 울산형 중소기업 내일채움공제 지원사업 공고.hwp,hwp,https://www.bizinfo.go.kr/cmm/fms/fileDown.do?atchFileId=FILE_000000000478275&fileSn=0,96256,list\PBLN_000000000052631\[울산] 2020년 울산형 중소기업 내일채움공제 지원사업 공고.hwp,
PBLN_000000000057116,ok,첨부파일,"2020년 희망일터 지원사업 협력사업장 참여 공고(NGO, 사회적기업 등).pdf",pdf,https://www.bizinfo.go.kr/cmm/fms/fileDown.do?atchFileId=FILE_000000000520855&fileSn=0,274969,"list\PBLN_000000000057116\2020년 희망일터 지원사업 협력사업장 참여 공고(NGO, 사회적기업 등).pdf",
PBLN_000000000049694,ok,첨부파일,[경북] 2020년 중소기업 청년일자리지원사업 참여업체 선착순 모집 공고.hwp,hwp,https://www.bizinfo.go.kr/cmm/fms/fileDown.do?atchFileId=FILE_000000000449232&fileSn=0,32768,list\PBLN_000000000049694\[경북] 2020년 중소기업 청년일자리지원사업 참여업체 선착순 모집 공고.hwp,
PBLN_000000000057612,ok,첨부파일,2020년 인쇄소공인 작업환경개선사업 공고문(2차).pdf,pdf,https://www.bizinfo.go.kr/cmm/fms/fileDown.do?atchFileId=FILE_000000000525602&fileSn=0,300445,list\PBLN_000000000057612\2020년 인쇄소공인 작업환경개선사업 공고문(2차).pdf,
PBLN_000000000057568,ok,첨부파일,신청서양식.hwp,hwp,https://www.bizinfo.go.kr/cmm/fms/fileDown.do?atchFileId=FILE_000000000525126&fileSn=1,71168,list\PBLN_000000000057568\신청서양식.hwp,
PBLN_000000000052144,ok,첨부파일,고용위기지역 청년 드림 스페이스 지원사업 4월 접수 공고문.hwp,hwp,https://www.bizinfo.go.kr/cmm/fms/fileDown.do?atchFileId=FILE_000000000473404&fileSn=0,117248,list\PBLN_000000000052144\고용위기지역 청년 드림 스페이스 지원사업 4월 접수 공고문.hwp,
PBLN_000000000048827,ok,첨부파일,"[대구] 2020년 1차 (예비)사회적기업 일자리창출사업(신규, 재심사, 재참여) 참여기업 모집 공고.hwp",hwp,https://www.bizinfo.go.kr/cmm/fms/fileDown.do?atchFileId=FILE_000000000439330&fileSn=0,259584,"list\PBLN_000000000048827\[대구] 2020년 1차 (예비)사회적기업 일자리창출사업(신규, 재심사, 재참여) 참여기업 모집 공고.hwp",
PBLN_000000000052738,ok,첨부파일,(서식)+고용유지지원금+사업주+부담액+신청서.hwp,hwp,https://www.bizinfo.go.kr/cmm/fms/fileDown.do?atchFileId=FILE_000000000479558&fileSn=1,48128,list\PBLN_000000000052738\(서식)+고용유지지원금+사업주+부담액+신청서.hwp,
PBLN_000000000051514,ok,첨부파일,2020년 청년내일로 인턴십 운영 참여기업 추가모집 공고문.hwp,hwp,https://www.bizinfo.go.kr/cmm/fms/fileDown.do?atchFileId=FILE_000000000467418&fileSn=0,35840,list\PBLN_000000000051514\2020년 청년내일로 인턴십 운영 참여기업 추가모집 공고문.hwp,
PBLN_000000000050228,ok,첨부파일,중소기업 노동시간 단축 현장지원(상담) 안내.hwp,hwp,https://www.bizinfo.go.kr/cmm/fms/fileDown.do?atchFileId=FILE_000000000454328&fileSn=0,49152,list\PBLN_000000000050228\중소기업 노동시간 단축 현장지원(상담) 안내.hwp,
PBLN_000000000054580,ok,첨부파일,[전북] 2020년 협동조합 맞춤형 역량강화 지원사업 참여 협동조합 모집 공고.pdf,pdf,https://www.bizinfo.go.kr/cmm/fms/fileDown.do?atchFileId=FILE_000000000496553&fileSn=0,167880,list\PBLN_000000000054580\[전북] 2020년 협동조합 맞춤형 역량강화 지원사업 참여 협동조합 모집 공고.pdf,
PBLN_000000000051654,ok,첨부파일,자동차산업 퇴직인력 재취업지원사업 참여기업 모집 공고.hwp,hwp,https://www.bizinfo.go.kr/cmm/fms/fileDown.do?atchFileId=FILE_000000000468895&fileSn=0,13825,list\PBLN_000000000051654\자동차산업 퇴직인력 재취업지원사업 참여기업 모집 공고.hwp,
PBLN_000000000055764,ok,첨부파일,[경남] 2020년 2차 (예비)사회적기업 일자리창출사업 신규(재참여) 및 재심사 참여기업 공고.hwp,hwp,https://www.bizinfo.go.kr/cmm/fms/fileDown.do?atchFileId=FILE_000000000507444&fileSn=0,231425,list\PBLN_000000000055764\[경남] 2020년 2차 (예비)사회적기업 일자리창출사업 신규(재참여) 및 재심사 참여기업 공고.hwp,
PBLN_000000000050487,ok,첨부파일,2020년 일터혁신 지원사업 선정 공고문.hwp,hwp,https://www.bizinfo.go.kr/cmm/fms/fileDown.do?atchFileId=FILE_000000000457038&fileSn=0,29696,list\PBLN_000000000050487\2020년 일터혁신 지원사업 선정 공고문.hwp,
PBLN_000000000052007,ok,첨부파일,코로나19 지역고용대응 등 특별지원사업 공고.hwp,hwp,https://www.bizinfo.go.kr/cmm/fms/fileDown.do?atchFileId=FILE_000000000472117&fileSn=0,75776,list\PBLN_000000000052007\코로나19 지역고용대응 등 특별지원사업 공고.hwp,
PBLN_000000000055459,ok,첨부파일,2020년 스포츠융복합산업 중소기업 인력채용 지원사업 참여기업 추가모집 공고.pdf,pdf,https://www.bizinfo.go.kr/cmm/fms/fileDown.do?atchFileId=FILE_000000000505097&fileSn=0,278140,list\PBLN_000000000055459\2020년 스포츠융복합산업 중소기업 인력채용 지원사업 참여기업 추가모집 공고.pdf,
PBLN_000000000048711,ok,첨부파일,2020년 사회적기업 사회보험료 지원사업 공고문.hwp,hwp,https://www.bizinfo.go.kr/cmm/fms/fileDown.do?atchFileId=FILE_000000000438177&fileSn=0,131072,list\PBLN_000000000048711\2020년 사회적기업 사회보험료 지원사업 공고문.hwp,
PBLN_000000000053085,ok,첨부파일,[서울] 2020년 외국인투자기업 고용보조금 지원계획 공고.hwp,hwp,https://www.bizinfo.go.kr/cmm/fms/fileDown.do?atchFileId=FILE_000000000482484&fileSn=0,33792,list\PBLN_000000000053085\[서울] 2020년 외국인투자기업 고용보조금 지원계획 공고.hwp,
PBLN_000000000058373,ok,첨부파일,[대구] 2020년 제4차 (예비)사회적기업 일자리창출사업(신규ㆍ재심사ㆍ재참여 등) 참여기업 공고.hwp,hwp,https://www.bizinfo.go.kr/cmm/fms/fileDown.do?atchFileId=FILE_000000000534470&fileSn=0,311296,list\PBLN_000000000058373\[대구] 2020년 제4차 (예비)사회적기업 일자리창출사업(신규ㆍ재심사ㆍ재참여 등) 참여기업 공고.hwp,
PBLN_000000000048962,ok,첨부파일,2020년 소규모 사업장 방지시설 설치 지원사업 공고문.hwp,hwp,https://www.bizinfo.go.kr/cmm/fms/fileDown.do?atchFileId=FILE_000000000440623&fileSn=0,65536,list\PBLN_000000000048962\2020년 소규모 사업장 방지시설 설치 지원사업 공고문.hwp,
PBLN_000000000054409,ok,첨부파일,신청서(다중이용업소 휴업보상금 지원사업).hwp,hwp,https://www.bizinfo.go.kr/cmm/fms/fileDown.do?atchFileId=FILE_000000000494876&fileSn=1,592896,list\PBLN_000000000054409\신청서(다중이용업소 휴업보상금 지원사업).hwp,
PBLN_000000000056516,ok,첨부파일,신청서류.hwp,hwp,https://www.bizinfo.go.kr/cmm/fms/fileDown.do?atchFileId=FILE_000000000515154&fileSn=1,20480,list\PBLN_000000000056516\신청서류.hwp,
PBLN_000000000049525,ok,첨부파일,2020년 영세 자영업자 인건비 지원사업 모집 공고.hwp,hwp,https://www.bizinfo.go.kr/cmm/fms/fileDown.do?atchFileId=FILE_000000000447351&fileSn=0,23552,list\PBLN_000000000049525\2020년 영세 자영업자 인건비 지원사업 모집 공고.hwp,
PBLN_000000000057156,ok,첨부파일,2020_중소중견기업 청년 취업지원사업 모집공고.pdf,pdf,https://www.bizinfo.go.kr/cmm/fms/fileDown.do?atchFileId=FILE_000000000521249&fileSn=0,328447,list\PBLN_000000000057156\2020_중소중견기업 청년 취업지원사업 모집공고.pdf,
PBLN_000000000052149,ok,첨부파일,소상공인 공공요금 지원사업 공고(코로나19 사태 극복 지원).hwp,hwp,https://www.bizinfo.go.kr/cmm/fms/fileDown.do?atchFileId=FILE_000000000473411&fileSn=1,29696,list\PBLN_000000000052149\소상공인 공공요금 지원사업 공고(코로나19 사태 극복 지원).hwp,
PBLN_000000000050892,ok,첨부파일,2020년 성남형 청년인큐베이팅 사업 공고문.hwp,hwp,https://www.bizinfo.go.kr/cmm/fms/fileDown.do?atchFileId=FILE_000000000461355&fileSn=0,27648,list\PBLN_000000000050892\2020년 성남형 청년인큐베이팅 사업 공고문.hwp,
PBLN_000000000051863,ok,첨부파일,2020년 중소기업 R&D역량강화지원 참여기업 모집 추가공고문.hwp,hwp,https://www.bizinfo.go.kr/cmm/fms/fileDown.do?atchFileId=FILE_000000000470866&fileSn=1,264704,list\PBLN_000000000051863\2020년 중소기업 R&D역량강화지원 참여기업 모집 추가공고문.hwp,
PBLN_000000000057739,ok,첨부파일,[광주] 지역강소기업 대상 R&D기획 역량 강화교육 수혜기업 모집 재공고(지역산업 맞춤형 일자리창출 지원사업).hwp,hwp,https://www.bizinfo.go.kr/cmm/fms/fileDown.do?atchFileId=FILE_000000000526915&fileSn=0,19968,list\PBLN_000000000057739\[광주] 지역강소기업 대상 R&D기획 역량 강화교육 수혜기업 모집 재공고(지역산업 맞춤형 일자리창출 지원사업).hwp,
PBLN_000000000056545,ok,첨부파일,신청서 및 제출서류 양식.hwp,hwp,https://www.bizinfo.go.kr/cmm/fms/fileDown.do?atchFileId=FILE_000000000515231&fileSn=0,29184,list\PBLN_000000000056545\신청서 및 제출서류 양식.hwp,
PBLN_000000000055627,ok,첨부파일,벤처기업공동채용사업참여신청서(브이잡).hwp,hwp,https://www.bizinfo.go.kr/cmm/fms/fileDown.do?atchFileId=FILE_000000000506319&fileSn=1,32768,list\PBLN_000000000055627\벤처기업공동채용사업참여신청서(브이잡).hwp,
PBLN_000000000054631,ok,첨부파일,2020년 2차 도시청년 지역상생 고용사업 참여기업 모집 공고.hwp,hwp,https://www.bizinfo.go.kr/cmm/fms/fileDown.do?atchFileId=FILE_000000000497065&fileSn=0,30208,list\PBLN_000000000054631\2020년 2차 도시청년 지역상생 고용사업 참여기업 모집 공고.hwp,
PBLN_000000000059757,ok,첨부파일,2021년 상반기 ICT 학점연계 프로젝트 인턴십 국내 및 글로벌 과정 사업 공고.pdf,pdf,https://www.bizinfo.go.kr/cmm/fms/fileDown.do?atchFileId=FILE_000000000548968&fileSn=0,500087,list\PBLN_000000000059757\2021년 상반기 ICT 학점연계 프로젝트 인턴십 국내 및 글로벌 과정 사업 공고.pdf,
PBLN_000000000052003,ok,첨부파일,2020년 서울형 뉴딜일자리 청년인쇄전문가 양성사업 참여업체 모집 재공고.hwp,hwp,https://www.bizinfo.go.kr/cmm/fms/fileDown.do?atchFileId=FILE_000000000472063&fileSn=0,29184,list\PBLN_000000000052003\2020년 서울형 뉴딜일자리 청년인쇄전문가 양성사업 참여업체 모집 재공고.hwp,
PBLN_000000000049273,ok,첨부파일,2020년 문화가 있는 날 직장 문화배달 참여 직장 공모 안내.pdf,pdf,https://www.bizinfo.go.kr/cmm/fms/fileDown.do?atchFileId=FILE_000000000444263&fileSn=0,97426,list\PBLN_000000000049273\2020년 문화가 있는 날 직장 문화배달 참여 직장 공모 안내.pdf,
PBLN_000000000055276,ok,첨부파일,[제주] 2020년 고용우수기업 인센티브 지원계획 공고.hwp,hwp,https://www.bizinfo.go.kr/cmm/fms/fileDown.do?atchFileId=FILE_000000000503238&fileSn=0,25600,list\PBLN_000000000055276\[제주] 2020년 고용우수기업 인센티브 지원계획 공고.hwp,
PBLN_000000000052509,ok,첨부파일,[경북] 위기 자동차부품 기업 고용 상황 개선 사업 지원대상기업 모집 공고(2020년도 경상북도 지역혁신프로젝트 사업).hwp,hwp,https://www.bizinfo.go.kr/cmm/fms/fileDown.do?atchFileId=FILE_000000000477187&fileSn=0,64512,list\PBLN_000000000052509\[경북] 위기 자동차부품 기업 고용 상황 개선 사업 지원대상기업 모집 공고(2020년도 경상북도 지역혁신프로젝트 사업).hwp,
PBLN_000000000049019,ok,첨부파일,수출기업 인력뱅크 지원사업 참여기업 모집 공고문.hwp,hwp,https://www.bizinfo.go.kr/cmm/fms/fileDown.do?atchFileId=FILE_000000000441306&fileSn=0,65536,list\PBLN_000000000049019\수출기업 인력뱅크 지원사업 참여기업 모집 공고문.hwp,
PBLN_000000000048929,no_doc,,,,,0,,
PBLN_000000000049039,ok,첨부파일,제주 미래를 선도할 청년 인재 육성사업 모집 공고문.pdf,pdf,https://www.bizinfo.go.kr/cmm/fms/fileDown.do?atchFileId=FILE_000000000441885&fileSn=0,426274,list\PBLN_000000000049039\제주 미래를 선도할 청년 인재 육성사업 모집 공고문.pdf,
PBLN_000000000054600,ok,첨부파일,구미시 2020년 2차 소상공인 경제회복 지원사업 모집 공고(코로나19 위기극복 지원).hwp,hwp,https://www.bizinfo.go.kr/cmm/fms/fileDown.do?atchFileId=FILE_000000000497024&fileSn=0,99328,list\PBLN_000000000054600\구미시 2020년 2차 소상공인 경제회복 지원사업 모집 공고(코로나19 위기극복 지원).hwp,
PBLN_000000000055364,ok,첨부파일,2020년 사업장 근로환경 개선지원 참여기업 모집 수정 공고.pdf,pdf,https://www.bizinfo.go.kr/cmm/fms/fileDown.do?atchFileId=FILE_000000000503828&fileSn=0,154710,list\PBLN_000000000055364\2020년 사업장 근로환경 개선지원 참여기업 모집 수정 공고.pdf,
PBLN_000000000058659,ok,첨부파일,코로나19 피해 위기 극복을 위한 사각지대 소상공인 긴급지원금 안내.hwp,hwp,https://www.bizinfo.go.kr/cmm/fms/fileDown.do?atchFileId=FILE_000000000537674&fileSn=0,24576,list\PBLN_000000000058659\코로나19 피해 위기 극복을 위한 사각지대 소상공인 긴급지원금 안내.hwp,
PBLN_000000000052972,ok,첨부파일,[서울] 광진형 소상공인 고용유지지원금 지원 공고.pdf,pdf,https://www.bizinfo.go.kr/cmm/fms/fileDown.do?atchFileId=FILE_000000000481394&fileSn=0,249793,list\PBLN_000000000052972\[서울] 광진형 소상공인 고용유지지원금 지원 공고.pdf,
PBLN_000000000057263,ok,첨부파일,서울사랑 고용행복 지원사업 참여기업 추가모집.hwp,hwp,https://www.bizinfo.go.kr/cmm/fms/fileDown.do?atchFileId=FILE_000000000522270&fileSn=0,32768,list\PBLN_000000000057263\서울사랑 고용행복 지원사업 참여기업 추가모집.hwp,
PBLN_000000000052771,ok,첨부파일,지역주도형 청년일자리 사업 지역ICT기업 인력양성 및 채용 지원사업 참여기업 모집 공고문.hwp,hwp,https://www.bizinfo.go.kr/cmm/fms/fileDown.do?atchFileId=FILE_000000000479671&fileSn=0,48128,list\PBLN_000000000052771\지역주도형 청년일자리 사업 지역ICT기업 인력양성 및 채용 지원사업 참여기업 모집 공고문.hwp,
PBLN_000000000057775,ok,첨부파일,경산시 2020년 소상공인 카드수수료 지원사업 모집 공고.hwp,hwp,https://www.bizinfo.go.kr/cmm/fms/fileDown.do?atchFileId=FILE_000000000527158&fileSn=0,110080,list\PBLN_000000000057775\경산시 2020년 소상공인 카드수수료 지원사업 모집 공고.hwp,
PBLN_000000000052958,ok,첨부파일,충남 소상공인 사회보험료 지원사업 2020년 1분기 신청 공고.hwp,hwp,https://www.bizinfo.go.kr/cmm/fms/fileDown.do?atchFileId=FILE_000000000481464&fileSn=0,147456,list\PBLN_000000000052958\충남 소상공인 사회보험료 지원사업 2020년 1분기 신청 공고.hwp,
PBLN_000000000049706,ok,첨부파일,2020년 마을기업 사무장 지원사업 사업장 모집 공고문.hwp,hwp,https://www.bizinfo.go.kr/cmm/fms/fileDown.do?atchFileId=FILE_000000000449332&fileSn=1,81920,list\PBLN_000000000049706\2020년 마을기업 사무장 지원사업 사업장 모집 공고문.hwp,
PBLN_000000000053696,ok,첨부파일,2020년 청년일자리 우수기업 지원사업(20.05.11).pdf,pdf,https://www.bizinfo.go.kr/cmm/fms/fileDown.do?atchFileId=FILE_000000000488474&fileSn=0,220952,list\PBLN_000000000053696\2020년 청년일자리 우수기업 지원사업(20.05.11).pdf,
PBLN_000000000054279,ok,첨부파일,(수정공고문)코로나19 대응 내일채움공제 사업자부담분 지원사업.hwp,hwp,https://www.bizinfo.go.kr/cmm/fms/fileDown.do?atchFileId=FILE_000000000493645&fileSn=1,31744,list\PBLN_000000000054279\(수정공고문)코로나19 대응 내일채움공제 사업자부담분 지원사업.hwp,
PBLN_000000000051440,ok,첨부파일,2020 충북전략산업 전문연구인력 채용지원사업 추가 모집 공고문.pdf,pdf,https://www.bizinfo.go.kr/cmm/fms/fileDown.do?atchFileId=FILE_000000000466683&fileSn=0,130338,list\PBLN_000000000051440\2020 충북전략산업 전문연구인력 채용지원사업 추가 모집 공고문.pdf,
PBLN_000000000052288,ok,첨부파일,고용ㆍ산재보험 보험료 지원 안내.pdf,pdf,https://www.bizinfo.go.kr/cmm/fms/fileDown.do?atchFileId=FILE_000000000475047&fileSn=0,222025,list\PBLN_000000000052288\고용ㆍ산재보험 보험료 지원 안내.pdf,
PBLN_000000000057117,ok,첨부파일,2020년 청년 디지털 일자리 사업 특화분야 양식수산물 디지털 생산 지원사업 참여기업 모집 공고.hwp,hwp,https://www.bizinfo.go.kr/cmm/fms/fileDown.do?atchFileId=FILE_000000000520866&fileSn=0,88064,list\PBLN_000000000057117\2020년 청년 디지털 일자리 사업 특화분야 양식수산물 디지털 생산 지원사업 참여기업 모집 공고.hwp,
PBLN_000000000051853,ok,첨부파일,신청서류.hwp,hwp,https://www.bizinfo.go.kr/cmm/fms/fileDown.do?atchFileId=FILE_000000000470904&fileSn=1,30208,list\PBLN_000000000051853\신청서류.hwp,
PBLN_000000000048593,ok,첨부파일,서울형 뉴딜일자리 스마트도시분야 청년일자리 창출 사업 공고문 및 신청서.hwp,hwp,https://www.bizinfo.go.kr/cmm/fms/fileDown.do?atchFileId=FILE_000000000437090&fileSn=0,32768,list\PBLN_000000000048593\서울형 뉴딜일자리 스마트도시분야 청년일자리 창출 사업 공고문 및 신청서.hwp,
PBLN_000000000049390,ok,첨부파일,[경북] 2020년 1차 (예비)사회적기업 일자리창출사업 참여기업 모집 공고.hwp,hwp,https://www.bizinfo.go.kr/cmm/fms/fileDown.do?atchFileId=FILE_000000000445809&fileSn=0,208384,list\PBLN_000000000049390\[경북] 2020년 1차 (예비)사회적기업 일자리창출사업 참여기업 모집 공고.hwp,
PBLN_000000000049787,ok,첨부파일,2020년 소규모 사업장 방지시설 설치 지원사업 공고문.hwp,hwp,https://www.bizinfo.go.kr/cmm/fms/fileDown.do?atchFileId=FILE_000000000450102&fileSn=0,624640,list\PBLN_000000000049787\2020년 소규모 사업장 방지시설 설치 지원사업 공고문.hwp,
PBLN_000000000054323,ok,첨부파일,서울시 뉴딜일자리 지원사업 참여기업 모집 공고문.hwp,hwp,https://www.bizinfo.go.kr/cmm/fms/fileDown.do?atchFileId=FILE_000000000494249&fileSn=0,32768,list\PBLN_000000000054323\서울시 뉴딜일자리 지원사업 참여기업 모집 공고문.hwp,
PBLN_000000000052422,ok,첨부파일,[전남] 목포시 코로나 19 피해 소상공인 공공요금 지원사업 공고.hwp,hwp,https://www.bizinfo.go.kr/cmm/fms/fileDown.do?atchFileId=FILE_000000000476255&fileSn=0,34816,list\PBLN_000000000052422\[전남] 목포시 코로나 19 피해 소상공인 공공요금 지원사업 공고.hwp,
PBLN_000000000057991,ok,첨부파일,작업환경개선지원_희망업체_3차_모집_공고.hwp,hwp,https://www.bizinfo.go.kr/cmm/fms/fileDown.do?atchFileId=FILE_000000000529361&fileSn=0,32768,list\PBLN_000000000057991\작업환경개선지원_희망업체_3차_모집_공고.hwp,
PBLN_000000000053211,ok,첨부파일,[서울] 관악구 코로나19 확진자 방문 피해점포 지원사업 공고.hwp,hwp,https://www.bizinfo.go.kr/cmm/fms/fileDown.do?atchFileId=FILE_000000000483633&fileSn=0,18432,list\PBLN_000000000053211\[서울] 관악구 코로나19 확진자 방문 피해점포 지원사업 공고.hwp,
PBLN_000000000054744,ok,첨부파일,청년기능인력 취업지원사업 추가 모집공고(6.3).hwp,hwp,https://www.bizinfo.go.kr/cmm/fms/fileDown.do?atchFileId=FILE_000000000498030&fileSn=0,88576,list\PBLN_000000000054744\청년기능인력 취업지원사업 추가 모집공고(6.3).hwp,
PBLN_000000000059062,ok,첨부파일,[경북] 2020년 2차 부자상인 키움 사업 모집 공고.hwp,hwp,https://www.bizinfo.go.kr/cmm/fms/fileDown.do?atchFileId=FILE_000000000541574&fileSn=0,48128,list\PBLN_000000000059062\[경북] 2020년 2차 부자상인 키움 사업 모집 공고.hwp,
PBLN_000000000051129,ok,첨부파일,[서울] 2020년 50+뉴딜인턴십 중소기업 전문인력 참여기업 모집 수정공고.hwp,hwp,https://www.bizinfo.go.kr/cmm/fms/fileDown.do?atchFileId=FILE_000000000463772&fileSn=1,200704,list\PBLN_000000000051129\[서울] 2020년 50+뉴딜인턴십 중소기업 전문인력 참여기업 모집 수정공고.hwp,
PBLN_000000000058950,ok,첨부파일,2020년 현장코칭 숙련인력 양성사업 참여기업 및 참여자 모집 재공고(코로나 피해기업 우선 지원).hwp,hwp,https://www.bizinfo.go.kr/cmm/fms/fileDown.do?atchFileId=FILE_000000000540412&fileSn=0,29696,list\PBLN_000000000058950\2020년 현장코칭 숙련인력 양성사업 참여기업 및 참여자 모집 재공고(코로나 피해기업 우선 지원).hwp,
PBLN_000000000057844,ok,첨부파일,신청서류.hwp,hwp,https://www.bizinfo.go.kr/cmm/fms/fileDown.do?atchFileId=FILE_000000000527726&fileSn=1,20992,list\PBLN_000000000057844\신청서류.hwp,
PBLN_000000000058323,ok,첨부파일,[부산] 강서구ㆍ기장군 2020년 2차 부산청춘드림카 지원사업 추가 모집 공고.hwp,hwp,https://www.bizinfo.go.kr/cmm/fms/fileDown.do?atchFileId=FILE_000000000533536&fileSn=0,50176,list\PBLN_000000000058323\[부산] 강서구ㆍ기장군 2020년 2차 부산청춘드림카 지원사업 추가 모집 공고.hwp,
PBLN_000000000056116,ok,첨부파일,2020년 2차 고용유지 상생협약 지원사업 참여기업 모집 공고.pdf,pdf,https://www.bizinfo.go.kr/cmm/fms/fileDown.do?atchFileId=FILE_000000000510783&fileSn=0,325687,list\PBLN_000000000056116\2020년 2차 고용유지 상생협약 지원사업 참여기업 모집 공고.pdf,
PBLN_000000000052778,ok,첨부파일,2020년 경력이음 청년여성 일자리 지원 참여기업 및 청년여성 모집 공고.hwp,hwp,https://www.bizinfo.go.kr/cmm/fms/fileDown.do?atchFileId=FILE_000000000479725&fileSn=0,146945,list\PBLN_000000000052778\2020년 경력이음 청년여성 일자리 지원 참여기업 및 청년여성 모집 공고.hwp,
PBLN_000000000055497,ok,첨부파일,[경북] 2020년 4050 행복일자리 우수기업 추가모집 공고 고용유지장려금.pdf,pdf,https://www.bizinfo.go.kr/cmm/fms/fileDown.do?atchFileId=FILE_000000000505395&fileSn=0,119965,list\PBLN_000000000055497\[경북] 2020년 4050 행복일자리 우수기업 추가모집 공고 고용유지장려금.pdf,
PBLN_000000000057264,ok,첨부파일,[부산] 2020년 중소기업 근무환경 개선사업(클린업) 참가기업 모집 공고.hwp,hwp,https://www.bizinfo.go.kr/cmm/fms/fileDown.do?atchFileId=FILE_000000000522297&fileSn=0,43520,list\PBLN_000000000057264\[부산] 2020년 중소기업 근무환경 개선사업(클린업) 참가기업 모집 공고.hwp,
PBLN_000000000055191,ok,첨부파일,이용자 체크리스트 및 지원제외 업종.hwp,hwp,https://www.bizinfo.go.kr/cmm/fms/fileDown.do?atchFileId=FILE_000000000502375&fileSn=1,65024,list\PBLN_000000000055191\이용자 체크리스트 및 지원제외 업종.hwp,
PBLN_000000000059232,ok,첨부파일,[부산] B-beauty 차세대 청년일자리 육성 프로젝트 사업 참여청년(7차) 추가모집 공고(2020년 지역주도형 청년일자리 사업).hwp,hwp,https://www.bizinfo.go.kr/cmm/fms/fileDown.do?atchFileId=FILE_000000000543203&fileSn=0,33792,list\PBLN_000000000059232\[부산] B-beauty 차세대 청년일자리 육성 프로젝트 사업 참여청년(7차) 추가모집 공고(2020년 지역주도형 청년일자리 사업).hwp,
PBLN_000000000056869,ok,첨부파일,[대전] 소상공인 신규고용 인건비 지원사업 공고.pdf,pdf,https://www.bizinfo.go.kr/cmm/fms/fileDown.do?atchFileId=FILE_000000000518694&fileSn=0,564469,list\PBLN_000000000056869\[대전] 소상공인 신규고용 인건비 지원사업 공고.pdf,
PBLN_000000000054831,ok,첨부파일,[대전] 2020년 우수기업 청년채용 지원사업 참여기업 모집 공고(지역주도형 청년일자리 사업).hwp,hwp,https://www.bizinfo.go.kr/cmm/fms/fileDown.do?atchFileId=FILE_000000000498954&fileSn=0,32768,list\PBLN_000000000054831\[대전] 2020년 우수기업 청년채용 지원사업 참여기업 모집 공고(지역주도형 청년일자리 사업).hwp,
PBLN_000000000053808,ok,첨부파일,수혜기업 사업신청서.hwp,hwp,https://www.bizinfo.go.kr/cmm/fms/fileDown.do?atchFileId=FILE_000000000489501&fileSn=0,18432,list\PBLN_000000000053808\수혜기업 사업신청서.hwp,
PBLN_000000000050910,ok,첨부파일,[제주] 2020년 고용우수기업 인증계획 공고.hwp,hwp,https://www.bizinfo.go.kr/cmm/fms/fileDown.do?atchFileId=FILE_000000000461381&fileSn=0,48129,list\PBLN_000000000050910\[제주] 2020년 고용우수기업 인증계획 공고.hwp,
PBLN_000000000053214,ok,첨부파일,서대문구 코로나19 확진자 방문 소상공인 점포 지원사업 공고(재개장).hwp,hwp,https://www.bizinfo.go.kr/cmm/fms/fileDown.do?atchFileId=FILE_000000000483657&fileSn=0,31232,list\PBLN_000000000053214\서대문구 코로나19 확진자 방문 소상공인 점포 지원사업 공고(재개장).hwp,
PBLN_000000000050938,ok,첨부파일,신청서_및_사업계획서.hwp,hwp,https://www.bizinfo.go.kr/cmm/fms/fileDown.do?atchFileId=FILE_000000000461932&fileSn=0,177152,list\PBLN_000000000050938\신청서_및_사업계획서.hwp,
PBLN_000000000052291,ok,첨부파일,[강원] 코로나19 지역고용대응 특별지원 공고.pdf,pdf,https://www.bizinfo.go.kr/cmm/fms/fileDown.do?atchFileId=FILE_000000000475110&fileSn=0,371769,list\PBLN_000000000052291\[강원] 코로나19 지역고용대응 특별지원 공고.pdf,
PBLN_000000000057397,ok,첨부파일,[대구] 2020년 4차 신중년 Biz 컨설팅 일자리창출사업 참여기관 모집 공고.hwp,hwp,https://www.bizinfo.go.kr/cmm/fms/fileDown.do?atchFileId=FILE_000000000523678&fileSn=0,67584,list\PBLN_000000000057397\[대구] 2020년 4차 신중년 Biz 컨설팅 일자리창출사업 참여기관 모집 공고.hwp,
PBLN_000000000054642,ok,첨부파일,고용위기지역 청년 드림 스페이스 지원사업 6월 접수 공고.hwp,hwp,https://www.bizinfo.go.kr/cmm/fms/fileDown.do?atchFileId=FILE_000000000497048&fileSn=0,119296,list\PBLN_000000000054642\고용위기지역 청년 드림 스페이스 지원사업 6월 접수 공고.hwp,
PBLN_000000000055008,ok,첨부파일,[울산] Welcome to 산업단지 기업환경개선 지원사업 참가모집 공고.hwp,hwp,https://www.bizinfo.go.kr/cmm/fms/fileDown.do?atchFileId=FILE_000000000500663&fileSn=0,17920,list\PBLN_000000000055008\[울산] Welcome to 산업단지 기업환경개선 지원사업 참가모집 공고.hwp,
PBLN_000000000050038,ok,첨부파일,[대구] 2020년 도시형소비재산업 청년적합형 일자리지원사업 시행 공고.pdf,pdf,https://www.bizinfo.go.kr/cmm/fms/fileDown.do?atchFileId=FILE_000000000452378&fileSn=0,258137,list\PBLN_000000000050038\[대구] 2020년 도시형소비재산업 청년적합형 일자리지원사업 시행 공고.pdf,
PBLN_000000000058588,ok,첨부파일,2020년 「중소기업청년일자리지원사업」 추가모집 연장공고문.hwp,hwp,https://www.bizinfo.go.kr/cmm/fms/fileDown.do?atchFileId=FILE_000000000536851&fileSn=1,81920,list\PBLN_000000000058588\2020년 「중소기업청년일자리지원사업」 추가모집 연장공고문.hwp,
PBLN_000000000053869,ok,첨부파일,주력산업에 주력하는 청년일자리 사업 청년 참여기업 모집 공고문.hwp,hwp,https://www.bizinfo.go.kr/cmm/fms/fileDown.do?atchFileId=FILE_000000000489855&fileSn=0,49152,list\PBLN_000000000053869\주력산업에 주력하는 청년일자리 사업 청년 참여기업 모집 공고문.hwp,
PBLN_000000000057363,ok,첨부파일,2020년 5차 벤처기업 공동채용사업 참여기업 모집 공고 및 신청서.hwp,hwp,https://www.bizinfo.go.kr/cmm/fms/fileDown.do?atchFileId=FILE_000000000523112&fileSn=0,32768,list\PBLN_000000000057363\2020년 5차 벤처기업 공동채용사업 참여기업 모집 공고 및 신청서.hwp,
PBLN_000000000052053,ok,첨부파일,[인천] 2020년 일자리창출 우수기업 인증계획 공고.hwp,hwp,https://www.bizinfo.go.kr/cmm/fms/fileDown.do?atchFileId=FILE_000000000472691&fileSn=0,43008,list\PBLN_000000000052053\[인천] 2020년 일자리창출 우수기업 인증계획 공고.hwp,
PBLN_000000000055892,ok,첨부파일,코로나19 고용위기 극복을 위한 고용안정 협약 지원사업 공모.hwp,hwp,https://www.bizinfo.go.kr/cmm/fms/fileDown.do?atchFileId=FILE_000000000508603&fileSn=0,49664,list\PBLN_000000000055892\코로나19 고용위기 극복을 위한 고용안정 협약 지원사업 공모.hwp,
PBLN_000000000058408,ok,첨부파일,2020년 4차 중소기업 공동직장어린이집 설치비 지원사업자 공모.hwp,hwp,https://www.bizinfo.go.kr/cmm/fms/fileDown.do?atchFileId=FILE_000000000534769&fileSn=0,78848,list\PBLN_000000000058408\2020년 4차 중소기업 공동직장어린이집 설치비 지원사업자 공모.hwp,
PBLN_000000000050687,ok,첨부파일,[광주] 2020년 여성근로자 근무환경개선 자금 지원 참가업체 모집 공고.hwp,hwp,https://www.bizinfo.go.kr/cmm/fms/fileDown.do?atchFileId=FILE_000000000459068&fileSn=0,20992,list\PBLN_000000000050687\[광주] 2020년 여성근로자 근무환경개선 자금 지원 참가업체 모집 공고.hwp,
PBLN_000000000055715,ok,첨부파일,[세종] 2020년 2차 (예비)사회적기업 지정 및 재정지원 공고.hwp,hwp,https://www.bizinfo.go.kr/cmm/fms/fileDown.do?atchFileId=FILE_000000000506861&fileSn=0,549888,list\PBLN_000000000055715\[세종] 2020년 2차 (예비)사회적기업 지정 및 재정지원 공고.hwp,
PBLN_000000000056871,ok,첨부파일,[대전] 2020년 영세 자영업자 인건비 지원사업 추가 모집 공고.hwp,hwp,https://www.bizinfo.go.kr/cmm/fms/fileDown.do?atchFileId=FILE_000000000518698&fileSn=0,23552,list\PBLN_000000000056871\[대전] 2020년 영세 자영업자 인건비 지원사업 추가 모집 공고.hwp,
PBLN_000000000056647,ok,첨부파일,특별고용촉진장려금(중소ㆍ중견기업 채용보조금) 사업 공고.hwp,hwp,https://www.bizinfo.go.kr/cmm/fms/fileDown.do?atchFileId=FILE_000000000516293&fileSn=0,52736,list\PBLN_000000000056647\특별고용촉진장려금(중소ㆍ중견기업 채용보조금) 사업 공고.hwp,
PBLN_000000000055726,ok,첨부파일,[대구] 2020년 제3차 (예비)사회적기업 일자리창출사업(신규ㆍ재심사ㆍ재참여 등) 참여기업 모집 공고.hwp,hwp,https://www.bizinfo.go.kr/cmm/fms/fileDown.do?atchFileId=FILE_000000000507114&fileSn=0,257025,list\PBLN_000000000055726\[대구] 2020년 제3차 (예비)사회적기업 일자리창출사업(신규ㆍ재심사ㆍ재참여 등) 참여기업 모집 공고.hwp,
PBLN_000000000055235,ok,첨부파일,신청서.hwp,hwp,https://www.bizinfo.go.kr/cmm/fms/fileDown.do?atchFileId=FILE_000000000502869&fileSn=1,19968,list\PBLN_000000000055235\신청서.hwp,
PBLN_000000000056142,ok,첨부파일,남구 2020년 일자리창출 우수기업 지원사업 시행공고.hwp,hwp,https://www.bizinfo.go.kr/cmm/fms/fileDown.do?atchFileId=FILE_000000000510935&fileSn=0,96256,list\PBLN_000000000056142\남구 2020년 일자리창출 우수기업 지원사업 시행공고.hwp,
PBLN_000000000052364,ok,첨부파일,2020년 글로벌 맞춤형 인재 매칭 프로그램 참가신청서_기업용.docx,docx,https://www.bizinfo.go.kr/cmm/fms/fileDown.do?atchFileId=FILE_000000000475768&fileSn=1,24615,list\PBLN_000000000052364\2020년 글로벌 맞춤형 인재 매칭 프로그램 참가신청서_기업용.docx,
PBLN_000000000049101,ok,첨부파일,[충남] 2019년 4분기 소상공인 사회보험료 지원사업 공고.hwp,hwp,https://www.bizinfo.go.kr/cmm/fms/fileDown.do?atchFileId=FILE_000000000442152&fileSn=0,39937,list\PBLN_000000000049101\[충남] 2019년 4분기 소상공인 사회보험료 지원사업 공고.hwp,
PBLN_000000000048832,ok,첨부파일,2020년 상반기 중소ㆍ벤처 기업부설연구소 병역지정업체 신청 공고.pdf,pdf,https://www.bizinfo.go.kr/cmm/fms/fileDown.do?atchFileId=FILE_000000000439407&fileSn=0,570865,list\PBLN_000000000048832\2020년 상반기 중소ㆍ벤처 기업부설연구소 병역지정업체 신청 공고.pdf,
PBLN_000000000055307,ok,첨부파일,2020 인천 뿌리기업 신규입직자 경력형성장려금 지원사업 및 뿌리기업 지원프로그램 참여기업 모집 공고.hwp,hwp,https://www.bizinfo.go.kr/cmm/fms/fileDown.do?atchFileId=FILE_000000000503315&fileSn=0,74240,list\PBLN_000000000055307\2020 인천 뿌리기업 신규입직자 경력형성장려금 지원사업 및 뿌리기업 지원프로그램 참여기업 모집 공고.hwp,
PBLN_000000000057857,ok,첨부파일,2020년 4차 (예비)사회적기업 일자리창출사업(신규ㆍ재심사) 모집 공고.hwp,hwp,https://www.bizinfo.go.kr/cmm/fms/fileDown.do?atchFileId=FILE_000000000528059&fileSn=0,238080,list\PBLN_000000000057857\2020년 4차 (예비)사회적기업 일자리창출사업(신규ㆍ재심사) 모집 공고.hwp,
PBLN_000000000049249,ok,첨부파일,2020년 이주청년 레벨업(Level-Up) 참여기업 모집 수정 공고(지역주도형 청년일자리 사업).pdf,pdf,https://www.bizinfo.go.kr/cmm/fms/fileDown.do?atchFileId=FILE_000000000444184&fileSn=0,388776,list\PBLN_000000000049249\2020년 이주청년 레벨업(Level-Up) 참여기업 모집 수정 공고(지역주도형 청년일자리 사업).pdf,
PBLN_000000000058663,ok,첨부파일,2020년 중소기업 계약학과 참여기업 모집 공고(성균관대학교 스마트팩토리융합학과 석사과정).hwp,hwp,https://www.bizinfo.go.kr/cmm/fms/fileDown.do?atchFileId=FILE_000000000537505&fileSn=0,60416,list\PBLN_000000000058663\2020년 중소기업 계약학과 참여기업 모집 공고(성균관대학교 스마트팩토리융합학과 석사과정).hwp,
PBLN_000000000054645,ok,첨부파일,2020년 청년일자리 우수기업 지원사업 공고문.pdf,pdf,https://www.bizinfo.go.kr/cmm/fms/fileDown.do?atchFileId=FILE_000000000497136&fileSn=0,220855,list\PBLN_000000000054645\2020년 청년일자리 우수기업 지원사업 공고문.pdf,
PBLN_000000000049961,ok,첨부파일,2020년 중소기업 연구인력지원사업 공고.hwp,hwp,https://www.bizinfo.go.kr/cmm/fms/fileDown.do?atchFileId=FILE_000000000451668&fileSn=0,113664,list\PBLN_000000000049961\2020년 중소기업 연구인력지원사업 공고.hwp,
PBLN_000000000059516,ok,첨부파일,동구 2020년 5차 인쇄 소공인 작업환경개선지원 희망업체 모집 공고.hwp,hwp,https://www.bizinfo.go.kr/cmm/fms/fileDown.do?atchFileId=FILE_000000000546218&fileSn=0,31232,list\PBLN_000000000059516\동구 2020년 5차 인쇄 소공인 작업환경개선지원 희망업체 모집 공고.hwp,
PBLN_000000000056126,ok,첨부파일,2020년 일터혁신 우수기업 인증제 참여기업 모집 공고.pdf,pdf,https://www.bizinfo.go.kr/cmm/fms/fileDown.do?atchFileId=FILE_000000000510886&fileSn=0,272797,list\PBLN_000000000056126\2020년 일터혁신 우수기업 인증제 참여기업 모집 공고.pdf,
PBLN_000000000051312,ok,첨부파일,코로나19대응 지역기업 방역지원 계획 공고문.pdf,pdf,https://www.bizinfo.go.kr/cmm/fms/fileDown.do?atchFileId=FILE_000000000465574&fileSn=0,64399,list\PBLN_000000000051312\코로나19대응 지역기업 방역지원 계획 공고문.pdf,
PBLN_000000000057780,ok,첨부파일,영천시 2020년 소상공인 카드수수료 지원사업 모집 공고.hwp,hwp,https://www.bizinfo.go.kr/cmm/fms/fileDown.do?atchFileId=FILE_000000000527216&fileSn=0,26112,list\PBLN_000000000057780\영천시 2020년 소상공인 카드수수료 지원사업 모집 공고.hwp,
PBLN_000000000058321,ok,첨부파일,[충북] 2020년 5차 중소기업 R&D 역량강화 지원 참여기업 연장 모집 공고(신중년 경력형 일자리 사업).hwp,hwp,https://www.bizinfo.go.kr/cmm/fms/fileDown.do?atchFileId=FILE_000000000533500&fileSn=0,312320,list\PBLN_000000000058321\[충북] 2020년 5차 중소기업 R&D 역량강화 지원 참여기업 연장 모집 공고(신중년 경력형 일자리 사업).hwp,
PBLN_000000000054932,ok,첨부파일,2020년 제2차 해외우수신진연구자유치사업(KRF) 공고.hwp,hwp,https://www.bizinfo.go.kr/cmm/fms/fileDown.do?atchFileId=FILE_000000000499851&fileSn=0,28672,list\PBLN_000000000054932\2020년 제2차 해외우수신진연구자유치사업(KRF) 공고.hwp,
PBLN_000000000058198,ok,첨부파일,2020년 2차 스마트공장 재직자 심화과정 교육생 모집 공고.hwp,hwp,https://www.bizinfo.go.kr/cmm/fms/fileDown.do?atchFileId=FILE_000000000531835&fileSn=0,114688,list\PBLN_000000000058198\2020년 2차 스마트공장 재직자 심화과정 교육생 모집 공고.hwp,
PBLN_000000000059546,ok,첨부파일,작업환경측정+비용+지원+안내문+게시문(하반기)연장.hwp,hwp,https://www.bizinfo.go.kr/cmm/fms/fileDown.do?atchFileId=FILE_000000000546387&fileSn=0,125440,list\PBLN_000000000059546\작업환경측정+비용+지원+안내문+게시문(하반기)연장.hwp,
PBLN_000000000054599,ok,첨부파일,포항시 2020년 2차 일용직근로자 인건비 지원사업 참여업체 모집 공고.pdf,pdf,https://www.bizinfo.go.kr/cmm/fms/fileDown.do?atchFileId=FILE_000000000497008&fileSn=1,363025,list\PBLN_000000000054599\포항시 2020년 2차 일용직근로자 인건비 지원사업 참여업체 모집 공고.pdf,
PBLN_000000000054275,ok,첨부파일,2020년 청년고용우수기업 고용환경 개선사업 참여기업 추가모집 공고.hwp,hwp,https://www.bizinfo.go.kr/cmm/fms/fileDown.do?atchFileId=FILE_000000000493551&fileSn=0,29696,list\PBLN_000000000054275\2020년 청년고용우수기업 고용환경 개선사업 참여기업 추가모집 공고.hwp,
PBLN_000000000052974,ok,첨부파일,2004202020년제2차(예비)사회적기업일자리창출사업공고.hwp,hwp,https://www.bizinfo.go.kr/cmm/fms/fileDown.do?atchFileId=FILE_000000000481431&fileSn=0,307712,list\PBLN_000000000052974\2004202020년제2차(예비)사회적기업일자리창출사업공고.hwp,
PBLN_000000000051309,ok,첨부파일,[경북] 2020년 경북형 사회적경제 청년일자리 참여기업 모집 공고.hwp,hwp,https://www.bizinfo.go.kr/cmm/fms/fileDown.do?atchFileId=FILE_000000000465468&fileSn=0,52736,list\PBLN_000000000051309\[경북] 2020년 경북형 사회적경제 청년일자리 참여기업 모집 공고.hwp,
PBLN_000000000052028,ok,첨부파일,무급휴직근로자 지원 신청서.hwp,hwp,https://www.bizinfo.go.kr/cmm/fms/fileDown.do?atchFileId=FILE_000000000472573&fileSn=0,17408,list\PBLN_000000000052028\무급휴직근로자 지원 신청서.hwp,
PBLN_000000000058992,ok,첨부파일,[경북] 2020년 기업맞춤형 교육지원 사업 참여기업 모집 공고.pdf,pdf,https://www.bizinfo.go.kr/cmm/fms/fileDown.do?atchFileId=FILE_000000000540817&fileSn=0,244244,list\PBLN_000000000058992\[경북] 2020년 기업맞춤형 교육지원 사업 참여기업 모집 공고.pdf,
PBLN_000000000052196,ok,첨부파일,2020년 제2차 (예비)사회적기업 일자리창출사업(신규ㆍ재심사ㆍ재참여 등) 참여기업 모집 공고.hwp,hwp,https://www.bizinfo.go.kr/cmm/fms/fileDown.do?atchFileId=FILE_000000000473977&fileSn=0,259073,list\PBLN_000000000052196\2020년 제2차 (예비)사회적기업 일자리창출사업(신규ㆍ재심사ㆍ재참여 등) 참여기업 모집 공고.hwp,
PBLN_000000000048661,ok,첨부파일,[서울] 강남구 2020년 1기 중소기업 청년인턴십 기업 및 인턴모집 공고.hwp,hwp,https://www.bizinfo.go.kr/cmm/fms/fileDown.do?atchFileId=FILE_000000000437619&fileSn=0,87552,list\PBLN_000000000048661\[서울] 강남구 2020년 1기 중소기업 청년인턴십 기업 및 인턴모집 공고.hwp,
PBLN_000000000058290,ok,첨부파일,관련서식.hwp,hwp,https://www.bizinfo.go.kr/cmm/fms/fileDown.do?atchFileId=FILE_000000000533186&fileSn=1,87552,list\PBLN_000000000058290\관련서식.hwp,
PBLN_000000000055870,ok,첨부파일,붙임서류.hwp,hwp,https://www.bizinfo.go.kr/cmm/fms/fileDown.do?atchFileId=FILE_000000000508298&fileSn=1,173568,list\PBLN_000000000055870\붙임서류.hwp,
PBLN_000000000052100,ok,첨부파일,2차 신청서_벤처기업협회.hwp,hwp,https://www.bizinfo.go.kr/cmm/fms/fileDown.do?atchFileId=FILE_000000000473100&fileSn=1,49152,list\PBLN_000000000052100\2차 신청서_벤처기업협회.hwp,
PBLN_000000000053882,ok,첨부파일,2020년 영세사업장 청정연료 전환 사업 공고문 및 서식.hwp,hwp,https://www.bizinfo.go.kr/cmm/fms/fileDown.do?atchFileId=FILE_000000000490083&fileSn=0,1146880,list\PBLN_000000000053882\2020년 영세사업장 청정연료 전환 사업 공고문 및 서식.hwp,
PBLN_000000000049699,ok,첨부파일,2020년 전남형 예비 마을기업 모집 공고문 및 신청서.hwp,hwp,https://www.bizinfo.go.kr/cmm/fms/fileDown.do?atchFileId=FILE_000000000449346&fileSn=0,80896,list\PBLN_000000000049699\2020년 전남형 예비 마을기업 모집 공고문 및 신청서.hwp,
PBLN_000000000057110,ok,첨부파일,[울산] 남구 2차 2020년 일자리창출 우수기업 지원사업 시행공고.hwp,hwp,https://www.bizinfo.go.kr/cmm/fms/fileDown.do?atchFileId=FILE_000000000520813&fileSn=0,36352,list\PBLN_000000000057110\[울산] 남구 2차 2020년 일자리창출 우수기업 지원사업 시행공고.hwp,
PBLN_000000000058573,ok,첨부파일,채용연계+지원사업+모집공고.hwp,hwp,https://www.bizinfo.go.kr/cmm/fms/fileDown.do?atchFileId=FILE_000000000536620&fileSn=0,19456,list\PBLN_000000000058573\채용연계+지원사업+모집공고.hwp,
PBLN_000000000054177,ok,첨부파일,[부산] 2020년 B-소셜 청년JOB 드림사업 참가기업 모집 공고.hwp,hwp,https://www.bizinfo.go.kr/cmm/fms/fileDown.do?atchFileId=FILE_000000000492839&fileSn=0,32256,list\PBLN_000000000054177\[부산] 2020년 B-소셜 청년JOB 드림사업 참가기업 모집 공고.hwp,
PBLN_000000000052879,ok,첨부파일,2020년 PRIDE기업 신바람 일터 지원사업 참여기업 모집 공고.pdf,pdf,https://www.bizinfo.go.kr/cmm/fms/fileDown.do?atchFileId=FILE_000000000480628&fileSn=0,116405,list\PBLN_000000000052879\2020년 PRIDE기업 신바람 일터 지원사업 참여기업 모집 공고.pdf,
PBLN_000000000053416,ok,첨부파일,춘천시 소상공인 긴급 경영안정지원계획 공고(코로나19 위기극복 지원).hwp,hwp,https://www.bizinfo.go.kr/cmm/fms/fileDown.do?atchFileId=FILE_000000000485500&fileSn=0,112640,list\PBLN_000000000053416\춘천시 소상공인 긴급 경영안정지원계획 공고(코로나19 위기극복 지원).hwp,
PBLN_000000000049451,ok,첨부파일,2020년 중소기업 스마트제조혁신 지원사업 통합 공고.hwp,hwp,https://www.bizinfo.go.kr/cmm/fms/fileDown.do?atchFileId=FILE_000000000446632&fileSn=0,102912,list\PBLN_000000000049451\2020년 중소기업 스마트제조혁신 지원사업 통합 공고.hwp,
PBLN_000000000053763,ok,첨부파일,[서울] 2020년 중소기업 노무 컨설팅 지원사업 참가기업 모집 공고.hwp,hwp,https://www.bizinfo.go.kr/cmm/fms/fileDown.do?atchFileId=FILE_000000000488978&fileSn=0,24064,list\PBLN_000000000053763\[서울] 2020년 중소기업 노무 컨설팅 지원사업 참가기업 모집 공고.hwp,
PBLN_000000000055933,ok,첨부파일,[대구] 2020년 혁신전문인력 청년 채용지원사업 시행 공고(2020년 지역주도형 청년일자리 사업).hwp,hwp,https://www.bizinfo.go.kr/cmm/fms/fileDown.do?atchFileId=FILE_000000000509049&fileSn=0,41984,list\PBLN_000000000055933\[대구] 2020년 혁신전문인력 청년 채용지원사업 시행 공고(2020년 지역주도형 청년일자리 사업).hwp,
PBLN_000000000057591,ok,첨부파일,2020년 중소기업 청년일자리 지원사업 참여기업 추가모집 공고.hwp,hwp,https://www.bizinfo.go.kr/cmm/fms/fileDown.do?atchFileId=FILE_000000000525472&fileSn=0,80384,list\PBLN_000000000057591\2020년 중소기업 청년일자리 지원사업 참여기업 추가모집 공고.hwp,
PBLN_000000000052292,ok,첨부파일,영세 소상공인 긴급 민생지원금 지급계획 공고(코로나19 위기 극복 지원).hwp,hwp,https://www.bizinfo.go.kr/cmm/fms/fileDown.do?atchFileId=FILE_000000000475106&fileSn=0,97793,list\PBLN_000000000052292\영세 소상공인 긴급 민생지원금 지급계획 공고(코로나19 위기 극복 지원).hwp,
PBLN_000000000049307,ok,첨부파일,[충북] 중소기업 청년취업자 주거임차비 지원 사업참여자 모집 공고.hwp,hwp,https://www.bizinfo.go.kr/cmm/fms/fileDown.do?atchFileId=FILE_000000000444678&fileSn=0,17920,list\PBLN_000000000049307\[충북] 중소기업 청년취업자 주거임차비 지원 사업참여자 모집 공고.hwp,
PBLN_000000000059373,ok,첨부파일,[울산] 고용유지지원금 기업부담금 지원사업 지원대상기간 확대 추가모집 공고.hwp,hwp,https://www.bizinfo.go.kr/cmm/fms/fileDown.do?atchFileId=FILE_000000000544776&fileSn=0,81920,list\PBLN_000000000059373\[울산] 고용유지지원금 기업부담금 지원사업 지원대상기간 확대 추가모집 공고.hwp,
PBLN_000000000051074,ok,첨부파일,2020년 청년재작자 내일채움공제 가입장려금 지원사업 공고문.hwp,hwp,https://www.bizinfo.go.kr/cmm/fms/fileDown.do?atchFileId=FILE_000000000463264&fileSn=0,20993,list\PBLN_000000000051074\2020년 청년재작자 내일채움공제 가입장려금 지원사업 공고문.hwp,
PBLN_000000000057909,ok,첨부파일,신청서(긴급경영안정자금).hwp,hwp,https://www.bizinfo.go.kr/cmm/fms/fileDown.do?atchFileId=FILE_000000000528619&fileSn=1,20992,list\PBLN_000000000057909\신청서(긴급경영안정자금).hwp,
PBLN_000000000058669,ok,첨부파일,소상공인+신규고용+인건비+지원+2차+공고.hwp,hwp,https://www.bizinfo.go.kr/cmm/fms/fileDown.do?atchFileId=FILE_000000000537567&fileSn=0,617984,list\PBLN_000000000058669\소상공인+신규고용+인건비+지원+2차+공고.hwp,
PBLN_000000000055326,ok,첨부파일,[경북] 포항시 2020년 ITㆍSW 전문인력 고용창출 지원사업 모집 공고(포항SW지원센터운영사업).hwp,hwp,https://www.bizinfo.go.kr/cmm/fms/fileDown.do?atchFileId=FILE_000000000503582&fileSn=0,20992,list\PBLN_000000000055326\[경북] 포항시 2020년 ITㆍSW 전문인력 고용창출 지원사업 모집 공고(포항SW지원센터운영사업).hwp,
PBLN_000000000057512,ok,첨부파일,청년글로벌마케터 화상상담회 참여 모집 공고(2020년 3차 청년글로벌마케터사업)(코로나19 피해기업 가점우대).hwp,hwp,https://www.bizinfo.go.kr/cmm/fms/fileDown.do?atchFileId=FILE_000000000524652&fileSn=0,147456,list\PBLN_000000000057512\청년글로벌마케터 화상상담회 참여 모집 공고(2020년 3차 청년글로벌마케터사업)(코로나19 피해기업 가점우대).hwp,
PBLN_000000000055269,ok,첨부파일,[경북] 안동시 2020년 창업기업(스타트업)청년 희망일자리 사업 추가 모집 공고.hwp,hwp,https://www.bizinfo.go.kr/cmm/fms/fileDown.do?atchFileId=FILE_000000000503142&fileSn=0,25600,list\PBLN_000000000055269\[경북] 안동시 2020년 창업기업(스타트업)청년 희망일자리 사업 추가 모집 공고.hwp,
PBLN_000000000054023,ok,첨부파일,[제주] 2020년 2차 (예비)사회적기업 일자리창출사업 재심사 계획.hwp,hwp,https://www.bizinfo.go.kr/cmm/fms/fileDown.do?atchFileId=FILE_000000000491313&fileSn=0,198656,list\PBLN_000000000054023\[제주] 2020년 2차 (예비)사회적기업 일자리창출사업 재심사 계획.hwp,
PBLN_000000000049389,ok,첨부파일,2020년 중소기업 인력지원사업 참여기업 및 구직희망자 모집 공고문.hwp,hwp,https://www.bizinfo.go.kr/cmm/fms/fileDown.do?atchFileId=FILE_000000000445768&fileSn=0,32768,list\PBLN_000000000049389\2020년 중소기업 인력지원사업 참여기업 및 구직희망자 모집 공고문.hwp,
PBLN_000000000049142,ok,첨부파일,2020년 1차 (예비)사회적기업 일자리 창출사업((예비)사회적기업 재정지원사업) 공고문.hwp,hwp,https://www.bizinfo.go.kr/cmm/fms/fileDown.do?atchFileId=FILE_000000000442762&fileSn=0,393216,list\PBLN_000000000049142\2020년 1차 (예비)사회적기업 일자리 창출사업((예비)사회적기업 재정지원사업) 공고문.hwp,
PBLN_000000000054119,ok,첨부파일,[광주] 소상공인 신규채용 일자리 지원 사업 모집 공고(코로나19 대응 2단계 민간일자리 사업).hwp,hwp,https://www.bizinfo.go.kr/cmm/fms/fileDown.do?atchFileId=FILE_000000000492401&fileSn=0,35328,list\PBLN_000000000054119\[광주] 소상공인 신규채용 일자리 지원 사업 모집 공고(코로나19 대응 2단계 민간일자리 사업).hwp,
PBLN_000000000054281,ok,첨부파일,청년사업장 시간제 인력 지원사업 사업장 모집 공고.hwp,hwp,https://www.bizinfo.go.kr/cmm/fms/fileDown.do?atchFileId=FILE_000000000493615&fileSn=0,118272,list\PBLN_000000000054281\청년사업장 시간제 인력 지원사업 사업장 모집 공고.hwp,
PBLN_000000000050611,ok,첨부파일,[울산] 2020년 고용위기지역 청년 행복 지원사업 공고.hwp,hwp,https://www.bizinfo.go.kr/cmm/fms/fileDown.do?atchFileId=FILE_000000000458496&fileSn=0,79872,list\PBLN_000000000050611\[울산] 2020년 고용위기지역 청년 행복 지원사업 공고.hwp,
PBLN_000000000052998,ok,첨부파일,북부 2020년 섬유기업 맞춤형 온오프라인 플랫폼 구축 및 마케팅 전문인력 양성 지원사업 참여기업 모집 재공고.hwp,hwp,https://www.bizinfo.go.kr/cmm/fms/fileDown.do?atchFileId=FILE_000000000481930&fileSn=1,58880,list\PBLN_000000000052998\북부 2020년 섬유기업 맞춤형 온오프라인 플랫폼 구축 및 마케팅 전문인력 양성 지원사업 참여기업 모집 재공고.hwp,
PBLN_000000000054710,ok,첨부파일,2020년 청년일자리 우수기업 청년채용 지원사업 추가 공고.pdf,pdf,https://www.bizinfo.go.kr/cmm/fms/fileDown.do?atchFileId=FILE_000000000498009&fileSn=0,181834,list\PBLN_000000000054710\2020년 청년일자리 우수기업 청년채용 지원사업 추가 공고.pdf,
PBLN_000000000049073,ok,첨부파일,2020 이주청년 레벨업 지원사업 모집 공고문.pdf,pdf,https://www.bizinfo.go.kr/cmm/fms/fileDown.do?atchFileId=FILE_000000000441864&fileSn=0,389664,list\PBLN_000000000049073\2020 이주청년 레벨업 지원사업 모집 공고문.pdf,
PBLN_000000000059076,ok,첨부파일,베트남 특별입국 공고문.hwp,hwp,https://www.bizinfo.go.kr/cmm/fms/fileDown.do?atchFileId=FILE_000000000541825&fileSn=0,410112,list\PBLN_000000000059076\베트남 특별입국 공고문.hwp,
PBLN_000000000049670,ok,첨부파일,2020년 상반기 (예비)사회적기업 전문인력 지원사업 모집 공고문.hwp,hwp,https://www.bizinfo.go.kr/cmm/fms/fileDown.do?atchFileId=FILE_000000000448823&fileSn=0,166401,list\PBLN_000000000049670\2020년 상반기 (예비)사회적기업 전문인력 지원사업 모집 공고문.hwp,
PBLN_000000000057811,ok,첨부파일,[전남] 2020년 에너지 ICT 기업 청년 일 경험 지원사업 통합 추가모집 공고.hwp,hwp,https://www.bizinfo.go.kr/cmm/fms/fileDown.do?atchFileId=FILE_000000000527336&fileSn=0,38912,list\PBLN_000000000057811\[전남] 2020년 에너지 ICT 기업 청년 일 경험 지원사업 통합 추가모집 공고.hwp,
PBLN_000000000050070,ok,첨부파일,[부산] 2020년 부산광역시 고용우수기업 인증 및 지원사업 시행 공고.hwp,hwp,https://www.bizinfo.go.kr/cmm/fms/fileDown.do?atchFileId=FILE_000000000452814&fileSn=0,47104,list\PBLN_000000000050070\[부산] 2020년 부산광역시 고용우수기업 인증 및 지원사업 시행 공고.hwp,
PBLN_000000000071177,ok,첨부파일,2021년 3분기 무안국제공항 이용 항공사업자 재정지원 신청 공고.hwp,hwp,https://www.bizinfo.go.kr/cmm/fms/fileDown.do?atchFileId=FILE_000000000597222&fileSn=0,18944,list\PBLN_000000000071177\2021년 3분기 무안국제공항 이용 항공사업자 재정지원 신청 공고.hwp,
PBLN_000000000060466,ok,첨부파일,[광주] 2021년 비대면 전략산업 청년채용 지원사업 참여기업 모집 공고(지역주도형 청년일자리 사업).hwp,hwp,https://www.bizinfo.go.kr/cmm/fms/fileDown.do?atchFileId=FILE_000000000555381&fileSn=0,31232,list\PBLN_000000000060466\[광주] 2021년 비대면 전략산업 청년채용 지원사업 참여기업 모집 공고(지역주도형 청년일자리 사업).hwp,
PBLN_000000000061298,ok,첨부파일,[경북] 2021년 지역청년기업 빅데이터 구축 청년 일자리 지원사업 참여기업 모집 공고(지역주도형 청년일자리 사업).pdf,pdf,https://www.bizinfo.go.kr/cmm/fms/fileDown.do?atchFileId=FILE_000000000561763&fileSn=0,234135,list\PBLN_000000000061298\[경북] 2021년 지역청년기업 빅데이터 구축 청년 일자리 지원사업 참여기업 모집 공고(지역주도형 청년일자리 사업).pdf,
PBLN_000000000070843,ok,첨부파일,2021년 3차 자동차 부품기업 대상 청년일자리 지원사업 참여기업 모집 공고.hwp,hwp,https://www.bizinfo.go.kr/cmm/fms/fileDown.do?atchFileId=FILE_000000000596086&fileSn=0,93184,list\PBLN_000000000070843\2021년 3차 자동차 부품기업 대상 청년일자리 지원사업 참여기업 모집 공고.hwp,
PBLN_000000000061818,ok,첨부파일,스케일업 기업 디지털 일자리사업 추가모집 공고.hwp,hwp,https://www.bizinfo.go.kr/cmm/fms/fileDown.do?atchFileId=FILE_000000000566352&fileSn=0,93696,list\PBLN_000000000061818\스케일업 기업 디지털 일자리사업 추가모집 공고.hwp,
PBLN_000000000069492,ok,첨부파일,[서울] 2021년 중소기업 독서와 무제한 친해지리 프로젝트 참여기업 모집 공고.hwp,hwp,https://www.bizinfo.go.kr/cmm/fms/fileDown.do?atchFileId=FILE_000000000592619&fileSn=0,19968,list\PBLN_000000000069492\[서울] 2021년 중소기업 독서와 무제한 친해지리 프로젝트 참여기업 모집 공고.hwp,
PBLN_000000000061247,ok,첨부파일,2021년 청년나래 일자리 지원사업 사업장 모집 공고.hwp,hwp,https://www.bizinfo.go.kr/cmm/fms/fileDown.do?atchFileId=FILE_000000000561445&fileSn=0,33280,list\PBLN_000000000061247\2021년 청년나래 일자리 지원사업 사업장 모집 공고.hwp,
PBLN_000000000060795,ok,첨부파일,[부산] 동래구 2021년 지역주도형 청년일자리 사업 얼쑤 동래! 청년 디지털 일자리 이음 사업 참여 기업 모집 공고.hwp,hwp,https://www.bizinfo.go.kr/cmm/fms/fileDown.do?atchFileId=FILE_000000000557883&fileSn=0,114688,list\PBLN_000000000060795\[부산] 동래구 2021년 지역주도형 청년일자리 사업 얼쑤 동래! 청년 디지털 일자리 이음 사업 참여 기업 모집 공고.hwp,
PBLN_000000000062179,ok,첨부파일,2021년 청년글로벌마케터사업 참여기업 모집 공고.hwp,hwp,https://www.bizinfo.go.kr/cmm/fms/fileDown.do?atchFileId=FILE_000000000569341&fileSn=0,131072,list\PBLN_000000000062179\2021년 청년글로벌마케터사업 참여기업 모집 공고.hwp,
PBLN_000000000064705,ok,첨부파일,2021년 과학기술분야 R&D 대체인력 활용 지원사업 모집 공고.pdf,pdf,https://www.bizinfo.go.kr/cmm/fms/fileDown.do?atchFileId=FILE_000000000583271&fileSn=0,520872,list\PBLN_000000000064705\2021년 과학기술분야 R&D 대체인력 활용 지원사업 모집 공고.pdf,
PBLN_000000000066498,ok,첨부파일,2021년 경북사랑 내일채움공제 지원사업 모집 공고.hwp,hwp,https://www.bizinfo.go.kr/cmm/fms/fileDown.do?atchFileId=FILE_000000000586687&fileSn=0,116224,list\PBLN_000000000066498\2021년 경북사랑 내일채움공제 지원사업 모집 공고.hwp,
PBLN_000000000065102,ok,첨부파일,2021년 제3차 재택근무 종합 컨설팅 지원 사업장 모집 공고.hwp,hwp,https://www.bizinfo.go.kr/cmm/fms/fileDown.do?atchFileId=FILE_000000000583964&fileSn=0,161792,list\PBLN_000000000065102\2021년 제3차 재택근무 종합 컨설팅 지원 사업장 모집 공고.hwp,
PBLN_000000000065549,ok,첨부파일,(2차)우수인재 유치 지원사업 모집 공고문.hwp,hwp,https://www.bizinfo.go.kr/cmm/fms/fileDown.do?atchFileId=FILE_000000000584891&fileSn=0,23040,list\PBLN_000000000065549\(2차)우수인재 유치 지원사업 모집 공고문.hwp,
PBLN_000000000066560,ok,첨부파일,2021년 언택트산업 기술인력 인건비 지원사업 참여기업 추가모집 공고.hwp,hwp,https://www.bizinfo.go.kr/cmm/fms/fileDown.do?atchFileId=FILE_000000000586814&fileSn=0,100352,list\PBLN_000000000066560\2021년 언택트산업 기술인력 인건비 지원사업 참여기업 추가모집 공고.hwp,
PBLN_000000000070551,ok,첨부파일,2021년 기업 청년 SW인재 스카우트 참여기업 상시모집 공고.pdf,pdf,https://www.bizinfo.go.kr/cmm/fms/fileDown.do?atchFileId=FILE_000000000595152&fileSn=0,159429,list\PBLN_000000000070551\2021년 기업 청년 SW인재 스카우트 참여기업 상시모집 공고.pdf,
PBLN_000000000069354,ok,첨부파일,[인천] 2021년 뿌리기업 신규입직자 경력형성장려금 지원사업 1차 추가 모집 공고.pdf,pdf,https://www.bizinfo.go.kr/cmm/fms/fileDown.do?atchFileId=FILE_000000000592328&fileSn=0,702206,list\PBLN_000000000069354\[인천] 2021년 뿌리기업 신규입직자 경력형성장려금 지원사업 1차 추가 모집 공고.pdf,
PBLN_000000000070307,ok,첨부파일,2021년도+기업맞춤형+현장훈련+참여기업+모집(연장)+공고문_2차.hwp,hwp,https://www.bizinfo.go.kr/cmm/fms/fileDown.do?atchFileId=FILE_000000000594552&fileSn=0,137216,list\PBLN_000000000070307\2021년도+기업맞춤형+현장훈련+참여기업+모집(연장)+공고문_2차.hwp,
PBLN_000000000060135,ok,첨부파일,[경북] 2021년 사회적경제 청년일자리 참여기업 모집 공고.hwp,hwp,https://www.bizinfo.go.kr/cmm/fms/fileDown.do?atchFileId=FILE_000000000552567&fileSn=0,50688,list\PBLN_000000000060135\[경북] 2021년 사회적경제 청년일자리 참여기업 모집 공고.hwp,
PBLN_000000000063897,ok,첨부파일,[충북] 2021년 청년일자리 우수기업 지원사업 모집 연장공고.pdf,pdf,https://www.bizinfo.go.kr/cmm/fms/fileDown.do?atchFileId=FILE_000000000581771&fileSn=0,228235,list\PBLN_000000000063897\[충북] 2021년 청년일자리 우수기업 지원사업 모집 연장공고.pdf,
PBLN_000000000067847,ok,첨부파일,[경남] 2020년 2차 청년채용 중소기업 근무환경 개선사업 지원기업 모집 공고.hwp,hwp,https://www.bizinfo.go.kr/cmm/fms/fileDown.do?atchFileId=FILE_000000000589371&fileSn=0,83456,list\PBLN_000000000067847\[경남] 2020년 2차 청년채용 중소기업 근무환경 개선사업 지원기업 모집 공고.hwp,
PBLN_000000000068998,ok,첨부파일,코로나19 재난 극복을 위한 마이스업계 자금지원사업 모집 공고.hwp,hwp,https://www.bizinfo.go.kr/cmm/fms/fileDown.do?atchFileId=FILE_000000000591647&fileSn=0,49664,list\PBLN_000000000068998\코로나19 재난 극복을 위한 마이스업계 자금지원사업 모집 공고.hwp,
PBLN_000000000070727,ok,첨부파일,[부산] AI기반 중소형 엔지니어링 기술개발 협업ㆍ실증 플랫폼 구축 사업 지원 재공고(산업혁신기반구축사업).hwp,hwp,https://www.bizinfo.go.kr/cmm/fms/fileDown.do?atchFileId=FILE_000000000595712&fileSn=0,25088,list\PBLN_000000000070727\[부산] AI기반 중소형 엔지니어링 기술개발 협업ㆍ실증 플랫폼 구축 사업 지원 재공고(산업혁신기반구축사업).hwp,
PBLN_000000000071441,ok,첨부파일,2022년 산업단지 중소기업 청년 교통비 지원사업 시행 공고.hwp,hwp,https://www.bizinfo.go.kr/cmm/fms/fileDown.do?atchFileId=FILE_000000000597960&fileSn=0,120832,list\PBLN_000000000071441\2022년 산업단지 중소기업 청년 교통비 지원사업 시행 공고.hwp,
PBLN_000000000060374,ok,첨부파일,2021년 대구형 청년내일채움공제 시행 공고.hwp,hwp,https://www.bizinfo.go.kr/cmm/fms/fileDown.do?atchFileId=FILE_000000000554537&fileSn=0,95233,list\PBLN_000000000060374\2021년 대구형 청년내일채움공제 시행 공고.hwp,
PBLN_000000000060242,ok,첨부파일,김제시 청청 일자리 매칭 지원사업 참여 사업장 모집 공고.pdf,pdf,https://www.bizinfo.go.kr/cmm/fms/fileDown.do?atchFileId=FILE_000000000553406&fileSn=0,634009,list\PBLN_000000000060242\김제시 청청 일자리 매칭 지원사업 참여 사업장 모집 공고.pdf,
PBLN_000000000063666,no_doc,,,,,0,,
PBLN_000000000064127,ok,첨부파일,[서울] 2021년 (예비)사회적기업 전문인력 신규 지원계획 공고.hwp,hwp,https://www.bizinfo.go.kr/cmm/fms/fileDown.do?atchFileId=FILE_000000000582230&fileSn=2,28672,list\PBLN_000000000064127\[서울] 2021년 (예비)사회적기업 전문인력 신규 지원계획 공고.hwp,
PBLN_000000000060511,ok,첨부파일,2021년 경상북도 (예비)사회적기업 전문인력 및 사회보험료 지원사업 참여기업 모집공고.hwp,hwp,https://www.bizinfo.go.kr/cmm/fms/fileDown.do?atchFileId=FILE_000000000555673&fileSn=0,262144,list\PBLN_000000000060511\2021년 경상북도 (예비)사회적기업 전문인력 및 사회보험료 지원사업 참여기업 모집공고.hwp,
PBLN_000000000062735,ok,첨부파일,[부산] 2021년 영화영상기업 기술ㆍ고용지원사업 모집 공고.hwp,hwp,https://www.bizinfo.go.kr/cmm/fms/fileDown.do?atchFileId=FILE_000000000573714&fileSn=0,21504,list\PBLN_000000000062735\[부산] 2021년 영화영상기업 기술ㆍ고용지원사업 모집 공고.hwp,
PBLN_000000000064681,ok,첨부파일,「언택트산업분야 청년일자리 지원사업」 추가모집 공고문.hwp,hwp,https://www.bizinfo.go.kr/cmm/fms/fileDown.do?atchFileId=FILE_000000000583247&fileSn=0,84480,list\PBLN_000000000064681\「언택트산업분야 청년일자리 지원사업」 추가모집 공고문.hwp,
PBLN_000000000071623,ok,첨부파일,2022년 스타트업 청년일자리 지원사업 참여기업 모집 공고.hwp,hwp,https://www.bizinfo.go.kr/cmm/fms/fileDown.do?atchFileId=FILE_000000000598364&fileSn=0,77312,list\PBLN_000000000071623\2022년 스타트업 청년일자리 지원사업 참여기업 모집 공고.hwp,
PBLN_000000000064848,ok,첨부파일,2021년 충북 신성장산업 근무환경개선지원 사업 공고.pdf,pdf,https://www.bizinfo.go.kr/cmm/fms/fileDown.do?atchFileId=FILE_000000000583537&fileSn=0,245270,list\PBLN_000000000064848\2021년 충북 신성장산업 근무환경개선지원 사업 공고.pdf,
PBLN_000000000067997,no_doc,,,,,0,,
PBLN_000000000070283,ok,첨부파일,2021년 수출기업인력뱅크 지원사업 참여기업 추가모집 공고.hwp,hwp,https://www.bizinfo.go.kr/cmm/fms/fileDown.do?atchFileId=FILE_000000000594448&fileSn=0,86016,list\PBLN_000000000070283\2021년 수출기업인력뱅크 지원사업 참여기업 추가모집 공고.hwp,
PBLN_000000000060550,ok,첨부파일,[경북] 2021년 일하기 좋은 강소기업 채용장려금 지원 참여기업 모집 재공고(지역주도형 청년일자리 사업).pdf,pdf,https://www.bizinfo.go.kr/cmm/fms/fileDown.do?atchFileId=FILE_000000000555966&fileSn=0,235272,list\PBLN_000000000060550\[경북] 2021년 일하기 좋은 강소기업 채용장려금 지원 참여기업 모집 재공고(지역주도형 청년일자리 사업).pdf,
PBLN_000000000066941,ok,첨부파일,2021 온오프라인 강원일자리박람회 기업모집 공고 및 신청서.hwp,hwp,https://www.bizinfo.go.kr/cmm/fms/fileDown.do?atchFileId=FILE_000000000587580&fileSn=0,150016,list\PBLN_000000000066941\2021 온오프라인 강원일자리박람회 기업모집 공고 및 신청서.hwp,
PBLN_000000000071133,ok,첨부파일,DNA+US 기반기업 청년일자리 프로젝트 참여기업 추가모집 공고.hwp,hwp,https://www.bizinfo.go.kr/cmm/fms/fileDown.do?atchFileId=FILE_000000000597047&fileSn=0,40448,list\PBLN_000000000071133\DNA+US 기반기업 청년일자리 프로젝트 참여기업 추가모집 공고.hwp,
PBLN_000000000067734,ok,첨부파일,「2021년 포항시 일자리 공감페이(pay) 지원사업」모집 변경 공고문.hwp,hwp,https://www.bizinfo.go.kr/cmm/fms/fileDown.do?atchFileId=FILE_000000000589157&fileSn=0,32768,list\PBLN_000000000067734\「2021년 포항시 일자리 공감페이(pay) 지원사업」모집 변경 공고문.hwp,
PBLN_000000000063832,ok,첨부파일,「언택트산업분야 청년일자리 지원사업」 추가모집 공고문.hwp,hwp,https://www.bizinfo.go.kr/cmm/fms/fileDown.do?atchFileId=FILE_000000000581680&fileSn=0,81408,list\PBLN_000000000063832\「언택트산업분야 청년일자리 지원사업」 추가모집 공고문.hwp,
PBLN_000000000064837,ok,첨부파일,채용인력 신청직무의 유형.hwp,hwp,https://www.bizinfo.go.kr/cmm/fms/fileDown.do?atchFileId=FILE_000000000583513&fileSn=1,31744,list\PBLN_000000000064837\채용인력 신청직무의 유형.hwp,
PBLN_000000000062035,ok,첨부파일,2021_스마트혁신기업_청년일자리지원사업_참여기업모집_공고문.hwp,hwp,https://www.bizinfo.go.kr/cmm/fms/fileDown.do?atchFileId=FILE_000000000568142&fileSn=0,22528,list\PBLN_000000000062035\2021_스마트혁신기업_청년일자리지원사업_참여기업모집_공고문.hwp,
PBLN_000000000062440,ok,첨부파일,[인천] 2021년 중소기업 근로자 기숙사 임차 지원사업 참여기업 모집 공고.hwp,hwp,https://www.bizinfo.go.kr/cmm/fms/fileDown.do?atchFileId=FILE_000000000571537&fileSn=0,80384,list\PBLN_000000000062440\[인천] 2021년 중소기업 근로자 기숙사 임차 지원사업 참여기업 모집 공고.hwp,
PBLN_000000000069430,ok,첨부파일,2021 환경개선 지원사업 참여기업 모집공고 세부자료.pdf,pdf,https://www.bizinfo.go.kr/cmm/fms/fileDown.do?atchFileId=FILE_000000000592518&fileSn=0,566246,list\PBLN_000000000069430\2021 환경개선 지원사업 참여기업 모집공고 세부자료.pdf,
PBLN_000000000070357,ok,첨부파일,2021년 제주형 5차 재난긴급생활지원금(노래연습장ㆍPC방) 지원계획 연장 공고.hwp,hwp,https://www.bizinfo.go.kr/cmm/fms/fileDown.do?atchFileId=FILE_000000000594662&fileSn=0,91137,list\PBLN_000000000070357\2021년 제주형 5차 재난긴급생활지원금(노래연습장ㆍPC방) 지원계획 연장 공고.hwp,
PBLN_000000000070273,ok,첨부파일,2021년 4차 중소기업 공동직장어린이집 설치비 지원사업자 공고문_서식포함_홍보용(4차).hwp,hwp,https://www.bizinfo.go.kr/cmm/fms/fileDown.do?atchFileId=FILE_000000000594455&fileSn=0,70144,list\PBLN_000000000070273\2021년 4차 중소기업 공동직장어린이집 설치비 지원사업자 공고문_서식포함_홍보용(4차).hwp,
PBLN_000000000066989,no_doc,,,,,0,,
PBLN_000000000071342,ok,첨부파일,[충남] 2022년 디지털 뉴딜 청년일자리 사업 시행 공고(지역주도형 청년일자리사업).hwp,hwp,https://www.bizinfo.go.kr/cmm/fms/fileDown.do?atchFileId=FILE_000000000597699&fileSn=0,111104,list\PBLN_000000000071342\[충남] 2022년 디지털 뉴딜 청년일자리 사업 시행 공고(지역주도형 청년일자리사업).hwp,
PBLN_000000000067268,ok,첨부파일,[충남] 2021년 고용우수기업 지원사업 공고.hwp,hwp,https://www.bizinfo.go.kr/cmm/fms/fileDown.do?atchFileId=FILE_000000000588305&fileSn=0,64513,list\PBLN_000000000067268\[충남] 2021년 고용우수기업 지원사업 공고.hwp,
PBLN_000000000068347,ok,첨부파일,2021년 원자력산업 퇴직자ㆍ재직자 경력전환 무상교육 지원사업 경력인력 모집 연장공고.hwp,hwp,https://www.bizinfo.go.kr/cmm/fms/fileDown.do?atchFileId=FILE_000000000590337&fileSn=1,23552,list\PBLN_000000000068347\2021년 원자력산업 퇴직자ㆍ재직자 경력전환 무상교육 지원사업 경력인력 모집 연장공고.hwp,
PBLN_000000000069241,ok,첨부파일,[대구] 2021년 AI 스쿨 연계 채용지원사업 참여기업 모집 공고(지역주도형 청년일자리 사업).hwp,hwp,https://www.bizinfo.go.kr/cmm/fms/fileDown.do?atchFileId=FILE_000000000592053&fileSn=0,131585,list\PBLN_000000000069241\[대구] 2021년 AI 스쿨 연계 채용지원사업 참여기업 모집 공고(지역주도형 청년일자리 사업).hwp,
PBLN_000000000062101,ok,첨부파일,[경북] 2021년 임어업 비대면 디지털화 일자리 지원사업 참가기업 추가모집 공고.hwp,hwp,https://www.bizinfo.go.kr/cmm/fms/fileDown.do?atchFileId=FILE_000000000568412&fileSn=0,88576,list\PBLN_000000000062101\[경북] 2021년 임어업 비대면 디지털화 일자리 지원사업 참가기업 추가모집 공고.hwp,
PBLN_000000000062792,ok,첨부파일,[경남] 거창승강기밸리 청년일자리 지원사업 산업체 모집 공고.hwp,hwp,https://www.bizinfo.go.kr/cmm/fms/fileDown.do?atchFileId=FILE_000000000574323&fileSn=0,180224,list\PBLN_000000000062792\[경남] 거창승강기밸리 청년일자리 지원사업 산업체 모집 공고.hwp,
PBLN_000000000068962,ok,첨부파일,코로나19 극복 마을버스 운송업체 재난지원금 지급 공고.hwp,hwp,https://www.bizinfo.go.kr/cmm/fms/fileDown.do?atchFileId=FILE_000000000591544&fileSn=0,76801,list\PBLN_000000000068962\코로나19 극복 마을버스 운송업체 재난지원금 지급 공고.hwp,
PBLN_000000000060915,ok,첨부파일,2021년 상반기 중소기업 연구인력지원사업 공고.hwp,hwp,https://www.bizinfo.go.kr/cmm/fms/fileDown.do?atchFileId=FILE_000000000558770&fileSn=0,131072,list\PBLN_000000000060915\2021년 상반기 중소기업 연구인력지원사업 공고.hwp,
PBLN_000000000069687,ok,첨부파일,강남구 2021년 2기 중소기업 청년인턴십 기업 및 인턴모집 공고.hwp,hwp,https://www.bizinfo.go.kr/cmm/fms/fileDown.do?atchFileId=FILE_000000000593023&fileSn=0,92672,list\PBLN_000000000069687\강남구 2021년 2기 중소기업 청년인턴십 기업 및 인턴모집 공고.hwp,
PBLN_000000000071151,ok,첨부파일,2021년 현장학습 연계형 고졸 청년 취업활성화사업 참여기업 모집 변경공고.hwp,hwp,https://www.bizinfo.go.kr/cmm/fms/fileDown.do?atchFileId=FILE_000000000597131&fileSn=0,52736,list\PBLN_000000000071151\2021년 현장학습 연계형 고졸 청년 취업활성화사업 참여기업 모집 변경공고.hwp,
PBLN_000000000063446,ok,첨부파일,「2021+관광+청년인턴제+지원+사업」+참여+사업체+모집+공고.hwp,hwp,https://www.bizinfo.go.kr/cmm/fms/fileDown.do?atchFileId=FILE_000000000579927&fileSn=0,15360,list\PBLN_000000000063446\「2021+관광+청년인턴제+지원+사업」+참여+사업체+모집+공고.hwp,
PBLN_000000000066938,ok,첨부파일,서울기업 온택트 채용관 모집 공고문.pdf,pdf,https://www.bizinfo.go.kr/cmm/fms/fileDown.do?atchFileId=FILE_000000000587644&fileSn=0,136491,list\PBLN_000000000066938\서울기업 온택트 채용관 모집 공고문.pdf,
PBLN_000000000060107,ok,첨부파일,청년 일경험드림(Dream) 9기 사회적경제형 드림터 참여기업 모집 공고.hwp,hwp,https://www.bizinfo.go.kr/cmm/fms/fileDown.do?atchFileId=FILE_000000000552265&fileSn=0,19969,list\PBLN_000000000060107\청년 일경험드림(Dream) 9기 사회적경제형 드림터 참여기업 모집 공고.hwp,
PBLN_000000000061585,ok,첨부파일,[인천] 서구 2021년 포스트코로나 청년 일자리 지원사업 참여기업 모집 재공고.hwp,hwp,https://www.bizinfo.go.kr/cmm/fms/fileDown.do?atchFileId=FILE_000000000564179&fileSn=0,81920,list\PBLN_000000000061585\[인천] 서구 2021년 포스트코로나 청년 일자리 지원사업 참여기업 모집 재공고.hwp,
PBLN_000000000070048,ok,첨부파일,[서울ㆍ경기ㆍ인천] 2021년 SOS 개발자 재교육 프로젝트 기업 모집 공고.pdf,pdf,https://www.bizinfo.go.kr/cmm/fms/fileDown.do?atchFileId=FILE_000000000593888&fileSn=0,213026,list\PBLN_000000000070048\[서울ㆍ경기ㆍ인천] 2021년 SOS 개발자 재교육 프로젝트 기업 모집 공고.pdf,
PBLN_000000000062375,ok,첨부파일,2021년 하반기 ICT학점연계프로젝트인턴십 글로벌과정 사업 공고문.pdf,pdf,https://www.bizinfo.go.kr/cmm/fms/fileDown.do?atchFileId=FILE_000000000571106&fileSn=0,388499,list\PBLN_000000000062375\2021년 하반기 ICT학점연계프로젝트인턴십 글로벌과정 사업 공고문.pdf,
PBLN_000000000060730,ok,첨부파일,[경남] 2021년 중소기업 청년활력사업 참여기업 모집 공고.hwp,hwp,https://www.bizinfo.go.kr/cmm/fms/fileDown.do?atchFileId=FILE_000000000557348&fileSn=0,114688,list\PBLN_000000000060730\[경남] 2021년 중소기업 청년활력사업 참여기업 모집 공고.hwp,
PBLN_000000000060390,ok,첨부파일,[인천] 2021년 (예비)사회적기업 일자리창출사업 신청 공고.hwp,hwp,https://www.bizinfo.go.kr/cmm/fms/fileDown.do?atchFileId=FILE_000000000554817&fileSn=0,81920,list\PBLN_000000000060390\[인천] 2021년 (예비)사회적기업 일자리창출사업 신청 공고.hwp,
PBLN_000000000064788,ok,첨부파일,[공고문] 2021년 하반기 ICT학점연계프로젝트인턴십 국내과정 사업 공고.pdf,pdf,https://www.bizinfo.go.kr/cmm/fms/fileDown.do?atchFileId=FILE_000000000583417&fileSn=0,372235,list\PBLN_000000000064788\[공고문] 2021년 하반기 ICT학점연계프로젝트인턴십 국내과정 사업 공고.pdf,
PBLN_000000000060759,ok,첨부파일,2021년 상반기 병역지정업체(산업체) 선정 공고.hwp,hwp,https://www.bizinfo.go.kr/cmm/fms/fileDown.do?atchFileId=FILE_000000000557835&fileSn=0,88576,list\PBLN_000000000060759\2021년 상반기 병역지정업체(산업체) 선정 공고.hwp,
PBLN_000000000065879,ok,첨부파일,[부산] 2021년 2차 특성화고 맞춤형 행복 JOB드림 사업 참가기업 모집 공고.hwp,hwp,https://www.bizinfo.go.kr/cmm/fms/fileDown.do?atchFileId=FILE_000000000585457&fileSn=0,72704,list\PBLN_000000000065879\[부산] 2021년 2차 특성화고 맞춤형 행복 JOB드림 사업 참가기업 모집 공고.hwp,
PBLN_000000000062594,ok,첨부파일,지침 개정내용.hwp,hwp,https://www.bizinfo.go.kr/cmm/fms/fileDown.do?atchFileId=FILE_000000000572660&fileSn=1,16896,list\PBLN_000000000062594\지침 개정내용.hwp,
PBLN_000000000060068,ok,첨부파일,2021년 청년 디지털 일자리 사업 지침.pdf,pdf,https://www.bizinfo.go.kr/cmm/fms/fileDown.do?atchFileId=FILE_000000000552152&fileSn=0,1796837,list\PBLN_000000000060068\2021년 청년 디지털 일자리 사업 지침.pdf,
PBLN_000000000060781,ok,첨부파일,2021년 경남 청년장인 프로젝트 사업장 모집 공고.hwp,hwp,https://www.bizinfo.go.kr/cmm/fms/fileDown.do?atchFileId=FILE_000000000557765&fileSn=0,109569,list\PBLN_000000000060781\2021년 경남 청년장인 프로젝트 사업장 모집 공고.hwp,
PBLN_000000000066016,ok,첨부파일,청년글로벌마케터_수탁기관_모집_공고.hwp,hwp,https://www.bizinfo.go.kr/cmm/fms/fileDown.do?atchFileId=FILE_000000000585766&fileSn=0,110592,list\PBLN_000000000066016\청년글로벌마케터_수탁기관_모집_공고.hwp,
PBLN_000000000067991,ok,첨부파일,[대구] 2021년 2차 지역SW기업 성장지원사업 SW분야 기업 수요형 산학 협력 프로젝트 참가기업 모집 공고.hwp,hwp,https://www.bizinfo.go.kr/cmm/fms/fileDown.do?atchFileId=FILE_000000000589689&fileSn=0,20992,list\PBLN_000000000067991\[대구] 2021년 2차 지역SW기업 성장지원사업 SW분야 기업 수요형 산학 협력 프로젝트 참가기업 모집 공고.hwp,
PBLN_000000000061007,ok,첨부파일,충주시 관광사업체 긴급 재난지원금 지급 공고.hwp,hwp,https://www.bizinfo.go.kr/cmm/fms/fileDown.do?atchFileId=FILE_000000000559469&fileSn=0,20480,list\PBLN_000000000061007\충주시 관광사업체 긴급 재난지원금 지급 공고.hwp,
PBLN_000000000067756,ok,첨부파일,2021년 한국도로공사 중소ㆍ벤처기업 인턴십 참여기업 모집 공고.hwp,hwp,https://www.bizinfo.go.kr/cmm/fms/fileDown.do?atchFileId=FILE_000000000589216&fileSn=0,43520,list\PBLN_000000000067756\2021년 한국도로공사 중소ㆍ벤처기업 인턴십 참여기업 모집 공고.hwp,
PBLN_000000000061028,ok,첨부파일,[대구] 2021년 지역혁신기관 연계 브레인스타(Brain Star) 양성사업 참여기업 모집 공고(지역 주도형 청년일자리 사업).pdf,pdf,https://www.bizinfo.go.kr/cmm/fms/fileDown.do?atchFileId=FILE_000000000559563&fileSn=0,771528,list\PBLN_000000000061028\[대구] 2021년 지역혁신기관 연계 브레인스타(Brain Star) 양성사업 참여기업 모집 공고(지역 주도형 청년일자리 사업).pdf,
PBLN_000000000060489,ok,첨부파일,[경기] 안양시 2021년 중소기업 인턴사원제 참여기업 모집 공고.hwp,hwp,https://www.bizinfo.go.kr/cmm/fms/fileDown.do?atchFileId=FILE_000000000555550&fileSn=0,53760,list\PBLN_000000000060489\[경기] 안양시 2021년 중소기업 인턴사원제 참여기업 모집 공고.hwp,
PBLN_000000000059875,ok,첨부파일,[경북] 2021년 경북형 사회적경제 청년일자리 참여기업 모집 공고.hwp,hwp,https://www.bizinfo.go.kr/cmm/fms/fileDown.do?atchFileId=FILE_000000000550372&fileSn=0,114688,list\PBLN_000000000059875\[경북] 2021년 경북형 사회적경제 청년일자리 참여기업 모집 공고.hwp,
PBLN_000000000066022,ok,첨부파일,2021년 인공지능(AI) 연계 기업현장 실습 프로젝트 지원사업 모집 공고.pdf,pdf,https://www.bizinfo.go.kr/cmm/fms/fileDown.do?atchFileId=FILE_000000000585781&fileSn=0,287183,list\PBLN_000000000066022\2021년 인공지능(AI) 연계 기업현장 실습 프로젝트 지원사업 모집 공고.pdf,
PBLN_000000000061773,ok,첨부파일,공고_및_신청서식]_4유형_UNTACT_지식서비스_일자리_매칭_프로젝트사업_참여기업_및_청년_모집.hwp,hwp,https://www.bizinfo.go.kr/cmm/fms/fileDown.do?atchFileId=FILE_000000000565891&fileSn=0,188928,list\PBLN_000000000061773\공고_및_신청서식]_4유형_UNTACT_지식서비스_일자리_매칭_프로젝트사업_참여기업_및_청년_모집.hwp,
PBLN_000000000059993,ok,첨부파일,2021년 지역주도형 청년일자리사업 참여기업 및 참여자 모집 통합공고-경기.pdf,pdf,https://www.bizinfo.go.kr/cmm/fms/fileDown.do?atchFileId=FILE_000000000551635&fileSn=1,159491,list\PBLN_000000000059993\2021년 지역주도형 청년일자리사업 참여기업 및 참여자 모집 통합공고-경기.pdf,
PBLN_000000000071399,ok,첨부파일,2022년 중장년 근로자 보금자리 지원사업 운영 지침.hwp,hwp,https://www.bizinfo.go.kr/cmm/fms/fileDown.do?atchFileId=FILE_000000000597894&fileSn=0,231425,list\PBLN_000000000071399\2022년 중장년 근로자 보금자리 지원사업 운영 지침.hwp,
PBLN_000000000061970,ok,첨부파일,전북형 디지털 청년일자리 지원사업 참여기업 추가모집 공고 및 신청서양식.hwp,hwp,https://www.bizinfo.go.kr/cmm/fms/fileDown.do?atchFileId=FILE_000000000567562&fileSn=0,33280,list\PBLN_000000000061970\전북형 디지털 청년일자리 지원사업 참여기업 추가모집 공고 및 신청서양식.hwp,
PBLN_000000000069501,ok,첨부파일,기업현장실습프로젝트 4차 모집 공고문.hwp,hwp,https://www.bizinfo.go.kr/cmm/fms/fileDown.do?atchFileId=FILE_000000000592635&fileSn=0,30720,list\PBLN_000000000069501\기업현장실습프로젝트 4차 모집 공고문.hwp,
PBLN_000000000066529,ok,첨부파일,1. 2030 U-Dream 사업 추가 2차 모집 공고문.hwp,hwp,https://www.bizinfo.go.kr/cmm/fms/fileDown.do?atchFileId=FILE_000000000586769&fileSn=1,76288,list\PBLN_000000000066529\1. 2030 U-Dream 사업 추가 2차 모집 공고문.hwp,
PBLN_000000000064394,ok,첨부파일,[충북] 2021년 2차 지식기반서비스산업 청년일자리 지원사업 모집 공고(지역주도형 청년일자리사업).pdf,pdf,https://www.bizinfo.go.kr/cmm/fms/fileDown.do?atchFileId=FILE_000000000582733&fileSn=0,243089,list\PBLN_000000000064394\[충북] 2021년 2차 지식기반서비스산업 청년일자리 지원사업 모집 공고(지역주도형 청년일자리사업).pdf,
PBLN_000000000069627,ok,첨부파일,2021년 바이오 메타버스 취ㆍ창업 콘서트 참여기업 모집 공고.pdf,pdf,https://www.bizinfo.go.kr/cmm/fms/fileDown.do?atchFileId=FILE_000000000592941&fileSn=0,139367,list\PBLN_000000000069627\2021년 바이오 메타버스 취ㆍ창업 콘서트 참여기업 모집 공고.pdf,
PBLN_000000000060322,ok,첨부파일,[대구] 2021년 청년 귀환 경력직 일자리 예스매칭 사업 참여기업 모집 공고.pdf,pdf,https://www.bizinfo.go.kr/cmm/fms/fileDown.do?atchFileId=FILE_000000000553970&fileSn=0,313689,list\PBLN_000000000060322\[대구] 2021년 청년 귀환 경력직 일자리 예스매칭 사업 참여기업 모집 공고.pdf,
PBLN_000000000059973,ok,첨부파일,2021년 1차 중견기업 핵심연구인력 성장지원사업 지원기업 선정 공고.hwp,hwp,https://www.bizinfo.go.kr/cmm/fms/fileDown.do?atchFileId=FILE_000000000551131&fileSn=0,33280,list\PBLN_000000000059973\2021년 1차 중견기업 핵심연구인력 성장지원사업 지원기업 선정 공고.hwp,
PBLN_000000000070365,ok,첨부파일,소상공인 긴급재난 지원사업(희망일자리 지킴) 모집 공고(코로나19).hwp,hwp,https://www.bizinfo.go.kr/cmm/fms/fileDown.do?atchFileId=FILE_000000000594649&fileSn=0,633344,list\PBLN_000000000070365\소상공인 긴급재난 지원사업(희망일자리 지킴) 모집 공고(코로나19).hwp,
PBLN_000000000067571,ok,첨부파일,2021년 노사관계 발전 협력 활성화 지원사업 재공고.hwp,hwp,https://www.bizinfo.go.kr/cmm/fms/fileDown.do?atchFileId=FILE_000000000588854&fileSn=0,139777,list\PBLN_000000000067571\2021년 노사관계 발전 협력 활성화 지원사업 재공고.hwp,
PBLN_000000000060397,ok,첨부파일,[부산] 빅데이터ㆍAI 기반 산업 혁신인재 양성 및 고용사업 참여기업 모집 공고(2021년 지역주도형 청년일자리사업-4유형).hwp,hwp,https://www.bizinfo.go.kr/cmm/fms/fileDown.do?atchFileId=FILE_000000000554944&fileSn=1,28160,list\PBLN_000000000060397\[부산] 빅데이터ㆍAI 기반 산업 혁신인재 양성 및 고용사업 참여기업 모집 공고(2021년 지역주도형 청년일자리사업-4유형).hwp,
PBLN_000000000063306,ok,첨부파일,2021 청년일자리 지킴이 지원사업 공고문.hwp,hwp,https://www.bizinfo.go.kr/cmm/fms/fileDown.do?atchFileId=FILE_000000000578657&fileSn=0,75264,list\PBLN_000000000063306\2021 청년일자리 지킴이 지원사업 공고문.hwp,
PBLN_000000000068615,ok,첨부파일,2021년 수출기업 인력뱅크 지원사업 참여기업 추가모집 공고.hwp,hwp,https://www.bizinfo.go.kr/cmm/fms/fileDown.do?atchFileId=FILE_000000000590936&fileSn=0,89600,list\PBLN_000000000068615\2021년 수출기업 인력뱅크 지원사업 참여기업 추가모집 공고.hwp,
PBLN_000000000070377,ok,첨부파일,2021년 식품외식기업 인턴십 지원사업 참가기업 추가모집 공고(수시모집).hwp,hwp,https://www.bizinfo.go.kr/cmm/fms/fileDown.do?atchFileId=FILE_000000000594731&fileSn=0,68608,list\PBLN_000000000070377\2021년 식품외식기업 인턴십 지원사업 참가기업 추가모집 공고(수시모집).hwp,
PBLN_000000000060469,ok,첨부파일,[광주] 광산구 2021년 중소기업 청년 job-school 취업연계 지원사업 참여(중소ㆍ중견기업) 모집 공고.hwp,hwp,https://www.bizinfo.go.kr/cmm/fms/fileDown.do?atchFileId=FILE_000000000555417&fileSn=0,1190400,list\PBLN_000000000060469\[광주] 광산구 2021년 중소기업 청년 job-school 취업연계 지원사업 참여(중소ㆍ중견기업) 모집 공고.hwp,
PBLN_000000000062178,ok,첨부파일,2021년 일하기 좋은 강소기업 채용장려금 지원사업 참여기업 추가모집 공고.pdf,pdf,https://www.bizinfo.go.kr/cmm/fms/fileDown.do?atchFileId=FILE_000000000569324&fileSn=0,278662,list\PBLN_000000000062178\2021년 일하기 좋은 강소기업 채용장려금 지원사업 참여기업 추가모집 공고.pdf,
PBLN_000000000062421,ok,첨부파일,2021년 지역 중소기업 R&D 산업인턴 지원사업 추가모집 공고.hwp,hwp,https://www.bizinfo.go.kr/cmm/fms/fileDown.do?atchFileId=FILE_000000000571222&fileSn=0,89088,list\PBLN_000000000062421\2021년 지역 중소기업 R&D 산업인턴 지원사업 추가모집 공고.hwp,
PBLN_000000000066689,ok,첨부파일,2021년 4차 뿌리기업 근로환경개선 지원사업 모집 공고.hwp,hwp,https://www.bizinfo.go.kr/cmm/fms/fileDown.do?atchFileId=FILE_000000000587107&fileSn=0,30208,list\PBLN_000000000066689\2021년 4차 뿌리기업 근로환경개선 지원사업 모집 공고.hwp,
PBLN_000000000062192,ok,첨부파일,붙임. 참여신청서 등.hwp,hwp,https://www.bizinfo.go.kr/cmm/fms/fileDown.do?atchFileId=FILE_000000000569306&fileSn=1,74752,list\PBLN_000000000062192\붙임. 참여신청서 등.hwp,
PBLN_000000000060477,ok,첨부파일,참가신청서.hwp,hwp,https://www.bizinfo.go.kr/cmm/fms/fileDown.do?atchFileId=FILE_000000000555542&fileSn=1,161280,list\PBLN_000000000060477\참가신청서.hwp,
PBLN_000000000060351,ok,첨부파일,2020년 1인 자영업자 산재보험 가입지원 사업 공고.hwp,hwp,https://www.bizinfo.go.kr/cmm/fms/fileDown.do?atchFileId=FILE_000000000554500&fileSn=0,33506,list\PBLN_000000000060351\2020년 1인 자영업자 산재보험 가입지원 사업 공고.hwp,
PBLN_000000000071218,ok,첨부파일,2022년 중소기업 계약학과 주관대학 모집 공고.hwp,hwp,https://www.bizinfo.go.kr/cmm/fms/fileDown.do?atchFileId=FILE_000000000597395&fileSn=0,74752,list\PBLN_000000000071218\2022년 중소기업 계약학과 주관대학 모집 공고.hwp,
PBLN_000000000066284,ok,첨부파일,관광공연업 등 특별고용지원 업종 지정 고시.hwp,hwp,https://www.bizinfo.go.kr/cmm/fms/fileDown.do?atchFileId=FILE_000000000586266&fileSn=0,62464,list\PBLN_000000000066284\관광공연업 등 특별고용지원 업종 지정 고시.hwp,
PBLN_000000000069954,ok,첨부파일,임산부 직장맘 일가정양립을 위한 임산부 맘편한 친화환경조성 지원사업 변경 공고.hwp,hwp,https://www.bizinfo.go.kr/cmm/fms/fileDown.do?atchFileId=FILE_000000000593725&fileSn=0,18944,list\PBLN_000000000069954\임산부 직장맘 일가정양립을 위한 임산부 맘편한 친화환경조성 지원사업 변경 공고.hwp,
PBLN_000000000063503,ok,첨부파일,2021년 스케일업ㆍ수출기업 디지털 청년일자리사업 추가모집 변경 공고.hwp,hwp,https://www.bizinfo.go.kr/cmm/fms/fileDown.do?atchFileId=FILE_000000000580242&fileSn=0,94720,list\PBLN_000000000063503\2021년 스케일업ㆍ수출기업 디지털 청년일자리사업 추가모집 변경 공고.hwp,
PBLN_000000000060899,ok,첨부파일,[경기] 화성시 2021년 2차 디지털뉴딜 청년일자리 참여기업 모집 공고.hwp,hwp,https://www.bizinfo.go.kr/cmm/fms/fileDown.do?atchFileId=FILE_000000000558602&fileSn=0,107520,list\PBLN_000000000060899\[경기] 화성시 2021년 2차 디지털뉴딜 청년일자리 참여기업 모집 공고.hwp,
PBLN_000000000070723,no_doc,,,,,0,,
PBLN_000000000060148,ok,첨부파일,2021년 (예비)사회적기업 사회보험료 지원사업 모집 공고.hwp,hwp,https://www.bizinfo.go.kr/cmm/fms/fileDown.do?atchFileId=FILE_000000000552739&fileSn=0,166913,list\PBLN_000000000060148\2021년 (예비)사회적기업 사회보험료 지원사업 모집 공고.hwp,
PBLN_000000000066574,ok,첨부파일,2021년 하반기 외국인투자기업 고용보조금 지원계획 공고.hwp,hwp,https://www.bizinfo.go.kr/cmm/fms/fileDown.do?atchFileId=FILE_000000000586922&fileSn=1,34304,list\PBLN_000000000066574\2021년 하반기 외국인투자기업 고용보조금 지원계획 공고.hwp,
PBLN_000000000062314,ok,첨부파일,사회적경제 청년일자리 지원사업 참여기업 모집 공고.hwp,hwp,https://www.bizinfo.go.kr/cmm/fms/fileDown.do?atchFileId=FILE_000000000570378&fileSn=0,37888,list\PBLN_000000000062314\사회적경제 청년일자리 지원사업 참여기업 모집 공고.hwp,
PBLN_000000000062481,ok,첨부파일,2021년 농식품 벤처창업 인턴제 참여 인턴 및 기업 모집 공고.hwp,hwp,https://www.bizinfo.go.kr/cmm/fms/fileDown.do?atchFileId=FILE_000000000571700&fileSn=0,98304,list\PBLN_000000000062481\2021년 농식품 벤처창업 인턴제 참여 인턴 및 기업 모집 공고.hwp,
PBLN_000000000063772,ok,첨부파일,2021년 해양수산벤처창업 일자리지원사업 참여기업 모집 공고.pdf,pdf,https://www.bizinfo.go.kr/cmm/fms/fileDown.do?atchFileId=FILE_000000000581519&fileSn=0,157357,list\PBLN_000000000063772\2021년 해양수산벤처창업 일자리지원사업 참여기업 모집 공고.pdf,
PBLN_000000000064428,ok,첨부파일,[경남] 2021년 항공부품업체 기업지원 사업 지원기업 모집 공고(고용안정 선제대응 패키지 지원사업).hwp,hwp,https://www.bizinfo.go.kr/cmm/fms/fileDown.do?atchFileId=FILE_000000000582772&fileSn=0,201216,list\PBLN_000000000064428\[경남] 2021년 항공부품업체 기업지원 사업 지원기업 모집 공고(고용안정 선제대응 패키지 지원사업).hwp,
PBLN_000000000060650,ok,첨부파일,2021년도+기업맞춤형+현장훈련+참여기업+모집+공고문.hwp,hwp,https://www.bizinfo.go.kr/cmm/fms/fileDown.do?atchFileId=FILE_000000000556688&fileSn=0,81920,list\PBLN_000000000060650\2021년도+기업맞춤형+현장훈련+참여기업+모집+공고문.hwp,
PBLN_000000000069166,ok,첨부파일,[대구] 2021년 지역주도형 청년일자리 뉴딜 청년인재 일자리 연결사업 참여기업 추가 모집 공고.pdf,pdf,https://www.bizinfo.go.kr/cmm/fms/fileDown.do?atchFileId=FILE_000000000591884&fileSn=0,208288,list\PBLN_000000000069166\[대구] 2021년 지역주도형 청년일자리 뉴딜 청년인재 일자리 연결사업 참여기업 추가 모집 공고.pdf,
PBLN_000000000066997,ok,첨부파일,2021년 제2차 부산광역시 예비사회적기업 지정 및 (예비)사회적기업 일자리창출사업 공모.hwp,hwp,https://www.bizinfo.go.kr/cmm/fms/fileDown.do?atchFileId=FILE_000000000587769&fileSn=0,134656,list\PBLN_000000000066997\2021년 제2차 부산광역시 예비사회적기업 지정 및 (예비)사회적기업 일자리창출사업 공모.hwp,
PBLN_000000000066119,ok,첨부파일,2021년 여성과학기술인 R&D 경력복귀 지원사업(Returner) 수정 공고.pdf,pdf,https://www.bizinfo.go.kr/cmm/fms/fileDown.do?atchFileId=FILE_000000000585958&fileSn=0,596418,list\PBLN_000000000066119\2021년 여성과학기술인 R&D 경력복귀 지원사업(Returner) 수정 공고.pdf,
PBLN_000000000068963,ok,첨부파일,체육시설 생활안정자금 지원 공고(제14차 민생안정대책).hwp,hwp,https://www.bizinfo.go.kr/cmm/fms/fileDown.do?atchFileId=FILE_000000000591547&fileSn=0,69633,list\PBLN_000000000068963\체육시설 생활안정자금 지원 공고(제14차 민생안정대책).hwp,
PBLN_000000000062347,ok,첨부파일,신청서식.hwp,hwp,https://www.bizinfo.go.kr/cmm/fms/fileDown.do?atchFileId=FILE_000000000570551&fileSn=1,65536,list\PBLN_000000000062347\신청서식.hwp,
PBLN_000000000071075,no_doc,,,,,0,,
PBLN_000000000061965,ok,첨부파일,[부산] 빅데이터ㆍAI 기반 산업 혁신인재 양성 및 고용사업 참여기업 추가 모집 공고(2021년 지역주도형 청년일자리사업-4유형).hwp,hwp,https://www.bizinfo.go.kr/cmm/fms/fileDown.do?atchFileId=FILE_000000000567432&fileSn=0,22528,list\PBLN_000000000061965\[부산] 빅데이터ㆍAI 기반 산업 혁신인재 양성 및 고용사업 참여기업 추가 모집 공고(2021년 지역주도형 청년일자리사업-4유형).hwp,
PBLN_000000000069031,ok,첨부파일,2021년도 경북 청년기업 일자리사업 추가모집 수정 공고.pdf,pdf,https://www.bizinfo.go.kr/cmm/fms/fileDown.do?atchFileId=FILE_000000000591676&fileSn=1,145263,list\PBLN_000000000069031\2021년도 경북 청년기업 일자리사업 추가모집 수정 공고.pdf,
PBLN_000000000065507,ok,첨부파일,2021년 청년 디지털 전환(DX) 일자리 지원사업 3차 추가모집 공고.hwp,hwp,https://www.bizinfo.go.kr/cmm/fms/fileDown.do?atchFileId=FILE_000000000584794&fileSn=0,139776,list\PBLN_000000000065507\2021년 청년 디지털 전환(DX) 일자리 지원사업 3차 추가모집 공고.hwp,
PBLN_000000000062640,ok,첨부파일,광산구 중소기업 작업환경 개선 사업 공고문.hwp,hwp,https://www.bizinfo.go.kr/cmm/fms/fileDown.do?atchFileId=FILE_000000000573043&fileSn=0,24064,list\PBLN_000000000062640\광산구 중소기업 작업환경 개선 사업 공고문.hwp,
PBLN_000000000060442,ok,첨부파일,[대구] 달서구 청년과 달서의 상상(上上) 프로젝트 참여기업 모집 공고(지역주도형 청년일자리사업).hwp,hwp,https://www.bizinfo.go.kr/cmm/fms/fileDown.do?atchFileId=FILE_000000000555034&fileSn=0,150016,list\PBLN_000000000060442\[대구] 달서구 청년과 달서의 상상(上上) 프로젝트 참여기업 모집 공고(지역주도형 청년일자리사업).hwp,
PBLN_000000000059854,ok,첨부파일,2021년 사회적기업 사회보험료 지원사업 참여기업 모집 공고.pdf,pdf,https://www.bizinfo.go.kr/cmm/fms/fileDown.do?atchFileId=FILE_000000000549978&fileSn=1,307222,list\PBLN_000000000059854\2021년 사회적기업 사회보험료 지원사업 참여기업 모집 공고.pdf,
PBLN_000000000061326,ok,첨부파일,2021년 여성친화적 기업 환경 개선 지원 참여 기업체 모집 공고.hwp,hwp,https://www.bizinfo.go.kr/cmm/fms/fileDown.do?atchFileId=FILE_000000000562077&fileSn=0,33793,list\PBLN_000000000061326\2021년 여성친화적 기업 환경 개선 지원 참여 기업체 모집 공고.hwp,
PBLN_000000000064318,ok,첨부파일,기업모집_공문.hwp,hwp,https://www.bizinfo.go.kr/cmm/fms/fileDown.do?atchFileId=FILE_000000000582563&fileSn=0,84480,list\PBLN_000000000064318\기업모집_공문.hwp,
PBLN_000000000061239,ok,첨부파일,2021년 임어업 비대면 디지털화 일자리 지원사업 참가기업 모집 공고.hwp,hwp,https://www.bizinfo.go.kr/cmm/fms/fileDown.do?atchFileId=FILE_000000000561507&fileSn=0,86528,list\PBLN_000000000061239\2021년 임어업 비대면 디지털화 일자리 지원사업 참가기업 모집 공고.hwp,
PBLN_000000000059865,ok,첨부파일,2021년 (예비)사회적기업 전문인력 지원사업 참여기업 모집 공고문.pdf,pdf,https://www.bizinfo.go.kr/cmm/fms/fileDown.do?atchFileId=FILE_000000000550076&fileSn=1,386418,list\PBLN_000000000059865\2021년 (예비)사회적기업 전문인력 지원사업 참여기업 모집 공고문.pdf,
PBLN_000000000065734,ok,첨부파일,성남시 2021년 ICT 기업 인턴프로그램 참여기업 모집 공고.hwp,hwp,https://www.bizinfo.go.kr/cmm/fms/fileDown.do?atchFileId=FILE_000000000585189&fileSn=0,23552,list\PBLN_000000000065734\성남시 2021년 ICT 기업 인턴프로그램 참여기업 모집 공고.hwp,
PBLN_000000000069100,ok,첨부파일,2021년 치과기공소 맞춤형 청년일자리 지원사업 참여기업 추가모집 공고.hwp,hwp,https://www.bizinfo.go.kr/cmm/fms/fileDown.do?atchFileId=FILE_000000000591773&fileSn=0,28672,list\PBLN_000000000069100\2021년 치과기공소 맞춤형 청년일자리 지원사업 참여기업 추가모집 공고.hwp,
PBLN_000000000068356,ok,첨부파일,광산구 2021년 중소기업 청년 Job-school 취업연계 지원사업 참여기업 추가모집 공고.hwp,hwp,https://www.bizinfo.go.kr/cmm/fms/fileDown.do?atchFileId=FILE_000000000590350&fileSn=0,258048,list\PBLN_000000000068356\광산구 2021년 중소기업 청년 Job-school 취업연계 지원사업 참여기업 추가모집 공고.hwp,
PBLN_000000000067043,ok,첨부파일,디지털 혁신기업 청년일자리사업 참여기업 모집 공고.pdf,pdf,https://www.bizinfo.go.kr/cmm/fms/fileDown.do?atchFileId=FILE_000000000587821&fileSn=0,191691,list\PBLN_000000000067043\디지털 혁신기업 청년일자리사업 참여기업 모집 공고.pdf,
PBLN_000000000070712,ok,첨부파일,플랫폼경제+운송업종사자+교통상해보험+무료가입+지원+신청안내.hwp,hwp,https://www.bizinfo.go.kr/cmm/fms/fileDown.do?atchFileId=FILE_000000000595615&fileSn=0,20480,list\PBLN_000000000070712\플랫폼경제+운송업종사자+교통상해보험+무료가입+지원+신청안내.hwp,
PBLN_000000000069605,ok,첨부파일,2021년 기업맞춤형 현장훈련 참여기업 모집 연장공고.hwp,hwp,https://www.bizinfo.go.kr/cmm/fms/fileDown.do?atchFileId=FILE_000000000592866&fileSn=0,128512,list\PBLN_000000000069605\2021년 기업맞춤형 현장훈련 참여기업 모집 연장공고.hwp,
PBLN_000000000069909,ok,첨부파일,2021년 도시형소공인 혁신성장 지원사업(공고문).hwp,hwp,https://www.bizinfo.go.kr/cmm/fms/fileDown.do?atchFileId=FILE_000000000593622&fileSn=0,29697,list\PBLN_000000000069909\2021년 도시형소공인 혁신성장 지원사업(공고문).hwp,
PBLN_000000000064238,ok,첨부파일,[경북] 사회초년생 레벨업 지원 참가기업 모집 수정 공고(2030 맞춤형 사회진출지원).pdf,pdf,https://www.bizinfo.go.kr/cmm/fms/fileDown.do?atchFileId=FILE_000000000582483&fileSn=0,165068,list\PBLN_000000000064238\[경북] 사회초년생 레벨업 지원 참가기업 모집 수정 공고(2030 맞춤형 사회진출지원).pdf,
PBLN_000000000064978,ok,첨부파일,[공고]2021년 소규모 사업장 방지시설 설치 지원사업 2차 공고.hwp,hwp,https://www.bizinfo.go.kr/cmm/fms/fileDown.do?atchFileId=FILE_000000000583747&fileSn=0,150016,list\PBLN_000000000064978\[공고]2021년 소규모 사업장 방지시설 설치 지원사업 2차 공고.hwp,
PBLN_000000000059975,ok,첨부파일,[부산] 2021년 지역주도형 청년일자리 사업 참여자 모집 통합 공고.hwp,hwp,https://www.bizinfo.go.kr/cmm/fms/fileDown.do?atchFileId=FILE_000000000551156&fileSn=0,98304,list\PBLN_000000000059975\[부산] 2021년 지역주도형 청년일자리 사업 참여자 모집 통합 공고.hwp,
PBLN_000000000062832,ok,첨부파일,서구 2021년 내일채움공제 지원사업 참여기업 추가모집 공고.hwp,hwp,https://www.bizinfo.go.kr/cmm/fms/fileDown.do?atchFileId=FILE_000000000574643&fileSn=0,131072,list\PBLN_000000000062832\서구 2021년 내일채움공제 지원사업 참여기업 추가모집 공고.hwp,
PBLN_000000000061240,ok,첨부파일,[경북] 2021년 창업기업 일자리 사업 참여기업 모집 공고.hwp,hwp,https://www.bizinfo.go.kr/cmm/fms/fileDown.do?atchFileId=FILE_000000000561520&fileSn=0,84992,list\PBLN_000000000061240\[경북] 2021년 창업기업 일자리 사업 참여기업 모집 공고.hwp,
PBLN_000000000069668,ok,첨부파일,2021년 4차 (예비)사회적기업 일자리창출사업(신규ㆍ재심사ㆍ재참여 등) 참여기업 모집 공고.hwp,hwp,https://www.bizinfo.go.kr/cmm/fms/fileDown.do?atchFileId=FILE_000000000593012&fileSn=0,274944,list\PBLN_000000000069668\2021년 4차 (예비)사회적기업 일자리창출사업(신규ㆍ재심사ㆍ재참여 등) 참여기업 모집 공고.hwp,
PBLN_000000000060229,ok,첨부파일,2021년 1차 (예비)사회적기업 일자리창출사업(신규ㆍ재심사) 공고.hwp,hwp,https://www.bizinfo.go.kr/cmm/fms/fileDown.do?atchFileId=FILE_000000000553455&fileSn=0,266240,list\PBLN_000000000060229\2021년 1차 (예비)사회적기업 일자리창출사업(신규ㆍ재심사) 공고.hwp,
PBLN_000000000069566,ok,첨부파일,01. [2차] 모집 공고문_제조분야 친환경 관리 인프라 구축 지원사업_2021.09.29.hwp,hwp,https://www.bizinfo.go.kr/cmm/fms/fileDown.do?atchFileId=FILE_000000000592808&fileSn=0,72704,list\PBLN_000000000069566\01. [2차] 모집 공고문_제조분야 친환경 관리 인프라 구축 지원사업_2021.09.29.hwp,
PBLN_000000000060614,ok,첨부파일,[강원] 춘천시 2021년 정규직 일자리보조금 지원사업 대상 사업체 모집 공고.hwp,hwp,https://www.bizinfo.go.kr/cmm/fms/fileDown.do?atchFileId=FILE_000000000556485&fileSn=0,163840,list\PBLN_000000000060614\[강원] 춘천시 2021년 정규직 일자리보조금 지원사업 대상 사업체 모집 공고.hwp,
PBLN_000000000070606,ok,첨부파일,2021년 6차 뿌리기업 근로환경개선 지원사업 추가모집 공고.pdf,pdf,https://www.bizinfo.go.kr/cmm/fms/fileDown.do?atchFileId=FILE_000000000595256&fileSn=0,199827,list\PBLN_000000000070606\2021년 6차 뿌리기업 근로환경개선 지원사업 추가모집 공고.pdf,
PBLN_000000000067191,ok,첨부파일,[경북] 2021년 2차 (예비)사회적기업 일자리창출사업 참여기업 모집 공고.hwp,hwp,https://www.bizinfo.go.kr/cmm/fms/fileDown.do?atchFileId=FILE_000000000588153&fileSn=0,549888,list\PBLN_000000000067191\[경북] 2021년 2차 (예비)사회적기업 일자리창출사업 참여기업 모집 공고.hwp,
PBLN_000000000068038,ok,첨부파일,[광주] 북구 2021년 두드림(Do! Dream) 일자리 매칭데이 참가기업 모집 공고.hwp,hwp,https://www.bizinfo.go.kr/cmm/fms/fileDown.do?atchFileId=FILE_000000000589792&fileSn=0,82432,list\PBLN_000000000068038\[광주] 북구 2021년 두드림(Do! Dream) 일자리 매칭데이 참가기업 모집 공고.hwp,
PBLN_000000000069526,ok,첨부파일,[경북] 2021년 창업기업 일자리 사업 참여기업 추가 모집 공고(지역주도형 청년일자리 사업).hwp,hwp,https://www.bizinfo.go.kr/cmm/fms/fileDown.do?atchFileId=FILE_000000000592722&fileSn=0,78848,list\PBLN_000000000069526\[경북] 2021년 창업기업 일자리 사업 참여기업 추가 모집 공고(지역주도형 청년일자리 사업).hwp,
PBLN_000000000061278,ok,첨부파일,[대전] 2021년 지역 청년인재 크리에이터 양성사업 참여기업 모집 공고.pdf,pdf,https://www.bizinfo.go.kr/cmm/fms/fileDown.do?atchFileId=FILE_000000000562030&fileSn=0,209715,list\PBLN_000000000061278\[대전] 2021년 지역 청년인재 크리에이터 양성사업 참여기업 모집 공고.pdf,
PBLN_000000000061466,ok,첨부파일,[광주] 북구 2021년 지역주도형 청년 일자리 사업 산업단지 SMART 전문인력 지원사업 참여기업 및 청년 모집 공고.hwp,hwp,https://www.bizinfo.go.kr/cmm/fms/fileDown.do?atchFileId=FILE_000000000563236&fileSn=0,131072,list\PBLN_000000000061466\[광주] 북구 2021년 지역주도형 청년 일자리 사업 산업단지 SMART 전문인력 지원사업 참여기업 및 청년 모집 공고.hwp,
PBLN_000000000071228,ok,첨부파일,청년채용특별장려금 지원사업 변경 공고(21.12월).hwp,hwp,https://www.bizinfo.go.kr/cmm/fms/fileDown.do?atchFileId=FILE_000000000597378&fileSn=0,64512,list\PBLN_000000000071228\청년채용특별장려금 지원사업 변경 공고(21.12월).hwp,
PBLN_000000000071383,ok,첨부파일,2022학년도_중소기업_계약학과(대전과학기술대_스마트생산물류학과)_신입생_모집_요강.pdf,pdf,https://www.bizinfo.go.kr/cmm/fms/fileDown.do?atchFileId=FILE_000000000597770&fileSn=0,206152,list\PBLN_000000000071383\2022학년도_중소기업_계약학과(대전과학기술대_스마트생산물류학과)_신입생_모집_요강.pdf,
PBLN_000000000060324,ok,첨부파일,2021년 스포츠산업 인턴십 지원사업 참여기업 모집 공고.hwp,hwp,https://www.bizinfo.go.kr/cmm/fms/fileDown.do?atchFileId=FILE_000000000554043&fileSn=0,23040,list\PBLN_000000000060324\2021년 스포츠산업 인턴십 지원사업 참여기업 모집 공고.hwp,
PBLN_000000000061199,ok,첨부파일,2021년 1차 제주더큰내일센터 더 탐나는 프로그램 참여기업 모집 공고.pdf,pdf,https://www.bizinfo.go.kr/cmm/fms/fileDown.do?atchFileId=FILE_000000000561018&fileSn=0,287551,list\PBLN_000000000061199\2021년 1차 제주더큰내일센터 더 탐나는 프로그램 참여기업 모집 공고.pdf,
PBLN_000000000064604,ok,첨부파일,바이오전문연구인력채용연계지원사업_충북테크노파크_공고문.pdf,pdf,https://www.bizinfo.go.kr/cmm/fms/fileDown.do?atchFileId=FILE_000000000583113&fileSn=0,300354,list\PBLN_000000000064604\바이오전문연구인력채용연계지원사업_충북테크노파크_공고문.pdf,
PBLN_000000000060505,ok,첨부파일,2021년 노사파트너십 프로그램 지원사업 참여사업장 모집 공고.hwp,hwp,https://www.bizinfo.go.kr/cmm/fms/fileDown.do?atchFileId=FILE_000000000555595&fileSn=0,65536,list\PBLN_000000000060505\2021년 노사파트너십 프로그램 지원사업 참여사업장 모집 공고.hwp,
PBLN_000000000062045,ok,첨부파일,김제시 2021년 2차 청청 일자리 매칭 지원사업 참여 사업장 모집 공고(지역주도형 청년일자리사업).pdf,pdf,https://www.bizinfo.go.kr/cmm/fms/fileDown.do?atchFileId=FILE_000000000568185&fileSn=0,474433,list\PBLN_000000000062045\김제시 2021년 2차 청청 일자리 매칭 지원사업 참여 사업장 모집 공고(지역주도형 청년일자리사업).pdf,
PBLN_000000000063597,ok,첨부파일,해양수산벤처창업+일자리지원사업+참여기업+모집공고.pdf,pdf,https://www.bizinfo.go.kr/cmm/fms/fileDown.do?atchFileId=FILE_000000000581257&fileSn=0,106303,list\PBLN_000000000063597\해양수산벤처창업+일자리지원사업+참여기업+모집공고.pdf,
PBLN_000000000071009,ok,첨부파일,[공고]2021년 소규모 사업장 방지시설 설치 지원사업 6차 공고(변경) 1부.hwp,hwp,https://www.bizinfo.go.kr/cmm/fms/fileDown.do?atchFileId=FILE_000000000596674&fileSn=0,140800,list\PBLN_000000000071009\[공고]2021년 소규모 사업장 방지시설 설치 지원사업 6차 공고(변경) 1부.hwp,
PBLN_000000000066268,ok,첨부파일,영화업 등 특별고용지원 업종 지정 고시.hwp,hwp,https://www.bizinfo.go.kr/cmm/fms/fileDown.do?atchFileId=FILE_000000000586285&fileSn=0,67584,list\PBLN_000000000066268\영화업 등 특별고용지원 업종 지정 고시.hwp,
PBLN_000000000069757,ok,첨부파일,바이오전문연구인력채용연계지원사업_충북테크노파크_공고문_수시.pdf,pdf,https://www.bizinfo.go.kr/cmm/fms/fileDown.do?atchFileId=FILE_000000000593221&fileSn=0,297164,list\PBLN_000000000069757\바이오전문연구인력채용연계지원사업_충북테크노파크_공고문_수시.pdf,
PBLN_000000000065798,ok,첨부파일,2021년 스포츠융복합산업 중소기업 인력채용지원사업_공고문(2차).hwp,hwp,https://www.bizinfo.go.kr/cmm/fms/fileDown.do?atchFileId=FILE_000000000585362&fileSn=0,32768,list\PBLN_000000000065798\2021년 스포츠융복합산업 중소기업 인력채용지원사업_공고문(2차).hwp,
PBLN_000000000068512,ok,첨부파일,[광주] 2021년 아시아 문화중심도시 정착지원 청년일자리 공고(지역주도형 청년일자리사업).hwp,hwp,https://www.bizinfo.go.kr/cmm/fms/fileDown.do?atchFileId=FILE_000000000590757&fileSn=0,275456,list\PBLN_000000000068512\[광주] 2021년 아시아 문화중심도시 정착지원 청년일자리 공고(지역주도형 청년일자리사업).hwp,
PBLN_000000000059929,ok,첨부파일,청년연구기술인재 일자리사업 모집공고.hwp,hwp,https://www.bizinfo.go.kr/cmm/fms/fileDown.do?atchFileId=FILE_000000000550676&fileSn=0,23040,list\PBLN_000000000059929\청년연구기술인재 일자리사업 모집공고.hwp,
PBLN_000000000060870,ok,첨부파일,임산부+직장맘+고용유지지원사업+공고문.hwp,hwp,https://www.bizinfo.go.kr/cmm/fms/fileDown.do?atchFileId=FILE_000000000558456&fileSn=0,18944,list\PBLN_000000000060870\임산부+직장맘+고용유지지원사업+공고문.hwp,
PBLN_000000000061555,ok,첨부파일,2021년 치과기공소 맞춤형 청년일자리 지원사업 공고문.hwp,hwp,https://www.bizinfo.go.kr/cmm/fms/fileDown.do?atchFileId=FILE_000000000564122&fileSn=0,90625,list\PBLN_000000000061555\2021년 치과기공소 맞춤형 청년일자리 지원사업 공고문.hwp,
PBLN_000000000066376,ok,첨부파일,2021년도 제4차 해외우수과학자유치사업(BrainPool) 공고문.hwp,hwp,https://www.bizinfo.go.kr/cmm/fms/fileDown.do?atchFileId=FILE_000000000586511&fileSn=0,30720,list\PBLN_000000000066376\2021년도 제4차 해외우수과학자유치사업(BrainPool) 공고문.hwp,
PBLN_000000000069261,ok,첨부파일,2021년 대구형 현장학습 연계형 고졸 청년 취업 활성화 사업 참여기업 모집공고.hwp,hwp,https://www.bizinfo.go.kr/cmm/fms/fileDown.do?atchFileId=FILE_000000000592100&fileSn=1,48640,list\PBLN_000000000069261\2021년 대구형 현장학습 연계형 고졸 청년 취업 활성화 사업 참여기업 모집공고.hwp,
PBLN_000000000068794,ok,첨부파일,2021년 관광분야 지역주도형 청년일자리사업 참여기업 추가모집 공고.hwp,hwp,https://www.bizinfo.go.kr/cmm/fms/fileDown.do?atchFileId=FILE_000000000591291&fileSn=0,93185,list\PBLN_000000000068794\2021년 관광분야 지역주도형 청년일자리사업 참여기업 추가모집 공고.hwp,
PBLN_000000000062671,ok,첨부파일,2021년 2차 창업기업 청년일자리 지원사업 신규 참여기업 모집 공고.pdf,pdf,https://www.bizinfo.go.kr/cmm/fms/fileDown.do?atchFileId=FILE_000000000573131&fileSn=0,118116,list\PBLN_000000000062671\2021년 2차 창업기업 청년일자리 지원사업 신규 참여기업 모집 공고.pdf,
PBLN_000000000064084,ok,첨부파일,2021년 B-소셜 청년job 드림사업 참여기업 모집 공고문.hwp,hwp,https://www.bizinfo.go.kr/cmm/fms/fileDown.do?atchFileId=FILE_000000000582150&fileSn=0,77825,list\PBLN_000000000064084\2021년 B-소셜 청년job 드림사업 참여기업 모집 공고문.hwp,
PBLN_000000000068470,ok,첨부파일,[경남] 2021년 2차 뿌리산업 인식개선 지원사업 참가업체 모집 공고.hwp,hwp,https://www.bizinfo.go.kr/cmm/fms/fileDown.do?atchFileId=FILE_000000000590653&fileSn=0,81408,list\PBLN_000000000068470\[경남] 2021년 2차 뿌리산업 인식개선 지원사업 참가업체 모집 공고.hwp,
PBLN_000000000070560,ok,첨부파일,[경남] 2021년 여성친화 기업환경개선사업 대상기업 추가 모집공고(경력단절예방지원사업).hwp,hwp,https://www.bizinfo.go.kr/cmm/fms/fileDown.do?atchFileId=FILE_000000000595179&fileSn=0,90112,list\PBLN_000000000070560\[경남] 2021년 여성친화 기업환경개선사업 대상기업 추가 모집공고(경력단절예방지원사업).hwp,
PBLN_000000000068360,ok,첨부파일,"2021년 청년나래 일자리 지원사업 참여기업 추가모집 공고전주,군산,익산,완주.hwp",hwp,https://www.bizinfo.go.kr/cmm/fms/fileDown.do?atchFileId=FILE_000000000590373&fileSn=0,189952,"list\PBLN_000000000068360\2021년 청년나래 일자리 지원사업 참여기업 추가모집 공고전주,군산,익산,완주.hwp",
PBLN_000000000069510,ok,첨부파일,2021년 스마트공장 제조혁신 청년전문인력 채용지원사업 예비기업 모집 공고.pdf,pdf,https://www.bizinfo.go.kr/cmm/fms/fileDown.do?atchFileId=FILE_000000000592711&fileSn=0,131387,list\PBLN_000000000069510\2021년 스마트공장 제조혁신 청년전문인력 채용지원사업 예비기업 모집 공고.pdf,
PBLN_000000000066685,ok,첨부파일,2021년 스포츠산업 인턴십 지원사업 참여기업 2차 모집 공고문.hwp,hwp,https://www.bizinfo.go.kr/cmm/fms/fileDown.do?atchFileId=FILE_000000000587093&fileSn=0,24576,list\PBLN_000000000066685\2021년 스포츠산업 인턴십 지원사업 참여기업 2차 모집 공고문.hwp,
PBLN_000000000063285,ok,첨부파일,2021년 청년일자리 우수기업 지원사업 모집 연장공고.pdf,pdf,https://www.bizinfo.go.kr/cmm/fms/fileDown.do?atchFileId=FILE_000000000578436&fileSn=0,227852,list\PBLN_000000000063285\2021년 청년일자리 우수기업 지원사업 모집 연장공고.pdf,
PBLN_000000000061937,ok,첨부파일,[대구] 2021년 로봇프로세스자동화(RPA) 융합인재 직업훈련사업 참여기업 모집 공고.hwp,hwp,https://www.bizinfo.go.kr/cmm/fms/fileDown.do?atchFileId=FILE_000000000567320&fileSn=0,50176,list\PBLN_000000000061937\[대구] 2021년 로봇프로세스자동화(RPA) 융합인재 직업훈련사업 참여기업 모집 공고.hwp,
PBLN_000000000068539,ok,첨부파일,기업현장실습프로젝트 3차 모집 공고문.pdf,pdf,https://www.bizinfo.go.kr/cmm/fms/fileDown.do?atchFileId=FILE_000000000590761&fileSn=0,289917,list\PBLN_000000000068539\기업현장실습프로젝트 3차 모집 공고문.pdf,
PBLN_000000000063918,ok,첨부파일,2021년 벤처 디지털화 운영인력 지원사업 참여기업 모집 공고.hwp,hwp,https://www.bizinfo.go.kr/cmm/fms/fileDown.do?atchFileId=FILE_000000000581848&fileSn=0,146433,list\PBLN_000000000063918\2021년 벤처 디지털화 운영인력 지원사업 참여기업 모집 공고.hwp,
PBLN_000000000060732,ok,첨부파일,모집공고_4유형_디자인 ICT 인건비 지원사업.hwp,hwp,https://www.bizinfo.go.kr/cmm/fms/fileDown.do?atchFileId=FILE_000000000557465&fileSn=0,139265,list\PBLN_000000000060732\모집공고_4유형_디자인 ICT 인건비 지원사업.hwp,
PBLN_000000000068785,ok,첨부파일,2021년 전략산업 청년채용 지원사업 참여기업 모집 공고.hwp,hwp,https://www.bizinfo.go.kr/cmm/fms/fileDown.do?atchFileId=FILE_000000000591273&fileSn=0,110592,list\PBLN_000000000068785\2021년 전략산업 청년채용 지원사업 참여기업 모집 공고.hwp,
PBLN_000000000063646,ok,첨부파일,2021년 유망중소기업 홍보동영상 제작 지원사업 참여기업 모집 공고.hwp,hwp,https://www.bizinfo.go.kr/cmm/fms/fileDown.do?atchFileId=FILE_000000000581284&fileSn=0,16384,list\PBLN_000000000063646\2021년 유망중소기업 홍보동영상 제작 지원사업 참여기업 모집 공고.hwp,
PBLN_000000000060457,no_doc,,,,,0,,
PBLN_000000000069827,ok,첨부파일,소규모사업장 방지시설 지원절차 개선 시범사업.hwp,hwp,https://www.bizinfo.go.kr/cmm/fms/fileDown.do?atchFileId=FILE_000000000593425&fileSn=1,18944,list\PBLN_000000000069827\소규모사업장 방지시설 지원절차 개선 시범사업.hwp,
PBLN_000000000066375,ok,첨부파일,서부산권 부품산업(기계ㆍ자동차ㆍ조선기자재) 노동자 고용장려금 지원사업 모집 공고.hwp,hwp,https://www.bizinfo.go.kr/cmm/fms/fileDown.do?atchFileId=FILE_000000000586500&fileSn=0,50176,list\PBLN_000000000066375\서부산권 부품산업(기계ㆍ자동차ㆍ조선기자재) 노동자 고용장려금 지원사업 모집 공고.hwp,
PBLN_000000000060719,ok,첨부파일,[대전] 2021년 청년 인턴 지원 사업 공고.hwp,hwp,https://www.bizinfo.go.kr/cmm/fms/fileDown.do?atchFileId=FILE_000000000557393&fileSn=0,98304,list\PBLN_000000000060719\[대전] 2021년 청년 인턴 지원 사업 공고.hwp,
PBLN_000000000069396,ok,첨부파일,2021+일자리지원사업+참여기업+추가모집+공고문.hwp,hwp,https://www.bizinfo.go.kr/cmm/fms/fileDown.do?atchFileId=FILE_000000000592477&fileSn=0,41472,list\PBLN_000000000069396\2021+일자리지원사업+참여기업+추가모집+공고문.hwp,
PBLN_000000000070043,ok,첨부파일,[광주] 북구 2021년 민생안정지원금 지원 공고(코로나19 대응).hwp,hwp,https://www.bizinfo.go.kr/cmm/fms/fileDown.do?atchFileId=FILE_000000000593882&fileSn=0,121344,list\PBLN_000000000070043\[광주] 북구 2021년 민생안정지원금 지원 공고(코로나19 대응).hwp,
PBLN_000000000067115,ok,첨부파일,[경북] 2021년 언택트산업분야 청년일자리 지원사업 참여기업 추가모집 공고(코로나 19).hwp,hwp,https://www.bizinfo.go.kr/cmm/fms/fileDown.do?atchFileId=FILE_000000000587942&fileSn=0,37888,list\PBLN_000000000067115\[경북] 2021년 언택트산업분야 청년일자리 지원사업 참여기업 추가모집 공고(코로나 19).hwp,
PBLN_000000000082499,ok,본문출력파일,동구 2023년 K-의료산업 청년리더 양성사업 참여기업 모집 공고.hwp,hwp,https://www.bizinfo.go.kr/cmm/fms/fileDown.do?atchFileId=FILE_000000000629708&fileSn=0,123392,list\PBLN_000000000082499\동구 2023년 K-의료산업 청년리더 양성사업 참여기업 모집 공고.hwp,
PBLN_000000000082279,ok,본문출력파일,2023년도+청년친화형+기업+ESG+지원사업+프로그램+모집+공고문(안).hwp,hwp,https://www.bizinfo.go.kr/cmm/fms/fileDown.do?atchFileId=FILE_000000000629024&fileSn=0,140800,list\PBLN_000000000082279\2023년도+청년친화형+기업+ESG+지원사업+프로그램+모집+공고문(안).hwp,
PBLN_000000000078934,ok,본문출력파일,서귀포시 2022년 여성이 일하기 좋은 기업 환경 개선 프로그램 참여기업 모집 재공고.hwp,hwp,https://www.bizinfo.go.kr/cmm/fms/fileDown.do?atchFileId=FILE_000000000619622&fileSn=1,33280,list\PBLN_000000000078934\서귀포시 2022년 여성이 일하기 좋은 기업 환경 개선 프로그램 참여기업 모집 재공고.hwp,
PBLN_000000000076148,ok,본문출력파일,여성노동자 근무환경 개선자금 지원사업 참여기업 추가모집 공고.hwp,hwp,https://www.bizinfo.go.kr/cmm/fms/fileDown.do?atchFileId=FILE_000000000611088&fileSn=1,29696,list\PBLN_000000000076148\여성노동자 근무환경 개선자금 지원사업 참여기업 추가모집 공고.hwp,
PBLN_000000000078861,ok,본문출력파일,2022년 3차 영화제작인력 지원사업 모집 공고(코로나19 극복).hwp,hwp,https://www.bizinfo.go.kr/cmm/fms/fileDown.do?atchFileId=FILE_000000000619352&fileSn=1,226816,list\PBLN_000000000078861\2022년 3차 영화제작인력 지원사업 모집 공고(코로나19 극복).hwp,
PBLN_000000000076000,ok,본문출력파일,2022년 서울형 뉴딜일자리 인쇄 전문인력 양성사업 참여업체(협력사업장) 모집공고.pdf,pdf,https://www.bizinfo.go.kr/cmm/fms/fileDown.do?atchFileId=FILE_000000000610757&fileSn=3,99276,list\PBLN_000000000076000\2022년 서울형 뉴딜일자리 인쇄 전문인력 양성사업 참여업체(협력사업장) 모집공고.pdf,
PBLN_000000000074349,ok,본문출력파일,2022년 신산업 혁신인재 채용 토털지원사업 채용약정형 사업화 콘텐츠 개발지원 참여기업 모집 공고문.pdf,pdf,https://www.bizinfo.go.kr/cmm/fms/fileDown.do?atchFileId=FILE_000000000605800&fileSn=3,404001,list\PBLN_000000000074349\2022년 신산업 혁신인재 채용 토털지원사업 채용약정형 사업화 콘텐츠 개발지원 참여기업 모집 공고문.pdf,
PBLN_000000000082106,ok,본문출력파일,174515_붙임1. 사업공고문.hwp,hwp,https://www.bizinfo.go.kr/cmm/fms/fileDown.do?atchFileId=FILE_000000000628501&fileSn=0,86016,list\PBLN_000000000082106\174515_붙임1. 사업공고문.hwp,
PBLN_000000000081844,ok,본문출력파일,「전라북도 더 좋은 일자리 기금」위기근로자 고용촉진 기업성장 지원사업(2차)_참여기업 2차모집 공고문.hwp,hwp,https://www.bizinfo.go.kr/cmm/fms/fileDown.do?atchFileId=FILE_000000000627731&fileSn=0,751616,list\PBLN_000000000081844\「전라북도 더 좋은 일자리 기금」위기근로자 고용촉진 기업성장 지원사업(2차)_참여기업 2차모집 공고문.hwp,
PBLN_000000000077231,ok,본문출력파일,[공고문]지산학 협력기반 대학생 우수인재 양성 지원 참가기업 모집.hwp,hwp,https://www.bizinfo.go.kr/cmm/fms/fileDown.do?atchFileId=FILE_000000000614358&fileSn=2,17408,list\PBLN_000000000077231\[공고문]지산학 협력기반 대학생 우수인재 양성 지원 참가기업 모집.hwp,
PBLN_000000000072774,ok,본문출력파일,[대구] 지역 청년 연계 소기업 일자리 확대지원 사업 참여기업 모집공고(지역주도형 청년일자리사업).hwp,hwp,https://www.bizinfo.go.kr/cmm/fms/fileDown.do?atchFileId=FILE_000000000600725&fileSn=0,25601,list\PBLN_000000000072774\[대구] 지역 청년 연계 소기업 일자리 확대지원 사업 참여기업 모집공고(지역주도형 청년일자리사업).hwp,
PBLN_000000000076908,ok,첨부파일,(서식)정년퇴직자고용연장지원사업_신청서식_2022v2.hwp,hwp,https://www.bizinfo.go.kr/cmm/fms/fileDown.do?atchFileId=FILE_000000000613318&fileSn=0,65536,list\PBLN_000000000076908\(서식)정년퇴직자고용연장지원사업_신청서식_2022v2.hwp,
PBLN_000000000073261,ok,본문출력파일,2022년 청년 소상공인 창업성장 지원사업_모집공고.hwp,hwp,https://www.bizinfo.go.kr/cmm/fms/fileDown.do?atchFileId=FILE_000000000601940&fileSn=0,143872,list\PBLN_000000000073261\2022년 청년 소상공인 창업성장 지원사업_모집공고.hwp,
PBLN_000000000082156,ok,본문출력파일,영천시 친환경 부품전환 및 고도화를 위한 고용지원사업 공고문(2023년).pdf,pdf,https://www.bizinfo.go.kr/cmm/fms/fileDown.do?atchFileId=FILE_000000000628693&fileSn=0,172648,list\PBLN_000000000082156\영천시 친환경 부품전환 및 고도화를 위한 고용지원사업 공고문(2023년).pdf,
PBLN_000000000072232,ok,본문출력파일,2022년 사회적기업 사회보험료 지원사업 모집 공고.hwp,hwp,https://www.bizinfo.go.kr/cmm/fms/fileDown.do?atchFileId=FILE_000000000599540&fileSn=0,171009,list\PBLN_000000000072232\2022년 사회적기업 사회보험료 지원사업 모집 공고.hwp,
PBLN_000000000072566,ok,본문출력파일,[대구] 2022년 대구형 스타기업 히어로 채용 지원 사업 참여기업 모집 공고(지역주도형 청년일자리 사업).hwp,hwp,https://www.bizinfo.go.kr/cmm/fms/fileDown.do?atchFileId=FILE_000000000600373&fileSn=0,137217,list\PBLN_000000000072566\[대구] 2022년 대구형 스타기업 히어로 채용 지원 사업 참여기업 모집 공고(지역주도형 청년일자리 사업).hwp,
PBLN_000000000072989,ok,본문출력파일,차세대 애니메이션 제작지원.hwp,hwp,https://www.bizinfo.go.kr/cmm/fms/fileDown.do?atchFileId=FILE_000000000601219&fileSn=0,101888,list\PBLN_000000000072989\차세대 애니메이션 제작지원.hwp,
PBLN_000000000072544,ok,본문출력파일,2022경남청년멀티미디어디자이너육성지원사업시행공고.hwp,hwp,https://www.bizinfo.go.kr/cmm/fms/fileDown.do?atchFileId=FILE_000000000600165&fileSn=0,76800,list\PBLN_000000000072544\2022경남청년멀티미디어디자이너육성지원사업시행공고.hwp,
PBLN_000000000074322,ok,본문출력파일,2022년 여성과학기술인 R&D 경력복귀 지원사업 모집 공고문.hwp,hwp,https://www.bizinfo.go.kr/cmm/fms/fileDown.do?atchFileId=FILE_000000000605696&fileSn=2,93696,list\PBLN_000000000074322\2022년 여성과학기술인 R&D 경력복귀 지원사업 모집 공고문.hwp,
PBLN_000000000075845,ok,본문출력파일,고경력+전문기술인+활용+기업지원사업+수혜기업+모집(최종)_2차년도.hwp,hwp,https://www.bizinfo.go.kr/cmm/fms/fileDown.do?atchFileId=FILE_000000000610258&fileSn=1,281600,list\PBLN_000000000075845\고경력+전문기술인+활용+기업지원사업+수혜기업+모집(최종)_2차년도.hwp,
PBLN_000000000082671,ok,본문출력파일,[공고문]신발 디지털트랜스포메이션(DX) 청년슈잡 참여기업 모집(연장).hwp,hwp,https://www.bizinfo.go.kr/cmm/fms/fileDown.do?atchFileId=FILE_000000000630218&fileSn=0,107520,list\PBLN_000000000082671\[공고문]신발 디지털트랜스포메이션(DX) 청년슈잡 참여기업 모집(연장).hwp,
PBLN_000000000077370,ok,본문출력파일,참여기업+모집+공고문신청서국가식품클러스터+구인기업+채용+홍보물+제작.hwp,hwp,https://www.bizinfo.go.kr/cmm/fms/fileDown.do?atchFileId=FILE_000000000614791&fileSn=1,2742272,list\PBLN_000000000077370\참여기업+모집+공고문신청서국가식품클러스터+구인기업+채용+홍보물+제작.hwp,
PBLN_000000000071998,ok,본문출력파일,[부산] 2022년 디지털 치의학산업 청년일자리 지원사업 참여기업 모집공고(지역주도형 청년일자리 사업).hwp,hwp,https://www.bizinfo.go.kr/cmm/fms/fileDown.do?atchFileId=FILE_000000000599050&fileSn=0,44032,list\PBLN_000000000071998\[부산] 2022년 디지털 치의학산업 청년일자리 지원사업 참여기업 모집공고(지역주도형 청년일자리 사업).hwp,
PBLN_000000000073973,ok,본문출력파일,2022년 퇴직자 재직자 경력전환 지원 참여기업 모집 공고.pdf,pdf,https://www.bizinfo.go.kr/cmm/fms/fileDown.do?atchFileId=FILE_000000000604396&fileSn=4,71489,list\PBLN_000000000073973\2022년 퇴직자 재직자 경력전환 지원 참여기업 모집 공고.pdf,
PBLN_000000000075919,ok,본문출력파일,2022 부산글로벌웹툰센터 연재 작품 지원 사업 추진 공고문.pdf,pdf,https://www.bizinfo.go.kr/cmm/fms/fileDown.do?atchFileId=FILE_000000000610477&fileSn=1,160698,list\PBLN_000000000075919\2022 부산글로벌웹툰센터 연재 작품 지원 사업 추진 공고문.pdf,
PBLN_000000000080211,ok,본문출력파일,2022년도 일터혁신 우수기업 인증 공고문(최종).hwp,hwp,https://www.bizinfo.go.kr/cmm/fms/fileDown.do?atchFileId=FILE_000000000623185&fileSn=0,291840,list\PBLN_000000000080211\2022년도 일터혁신 우수기업 인증 공고문(최종).hwp,
PBLN_000000000082541,ok,본문출력파일,2023년 인문계열 졸업청년 취업경로 전환지원사업(1유형) 참여기업 모집 재공고(지역주도형 청년 일자리사업).hwp,hwp,https://www.bizinfo.go.kr/cmm/fms/fileDown.do?atchFileId=FILE_000000000629772&fileSn=0,118785,list\PBLN_000000000082541\2023년 인문계열 졸업청년 취업경로 전환지원사업(1유형) 참여기업 모집 재공고(지역주도형 청년 일자리사업).hwp,
PBLN_000000000074308,ok,본문출력파일,[광주] 2022년 자동차 부품기업 대상 청년일자리 지원사업 참여기업 모집 통합 공고문.hwp,hwp,https://www.bizinfo.go.kr/cmm/fms/fileDown.do?atchFileId=FILE_000000000605654&fileSn=2,101888,list\PBLN_000000000074308\[광주] 2022년 자동차 부품기업 대상 청년일자리 지원사업 참여기업 모집 통합 공고문.hwp,
PBLN_000000000080307,ok,본문출력파일,22년 (예비)사회적기업 전문인력 신규 모집공고문.pdf,pdf,https://www.bizinfo.go.kr/cmm/fms/fileDown.do?atchFileId=FILE_000000000623470&fileSn=0,401776,list\PBLN_000000000080307\22년 (예비)사회적기업 전문인력 신규 모집공고문.pdf,
PBLN_000000000073148,ok,본문출력파일,「2022년 농식품 벤처창업 인턴제」 참여 기업 모집 공고문.hwp,hwp,https://www.bizinfo.go.kr/cmm/fms/fileDown.do?atchFileId=FILE_000000000601740&fileSn=0,32768,list\PBLN_000000000073148\「2022년 농식품 벤처창업 인턴제」 참여 기업 모집 공고문.hwp,
PBLN_000000000075312,ok,본문출력파일,[공고문]우수인재 유치 지원사업 참가기업 모집(안).hwp,hwp,https://www.bizinfo.go.kr/cmm/fms/fileDown.do?atchFileId=FILE_000000000608859&fileSn=1,19456,list\PBLN_000000000075312\[공고문]우수인재 유치 지원사업 참가기업 모집(안).hwp,
PBLN_000000000082699,ok,본문출력파일,공고문(2023년 청년인턴 지원사업).pdf,pdf,https://www.bizinfo.go.kr/cmm/fms/fileDown.do?atchFileId=FILE_000000000630378&fileSn=0,282508,list\PBLN_000000000082699\공고문(2023년 청년인턴 지원사업).pdf,
PBLN_000000000077348,ok,본문출력파일,구미시ㆍ경주시ㆍ상주시ㆍ청도군 2022년 중소기업 디자인 분야 청년 일자리 지원사업 추가모집 공고.hwp,hwp,https://www.bizinfo.go.kr/cmm/fms/fileDown.do?atchFileId=FILE_000000000614730&fileSn=1,247296,list\PBLN_000000000077348\구미시ㆍ경주시ㆍ상주시ㆍ청도군 2022년 중소기업 디자인 분야 청년 일자리 지원사업 추가모집 공고.hwp,
PBLN_000000000073643,ok,본문출력파일,2022년 DNA 씨드인력 양성사업 참여기업 모집 공고.hwp,hwp,https://www.bizinfo.go.kr/cmm/fms/fileDown.do?atchFileId=FILE_000000000602635&fileSn=0,123904,list\PBLN_000000000073643\2022년 DNA 씨드인력 양성사업 참여기업 모집 공고.hwp,
PBLN_000000000082298,ok,본문출력파일,2023년 사회적경제기업 청년취업 지원사업 참여기업 모집공고문.hwp,hwp,https://www.bizinfo.go.kr/cmm/fms/fileDown.do?atchFileId=FILE_000000000629127&fileSn=0,90113,list\PBLN_000000000082298\2023년 사회적경제기업 청년취업 지원사업 참여기업 모집공고문.hwp,
PBLN_000000000074148,ok,본문출력파일,[대구] 달성군 2022년 중소기업 일가정 양립 환경조성 지원사업 공고.pdf,pdf,https://www.bizinfo.go.kr/cmm/fms/fileDown.do?atchFileId=FILE_000000000605059&fileSn=2,809392,list\PBLN_000000000074148\[대구] 달성군 2022년 중소기업 일가정 양립 환경조성 지원사업 공고.pdf,
PBLN_000000000077477,ok,본문출력파일,2022년 하반기 과학기술분야 R&D 대체인력 활용 지원사업 모집 공고.pdf,pdf,https://www.bizinfo.go.kr/cmm/fms/fileDown.do?atchFileId=FILE_000000000615185&fileSn=1,540624,list\PBLN_000000000077477\2022년 하반기 과학기술분야 R&D 대체인력 활용 지원사업 모집 공고.pdf,
PBLN_000000000081644,ok,본문출력파일,『2022년_시흥시_매화산단_채용박람회』_참여기업_모집_공고문_홈페이지.hwp,hwp,https://www.bizinfo.go.kr/cmm/fms/fileDown.do?atchFileId=FILE_000000000627187&fileSn=0,107008,list\PBLN_000000000081644\『2022년_시흥시_매화산단_채용박람회』_참여기업_모집_공고문_홈페이지.hwp,
PBLN_000000000082165,ok,본문출력파일,[공고문]+2022년+중소기업+연구인력지원사업_파견사업_공고.hwp,hwp,https://www.bizinfo.go.kr/cmm/fms/fileDown.do?atchFileId=FILE_000000000628678&fileSn=0,84992,list\PBLN_000000000082165\[공고문]+2022년+중소기업+연구인력지원사업_파견사업_공고.hwp,
PBLN_000000000082284,ok,본문출력파일,덧붙임1.광주지역소재부품산업청년채용지원사업공고문.hwp,hwp,https://www.bizinfo.go.kr/cmm/fms/fileDown.do?atchFileId=FILE_000000000629066&fileSn=0,41984,list\PBLN_000000000082284\덧붙임1.광주지역소재부품산업청년채용지원사업공고문.hwp,
PBLN_000000000076792,ok,본문출력파일,군산시 중소기업 고용안정을 위한 근로ㆍ작업환경개선 지원사업 추가모집 공고.hwp,hwp,https://www.bizinfo.go.kr/cmm/fms/fileDown.do?atchFileId=FILE_000000000613022&fileSn=1,1966080,list\PBLN_000000000076792\군산시 중소기업 고용안정을 위한 근로ㆍ작업환경개선 지원사업 추가모집 공고.hwp,
PBLN_000000000072052,ok,본문출력파일,[광주] 2022년 (예비)사회적기업 전문인력 지원사업 공고.hwp,hwp,https://www.bizinfo.go.kr/cmm/fms/fileDown.do?atchFileId=FILE_000000000599165&fileSn=0,69120,list\PBLN_000000000072052\[광주] 2022년 (예비)사회적기업 전문인력 지원사업 공고.hwp,
PBLN_000000000074310,ok,본문출력파일,2022년 여성의 경력 언제나 W-ink 캠페인 참여기업 모집 공고.hwp,hwp,https://www.bizinfo.go.kr/cmm/fms/fileDown.do?atchFileId=FILE_000000000605658&fileSn=2,94209,list\PBLN_000000000074310\2022년 여성의 경력 언제나 W-ink 캠페인 참여기업 모집 공고.hwp,
PBLN_000000000073584,ok,본문출력파일,2022년_고졸자-선도기업간_희망사다리일자리사업_모집공고(수정).hwp,hwp,https://www.bizinfo.go.kr/cmm/fms/fileDown.do?atchFileId=FILE_000000000602544&fileSn=0,112640,list\PBLN_000000000073584\2022년_고졸자-선도기업간_희망사다리일자리사업_모집공고(수정).hwp,
PBLN_000000000082674,ok,본문출력파일,「2023년_디자인_컨설턴트_육성지원사업」디자인_컨설턴트_및_참여기업_모집_공고문.pdf,pdf,https://www.bizinfo.go.kr/cmm/fms/fileDown.do?atchFileId=FILE_000000000630259&fileSn=0,276622,list\PBLN_000000000082674\「2023년_디자인_컨설턴트_육성지원사업」디자인_컨설턴트_및_참여기업_모집_공고문.pdf,
PBLN_000000000077039,ok,본문출력파일,2022년 지역 ICT이노베이션스퀘어 확산사업 취업 연계 인력양성 지원사업 모집 공고문.pdf,pdf,https://www.bizinfo.go.kr/cmm/fms/fileDown.do?atchFileId=FILE_000000000613718&fileSn=1,247205,list\PBLN_000000000077039\2022년 지역 ICT이노베이션스퀘어 확산사업 취업 연계 인력양성 지원사업 모집 공고문.pdf,
PBLN_000000000072448,ok,본문출력파일,[대구] 2022년 청년기업-청년잇기 YES!매칭사업 청년기업 모집 공고.hwp,hwp,https://www.bizinfo.go.kr/cmm/fms/fileDown.do?atchFileId=FILE_000000000599967&fileSn=0,87041,list\PBLN_000000000072448\[대구] 2022년 청년기업-청년잇기 YES!매칭사업 청년기업 모집 공고.hwp,
PBLN_000000000082203,ok,본문출력파일,2023년 군산의 봄 조선해양기자재산업 청년일자리사업 참여기업 모집 공고.hwp,hwp,https://www.bizinfo.go.kr/cmm/fms/fileDown.do?atchFileId=FILE_000000000628776&fileSn=0,114176,list\PBLN_000000000082203\2023년 군산의 봄 조선해양기자재산업 청년일자리사업 참여기업 모집 공고.hwp,
PBLN_000000000075763,ok,본문출력파일,2022년+가전+및+자동차+근로자+직업능력개발비+지원사업_공고문.hwp,hwp,https://www.bizinfo.go.kr/cmm/fms/fileDown.do?atchFileId=FILE_000000000610029&fileSn=1,41472,list\PBLN_000000000075763\2022년+가전+및+자동차+근로자+직업능력개발비+지원사업_공고문.hwp,
PBLN_000000000080786,ok,본문출력파일,붙임1. 공고문.hwp,hwp,https://www.bizinfo.go.kr/cmm/fms/fileDown.do?atchFileId=FILE_000000000624658&fileSn=0,26624,list\PBLN_000000000080786\붙임1. 공고문.hwp,
PBLN_000000000073870,ok,첨부파일,신청서.hwp,hwp,https://www.bizinfo.go.kr/cmm/fms/fileDown.do?atchFileId=FILE_000000000604290&fileSn=0,16384,list\PBLN_000000000073870\신청서.hwp,
PBLN_000000000082177,ok,본문출력파일,2023년+우수기업청년채용+지원사업+사업공고문.hwp.hwp,hwp,https://www.bizinfo.go.kr/cmm/fms/fileDown.do?atchFileId=FILE_000000000628750&fileSn=0,196608,list\PBLN_000000000082177\2023년+우수기업청년채용+지원사업+사업공고문.hwp.hwp,
PBLN_000000000082406,ok,본문출력파일,2023년도 청년일자리사업 지역혁신형 참여 사업장 모집 공고문 (홍천군).hwp,hwp,https://www.bizinfo.go.kr/cmm/fms/fileDown.do?atchFileId=FILE_000000000629443&fileSn=0,100352,list\PBLN_000000000082406\2023년도 청년일자리사업 지역혁신형 참여 사업장 모집 공고문 (홍천군).hwp,
PBLN_000000000078127,ok,본문출력파일,2022년 산업단지 근로자 기숙사 임차비 지원사업 추가 모집공고.hwp,hwp,https://www.bizinfo.go.kr/cmm/fms/fileDown.do?atchFileId=FILE_000000000617210&fileSn=1,262144,list\PBLN_000000000078127\2022년 산업단지 근로자 기숙사 임차비 지원사업 추가 모집공고.hwp,
PBLN_000000000076158,ok,본문출력파일,기업환경개선사업 공고문.pdf,pdf,https://www.bizinfo.go.kr/cmm/fms/fileDown.do?atchFileId=FILE_000000000611237&fileSn=2,223542,list\PBLN_000000000076158\기업환경개선사업 공고문.pdf,
PBLN_000000000071789,ok,본문출력파일,2022년 57회 발명의 날 포상 계획 공고.hwp,hwp,https://www.bizinfo.go.kr/cmm/fms/fileDown.do?atchFileId=FILE_000000000598625&fileSn=0,65536,list\PBLN_000000000071789\2022년 57회 발명의 날 포상 계획 공고.hwp,
PBLN_000000000072990,ok,본문출력파일,국산애니메이션 제작지원(초기본편).hwp,hwp,https://www.bizinfo.go.kr/cmm/fms/fileDown.do?atchFileId=FILE_000000000601220&fileSn=0,97280,list\PBLN_000000000072990\국산애니메이션 제작지원(초기본편).hwp,
PBLN_000000000075303,ok,본문출력파일,[경북] 2022년 스마트산단 산업과제추진형 전문 연구인력 양성사업 참여기업 모집 공고.pdf,pdf,https://www.bizinfo.go.kr/cmm/fms/fileDown.do?atchFileId=FILE_000000000608781&fileSn=1,262809,list\PBLN_000000000075303\[경북] 2022년 스마트산단 산업과제추진형 전문 연구인력 양성사업 참여기업 모집 공고.pdf,
PBLN_000000000081856,ok,본문출력파일,재공고_2022년 기업불편 해소지원사업.hwp,hwp,https://www.bizinfo.go.kr/cmm/fms/fileDown.do?atchFileId=FILE_000000000627760&fileSn=0,78848,list\PBLN_000000000081856\재공고_2022년 기업불편 해소지원사업.hwp,
PBLN_000000000072806,ok,본문출력파일,[부산] 2022년 1차 예비사회적기업 지정 및 (예비)사회적기업 일자리창출사업 공모.hwp,hwp,https://www.bizinfo.go.kr/cmm/fms/fileDown.do?atchFileId=FILE_000000000600751&fileSn=0,121344,list\PBLN_000000000072806\[부산] 2022년 1차 예비사회적기업 지정 및 (예비)사회적기업 일자리창출사업 공모.hwp,
PBLN_000000000075141,ok,본문출력파일,2022년경남형DNA씨드인력양성사업참여기업2차모집공고.hwp,hwp,https://www.bizinfo.go.kr/cmm/fms/fileDown.do?atchFileId=FILE_000000000608270&fileSn=2,48128,list\PBLN_000000000075141\2022년경남형DNA씨드인력양성사업참여기업2차모집공고.hwp,
PBLN_000000000072072,ok,본문출력파일,[제주] 2022년 청년재직자 내일채움공제 가입장려금 지원사업 공고.hwp,hwp,https://www.bizinfo.go.kr/cmm/fms/fileDown.do?atchFileId=FILE_000000000599211&fileSn=0,88065,list\PBLN_000000000072072\[제주] 2022년 청년재직자 내일채움공제 가입장려금 지원사업 공고.hwp,
PBLN_000000000076359,ok,본문출력파일,북구 중소기업ㆍ청년인턴 멘토링 지원사업 참여기업 모집 공고.hwp,hwp,https://www.bizinfo.go.kr/cmm/fms/fileDown.do?atchFileId=FILE_000000000611713&fileSn=4,143872,list\PBLN_000000000076359\북구 중소기업ㆍ청년인턴 멘토링 지원사업 참여기업 모집 공고.hwp,
PBLN_000000000082403,ok,본문출력파일,Boost up 新기술 디자인 청년일자리지원사업 참여기업 모집공고.pdf,pdf,https://www.bizinfo.go.kr/cmm/fms/fileDown.do?atchFileId=FILE_000000000629404&fileSn=0,110975,list\PBLN_000000000082403\Boost up 新기술 디자인 청년일자리지원사업 참여기업 모집공고.pdf,
PBLN_000000000073029,ok,본문출력파일,[대구ㆍ경북] 2022년 대구형 뉴딜 HuStar 청년 채용지원사업 참여기업 모집 공고(지역주도형 청년일자리 지원 사업).hwp,hwp,https://www.bizinfo.go.kr/cmm/fms/fileDown.do?atchFileId=FILE_000000000601253&fileSn=0,229377,list\PBLN_000000000073029\[대구ㆍ경북] 2022년 대구형 뉴딜 HuStar 청년 채용지원사업 참여기업 모집 공고(지역주도형 청년일자리 지원 사업).hwp,
PBLN_000000000082477,ok,본문출력파일,(연수업체_공고) 2023년 ICT학점연계프로젝트인턴십 연수업체 모집 공고.hwp,hwp,https://www.bizinfo.go.kr/cmm/fms/fileDown.do?atchFileId=FILE_000000000629636&fileSn=0,103424,list\PBLN_000000000082477\(연수업체_공고) 2023년 ICT학점연계프로젝트인턴십 연수업체 모집 공고.hwp,
PBLN_000000000080630,ok,첨부파일,[서식1] 2022년 스타기업 10기 히어로 양성사업 신청서.hwp,hwp,https://www.bizinfo.go.kr/cmm/fms/fileDown.do?atchFileId=FILE_000000000624226&fileSn=0,81920,list\PBLN_000000000080630\[서식1] 2022년 스타기업 10기 히어로 양성사업 신청서.hwp,
PBLN_000000000081428,ok,본문출력파일,조선분야 고용유지지원금 지원사업 공고문.hwp,hwp,https://www.bizinfo.go.kr/cmm/fms/fileDown.do?atchFileId=FILE_000000000626548&fileSn=0,97280,list\PBLN_000000000081428\조선분야 고용유지지원금 지원사업 공고문.hwp,
PBLN_000000000071785,ok,본문출력파일,2022년 상반기 사회적기업 일자리창출사업 지원계획 공고(사회적경제기업 재정지원사업).hwp,hwp,https://www.bizinfo.go.kr/cmm/fms/fileDown.do?atchFileId=FILE_000000000598609&fileSn=0,159232,list\PBLN_000000000071785\2022년 상반기 사회적기업 일자리창출사업 지원계획 공고(사회적경제기업 재정지원사업).hwp,
PBLN_000000000072533,ok,본문출력파일,2022년 마이스업체 청년인턴십 참여업체 모집 공고문.hwp,hwp,https://www.bizinfo.go.kr/cmm/fms/fileDown.do?atchFileId=FILE_000000000600176&fileSn=0,92161,list\PBLN_000000000072533\2022년 마이스업체 청년인턴십 참여업체 모집 공고문.hwp,
PBLN_000000000076156,ok,본문출력파일,2022년 산업맞춤형 AI인력양성 바우처 지원과제 모집 재공고.hwp,hwp,https://www.bizinfo.go.kr/cmm/fms/fileDown.do?atchFileId=FILE_000000000611233&fileSn=1,217088,list\PBLN_000000000076156\2022년 산업맞춤형 AI인력양성 바우처 지원과제 모집 재공고.hwp,
PBLN_000000000071898,ok,본문출력파일,초등입학기10시출근제도입중소사업장장려금 사업공고문.hwp,hwp,https://www.bizinfo.go.kr/cmm/fms/fileDown.do?atchFileId=FILE_000000000598845&fileSn=0,71169,list\PBLN_000000000071898\초등입학기10시출근제도입중소사업장장려금 사업공고문.hwp,
PBLN_000000000082457,ok,본문출력파일,2023년 청년 및 신중년 취업지원사업 모집 공고.hwp,hwp,https://www.bizinfo.go.kr/cmm/fms/fileDown.do?atchFileId=FILE_000000000629626&fileSn=0,31232,list\PBLN_000000000082457\2023년 청년 및 신중년 취업지원사업 모집 공고.hwp,
PBLN_000000000078456,ok,본문출력파일,2022년 인천기업 온라인 채용관 참가기업 모집 공고.hwp,hwp,https://www.bizinfo.go.kr/cmm/fms/fileDown.do?atchFileId=FILE_000000000618288&fileSn=2,150016,list\PBLN_000000000078456\2022년 인천기업 온라인 채용관 참가기업 모집 공고.hwp,
PBLN_000000000078862,ok,본문출력파일,2022년_채용_및_취업장려금_지원사업_공고(안).hwp,hwp,https://www.bizinfo.go.kr/cmm/fms/fileDown.do?atchFileId=FILE_000000000619353&fileSn=1,98304,list\PBLN_000000000078862\2022년_채용_및_취업장려금_지원사업_공고(안).hwp,
PBLN_000000000081924,ok,본문출력파일,[공고문] 2022학년도 겨울 계절학기 부산광역시 산학연계 현장실습 지원사업 참여기업 모집 공고.hwp,hwp,https://www.bizinfo.go.kr/cmm/fms/fileDown.do?atchFileId=FILE_000000000627930&fileSn=0,95744,list\PBLN_000000000081924\[공고문] 2022학년도 겨울 계절학기 부산광역시 산학연계 현장실습 지원사업 참여기업 모집 공고.hwp,
PBLN_000000000072264,ok,본문출력파일,2022년 산촌어촌 청년일자리사업 모집 공고.hwp,hwp,https://www.bizinfo.go.kr/cmm/fms/fileDown.do?atchFileId=FILE_000000000599575&fileSn=0,246784,list\PBLN_000000000072264\2022년 산촌어촌 청년일자리사업 모집 공고.hwp,
PBLN_000000000079326,ok,본문출력파일,01.(3차모집공고)공고문_제조분야친환경관리인프라구축지원사업_2022.8.pdf,pdf,https://www.bizinfo.go.kr/cmm/fms/fileDown.do?atchFileId=FILE_000000000620690&fileSn=0,213886,list\PBLN_000000000079326\01.(3차모집공고)공고문_제조분야친환경관리인프라구축지원사업_2022.8.pdf,
PBLN_000000000075630,ok,본문출력파일,2022년 R&D 리턴십(Return-ship) 프로그램 공고.pdf,pdf,https://www.bizinfo.go.kr/cmm/fms/fileDown.do?atchFileId=FILE_000000000609782&fileSn=1,201393,list\PBLN_000000000075630\2022년 R&D 리턴십(Return-ship) 프로그램 공고.pdf,
PBLN_000000000072764,ok,본문출력파일,2022년 (예비)사회적기업 지정 및 재정지원 연간 공모계획 공고문.hwp,hwp,https://www.bizinfo.go.kr/cmm/fms/fileDown.do?atchFileId=FILE_000000000600700&fileSn=0,61440,list\PBLN_000000000072764\2022년 (예비)사회적기업 지정 및 재정지원 연간 공모계획 공고문.hwp,
PBLN_000000000079468,ok,본문출력파일,[공고문] 2022 일생활균형 광주지역 우수기업 사례 공모전.pdf,pdf,https://www.bizinfo.go.kr/cmm/fms/fileDown.do?atchFileId=FILE_000000000621070&fileSn=0,291418,list\PBLN_000000000079468\[공고문] 2022 일생활균형 광주지역 우수기업 사례 공모전.pdf,
PBLN_000000000076214,ok,본문출력파일,2022년 중소기업 청년 노동자 지원사업 모집 공고.pdf,pdf,https://www.bizinfo.go.kr/cmm/fms/fileDown.do?atchFileId=FILE_000000000611348&fileSn=1,144650,list\PBLN_000000000076214\2022년 중소기업 청년 노동자 지원사업 모집 공고.pdf,
PBLN_000000000076453,ok,본문출력파일,2022년 디지털 패션 융합형 인재양성 뉴딜일자리 참여업체 모집 연장 공고.hwp,hwp,https://www.bizinfo.go.kr/cmm/fms/fileDown.do?atchFileId=FILE_000000000612057&fileSn=1,48640,list\PBLN_000000000076453\2022년 디지털 패션 융합형 인재양성 뉴딜일자리 참여업체 모집 연장 공고.hwp,
PBLN_000000000072011,ok,본문출력파일,2021년 B-beauty 차세대 청년일자리 육성 프로젝트 사업 참여기업 모집 공고.hwp,hwp,https://www.bizinfo.go.kr/cmm/fms/fileDown.do?atchFileId=FILE_000000000599047&fileSn=0,34816,list\PBLN_000000000072011\2021년 B-beauty 차세대 청년일자리 육성 프로젝트 사업 참여기업 모집 공고.hwp,
PBLN_000000000078092,ok,본문출력파일,2022년 제6기 강남구 중소기업 청년인턴십 기업 및 인턴모집 공고문_제2022-1611호.hwp,hwp,https://www.bizinfo.go.kr/cmm/fms/fileDown.do?atchFileId=FILE_000000000617044&fileSn=2,101888,list\PBLN_000000000078092\2022년 제6기 강남구 중소기업 청년인턴십 기업 및 인턴모집 공고문_제2022-1611호.hwp,
PBLN_000000000072719,ok,본문출력파일,스마트팩토리 선도 청년 채용지원 사업 참여기업 모집 공고.hwp,hwp,https://www.bizinfo.go.kr/cmm/fms/fileDown.do?atchFileId=FILE_000000000600694&fileSn=1,99328,list\PBLN_000000000072719\스마트팩토리 선도 청년 채용지원 사업 참여기업 모집 공고.hwp,
PBLN_000000000080183,ok,본문출력파일,01.(4차모집공고)공고문_제조분야친환경관리인프라구축지원사업_2022.9.pdf,pdf,https://www.bizinfo.go.kr/cmm/fms/fileDown.do?atchFileId=FILE_000000000623125&fileSn=0,208958,list\PBLN_000000000080183\01.(4차모집공고)공고문_제조분야친환경관리인프라구축지원사업_2022.9.pdf,
PBLN_000000000071990,ok,본문출력파일,[인천] 2021년 공항 기업 근로자 채용 지원사업 참여기업 3차 모집 공고문(인천공항형 일자리 지원사업).pdf,pdf,https://www.bizinfo.go.kr/cmm/fms/fileDown.do?atchFileId=FILE_000000000599015&fileSn=0,229249,list\PBLN_000000000071990\[인천] 2021년 공항 기업 근로자 채용 지원사업 참여기업 3차 모집 공고문(인천공항형 일자리 지원사업).pdf,
PBLN_000000000082504,ok,본문출력파일,고창군 2022년 고창형 청년 일자리 지원사업 모집 공고.hwp,hwp,https://www.bizinfo.go.kr/cmm/fms/fileDown.do?atchFileId=FILE_000000000629706&fileSn=0,117760,list\PBLN_000000000082504\고창군 2022년 고창형 청년 일자리 지원사업 모집 공고.hwp,
PBLN_000000000072044,ok,본문출력파일,[경북] 영주시 2022년 중소기업 근로자 기숙사 임차비 지원사업 참여기업 모집 공고문.hwp,hwp,https://www.bizinfo.go.kr/cmm/fms/fileDown.do?atchFileId=FILE_000000000599152&fileSn=1,235,list\PBLN_000000000072044\[경북] 영주시 2022년 중소기업 근로자 기숙사 임차비 지원사업 참여기업 모집 공고문.hwp,
PBLN_000000000074568,ok,본문출력파일,[공고문]_2022년_신발기업_디지털_전환_전문인력_지원사업_참여기업_모집.hwp,hwp,https://www.bizinfo.go.kr/cmm/fms/fileDown.do?atchFileId=FILE_000000000606669&fileSn=2,109056,list\PBLN_000000000074568\[공고문]_2022년_신발기업_디지털_전환_전문인력_지원사업_참여기업_모집.hwp,
PBLN_000000000078600,ok,본문출력파일,2022년 2차 소규모 사업장 방지시설 설치 지원사업 모집 공고.hwp,hwp,https://www.bizinfo.go.kr/cmm/fms/fileDown.do?atchFileId=FILE_000000000618747&fileSn=1,97281,list\PBLN_000000000078600\2022년 2차 소규모 사업장 방지시설 설치 지원사업 모집 공고.hwp,
PBLN_000000000071829,ok,본문출력파일,[인천] 서구 2022년 내일채움공제 지원사업 참여기업 모집 공고.hwp,hwp,https://www.bizinfo.go.kr/cmm/fms/fileDown.do?atchFileId=FILE_000000000598688&fileSn=0,68096,list\PBLN_000000000071829\[인천] 서구 2022년 내일채움공제 지원사업 참여기업 모집 공고.hwp,
PBLN_000000000072326,ok,본문출력파일,2022년_중소기업_연구인력지원사업_공고.hwp,hwp,https://www.bizinfo.go.kr/cmm/fms/fileDown.do?atchFileId=FILE_000000000599714&fileSn=0,104448,list\PBLN_000000000072326\2022년_중소기업_연구인력지원사업_공고.hwp,
PBLN_000000000075624,ok,본문출력파일,2022 기술인증기업 전문인력 일자리 지원사업 추가모집 공고문.pdf,pdf,https://www.bizinfo.go.kr/cmm/fms/fileDown.do?atchFileId=FILE_000000000609733&fileSn=1,228445,list\PBLN_000000000075624\2022 기술인증기업 전문인력 일자리 지원사업 추가모집 공고문.pdf,
PBLN_000000000071947,ok,본문출력파일,[경기] 2022년 지역주도형 청년일자리사업 참여기업 및 참여자 모집 통합 공고.hwp,hwp,https://www.bizinfo.go.kr/cmm/fms/fileDown.do?atchFileId=FILE_000000000598926&fileSn=0,162304,list\PBLN_000000000071947\[경기] 2022년 지역주도형 청년일자리사업 참여기업 및 참여자 모집 통합 공고.hwp,
PBLN_000000000078564,ok,본문출력파일,2022년+청년일자리잇고+참여기업모집+재공고.hwp,hwp,https://www.bizinfo.go.kr/cmm/fms/fileDown.do?atchFileId=FILE_000000000618530&fileSn=2,293376,list\PBLN_000000000078564\2022년+청년일자리잇고+참여기업모집+재공고.hwp,
PBLN_000000000076795,ok,본문출력파일,2022년 2차 기업 온택트 채용관 참여기업 모집 공고.hwp,hwp,https://www.bizinfo.go.kr/cmm/fms/fileDown.do?atchFileId=FILE_000000000613032&fileSn=1,73216,list\PBLN_000000000076795\2022년 2차 기업 온택트 채용관 참여기업 모집 공고.hwp,
PBLN_000000000082267,ok,본문출력파일,종로구 2022년 의류제조업체 공기청정기 지원사업 모집 연장 공고.hwp,hwp,https://www.bizinfo.go.kr/cmm/fms/fileDown.do?atchFileId=FILE_000000000628982&fileSn=0,25600,list\PBLN_000000000082267\종로구 2022년 의류제조업체 공기청정기 지원사업 모집 연장 공고.hwp,
PBLN_000000000071703,ok,본문출력파일,중소기업 공용시설 환경개선 사업 계획 공고문.hwp,hwp,https://www.bizinfo.go.kr/cmm/fms/fileDown.do?atchFileId=FILE_000000000598495&fileSn=0,78336,list\PBLN_000000000071703\중소기업 공용시설 환경개선 사업 계획 공고문.hwp,
PBLN_000000000071992,ok,본문출력파일,2022년 청년 R&D인력 육성사업 참여기업 모집 공고.pdf,pdf,https://www.bizinfo.go.kr/cmm/fms/fileDown.do?atchFileId=FILE_000000000599039&fileSn=0,302357,list\PBLN_000000000071992\2022년 청년 R&D인력 육성사업 참여기업 모집 공고.pdf,
PBLN_000000000076153,ok,본문출력파일,2022년 산업계주도 온통UP 일자리통합 지원사업(면접비 지원) 모집 공고.hwp,hwp,https://www.bizinfo.go.kr/cmm/fms/fileDown.do?atchFileId=FILE_000000000611209&fileSn=1,164352,list\PBLN_000000000076153\2022년 산업계주도 온통UP 일자리통합 지원사업(면접비 지원) 모집 공고.hwp,
PBLN_000000000082421,ok,본문출력파일,221212 최종(2023년 지역주도형 청년일자리사업(항공우주) 신규 참여기업 모집공고).hwp,hwp,https://www.bizinfo.go.kr/cmm/fms/fileDown.do?atchFileId=FILE_000000000629439&fileSn=0,87552,list\PBLN_000000000082421\221212 최종(2023년 지역주도형 청년일자리사업(항공우주) 신규 참여기업 모집공고).hwp,
PBLN_000000000078387,ok,본문출력파일,2022지역주도형 청년 일자리사업 추가 모집 공고.hwp,hwp,https://www.bizinfo.go.kr/cmm/fms/fileDown.do?atchFileId=FILE_000000000617986&fileSn=1,111104,list\PBLN_000000000078387\2022지역주도형 청년 일자리사업 추가 모집 공고.hwp,
PBLN_000000000082472,ok,본문출력파일,청년일자리사업(지역혁신형) 참여사업장 모집 공고.hwp,hwp,https://www.bizinfo.go.kr/cmm/fms/fileDown.do?atchFileId=FILE_000000000629618&fileSn=0,120320,list\PBLN_000000000082472\청년일자리사업(지역혁신형) 참여사업장 모집 공고.hwp,
PBLN_000000000082434,ok,본문출력파일,부산디지털혁신아카데미 청년일자리 지원사업 참여기업 모집공고(안).hwp,hwp,https://www.bizinfo.go.kr/cmm/fms/fileDown.do?atchFileId=FILE_000000000629525&fileSn=0,140990,list\PBLN_000000000082434\부산디지털혁신아카데미 청년일자리 지원사업 참여기업 모집공고(안).hwp,
PBLN_000000000082466,ok,본문출력파일,2023년 지역주도형 청년일자리사업(지역혁신형) 참여 사업장 모집공고(안) (1).hwp,hwp,https://www.bizinfo.go.kr/cmm/fms/fileDown.do?atchFileId=FILE_000000000629547&fileSn=0,36864,list\PBLN_000000000082466\2023년 지역주도형 청년일자리사업(지역혁신형) 참여 사업장 모집공고(안) (1).hwp,
PBLN_000000000072623,ok,본문출력파일,[대구] 2022년 디지털 콘텐츠 기업 청년 채용지원사업 참여기업 모집 공고(지역주도형 청년일자리 사업).hwp,hwp,https://www.bizinfo.go.kr/cmm/fms/fileDown.do?atchFileId=FILE_000000000600406&fileSn=0,247297,list\PBLN_000000000072623\[대구] 2022년 디지털 콘텐츠 기업 청년 채용지원사업 참여기업 모집 공고(지역주도형 청년일자리 사업).hwp,
PBLN_000000000082054,ok,본문출력파일,공고문(2023년 지역주도형 청년일자리 참여기업 모집공고).pdf,pdf,https://www.bizinfo.go.kr/cmm/fms/fileDown.do?atchFileId=FILE_000000000628441&fileSn=1,350153,list\PBLN_000000000082054\공고문(2023년 지역주도형 청년일자리 참여기업 모집공고).pdf,
PBLN_000000000072279,ok,본문출력파일,2022년 기술인증기업 전문인력 일자리 지원사업 모집 공고.pdf,pdf,https://www.bizinfo.go.kr/cmm/fms/fileDown.do?atchFileId=FILE_000000000599660&fileSn=0,358146,list\PBLN_000000000072279\2022년 기술인증기업 전문인력 일자리 지원사업 모집 공고.pdf,
PBLN_000000000073206,ok,본문출력파일,섬유제조분야 MD 청년인력 지원 사업 공고문 및 신청서(2022년).hwp,hwp,https://www.bizinfo.go.kr/cmm/fms/fileDown.do?atchFileId=FILE_000000000601816&fileSn=0,172032,list\PBLN_000000000073206\섬유제조분야 MD 청년인력 지원 사업 공고문 및 신청서(2022년).hwp,
PBLN_000000000072528,ok,본문출력파일,2022년 경상북도 (예비) 사회적기업 전문인력 및 사회보험료 지원사업 참여기업 모집공고문.hwp,hwp,https://www.bizinfo.go.kr/cmm/fms/fileDown.do?atchFileId=FILE_000000000600156&fileSn=0,94208,list\PBLN_000000000072528\2022년 경상북도 (예비) 사회적기업 전문인력 및 사회보험료 지원사업 참여기업 모집공고문.hwp,
PBLN_000000000073997,ok,본문출력파일,2022년 지역주도형 청년일자리사업 광융합산업 맞춤인재 육성 프로젝트 지원사업.hwp,hwp,https://www.bizinfo.go.kr/cmm/fms/fileDown.do?atchFileId=FILE_000000000604581&fileSn=2,131072,list\PBLN_000000000073997\2022년 지역주도형 청년일자리사업 광융합산업 맞춤인재 육성 프로젝트 지원사업.hwp,
PBLN_000000000074341,ok,첨부파일,사업 신청서.hwp,hwp,https://www.bizinfo.go.kr/cmm/fms/fileDown.do?atchFileId=FILE_000000000605722&fileSn=0,163328,list\PBLN_000000000074341\사업 신청서.hwp,
PBLN_000000000080037,ok,본문출력파일,2022년 기업환경개선사업공고 및 신청서 추가모집공고.hwp,hwp,https://www.bizinfo.go.kr/cmm/fms/fileDown.do?atchFileId=FILE_000000000622634&fileSn=0,34304,list\PBLN_000000000080037\2022년 기업환경개선사업공고 및 신청서 추가모집공고.hwp,
PBLN_000000000082346,ok,본문출력파일,참여기업 모집 공고문.hwp,hwp,https://www.bizinfo.go.kr/cmm/fms/fileDown.do?atchFileId=FILE_000000000629222&fileSn=0,81920,list\PBLN_000000000082346\참여기업 모집 공고문.hwp,
PBLN_000000000072328,ok,본문출력파일,2022년_중소기업_연구인력지원사업_공고.hwp,hwp,https://www.bizinfo.go.kr/cmm/fms/fileDown.do?atchFileId=FILE_000000000599715&fileSn=0,104448,list\PBLN_000000000072328\2022년_중소기업_연구인력지원사업_공고.hwp,
PBLN_000000000082334,no_doc,,,,,0,,
PBLN_000000000073678,ok,본문출력파일,[울산] 지역 사회안전망 강화를 위한 청년일자리 지원사업 참여기업 모집 공고문.pdf,pdf,https://www.bizinfo.go.kr/cmm/fms/fileDown.do?atchFileId=FILE_000000000602788&fileSn=0,276467,list\PBLN_000000000073678\[울산] 지역 사회안전망 강화를 위한 청년일자리 지원사업 참여기업 모집 공고문.pdf,
PBLN_000000000077116,ok,본문출력파일,2022년 글로벌 맞춤형 인재 매칭 프로그램 참여기업 모집공고(안).hwp,hwp,https://www.bizinfo.go.kr/cmm/fms/fileDown.do?atchFileId=FILE_000000000613958&fileSn=1,25088,list\PBLN_000000000077116\2022년 글로벌 맞춤형 인재 매칭 프로그램 참여기업 모집공고(안).hwp,
PBLN_000000000076824,ok,본문출력파일,2022년 하반기 (예비)사회적기업 일자리창출사업 재심사 참여기업 모집 공고.hwp,hwp,https://www.bizinfo.go.kr/cmm/fms/fileDown.do?atchFileId=FILE_000000000613073&fileSn=1,58880,list\PBLN_000000000076824\2022년 하반기 (예비)사회적기업 일자리창출사업 재심사 참여기업 모집 공고.hwp,
PBLN_000000000081607,ok,본문출력파일,2022년 전남 청년 근속장려금 지원사업 참여기업 및 청년근로자 3차 모집공고.hwp,hwp,https://www.bizinfo.go.kr/cmm/fms/fileDown.do?atchFileId=FILE_000000000627103&fileSn=0,39936,list\PBLN_000000000081607\2022년 전남 청년 근속장려금 지원사업 참여기업 및 청년근로자 3차 모집공고.hwp,
PBLN_000000000082264,ok,본문출력파일,2023년 농산업분야 지역혁신 청년일자리 지원 참여법인 모집 공고문.hwp,hwp,https://www.bizinfo.go.kr/cmm/fms/fileDown.do?atchFileId=FILE_000000000628974&fileSn=0,124416,list\PBLN_000000000082264\2023년 농산업분야 지역혁신 청년일자리 지원 참여법인 모집 공고문.hwp,
PBLN_000000000080167,ok,본문출력파일,2022년 2차 사회혁신 활동가 일 경험 지원(강원 JOBs) 참여기업 모집 공고문.hwp,hwp,https://www.bizinfo.go.kr/cmm/fms/fileDown.do?atchFileId=FILE_000000000623007&fileSn=0,37888,list\PBLN_000000000080167\2022년 2차 사회혁신 활동가 일 경험 지원(강원 JOBs) 참여기업 모집 공고문.hwp,
PBLN_000000000071962,ok,본문출력파일,[인천] 2022년 (예비)사회적기업 전문인력 및 사회적기업 사회보험료 지원사업 공고.hwp,hwp,https://www.bizinfo.go.kr/cmm/fms/fileDown.do?atchFileId=FILE_000000000598908&fileSn=0,32257,list\PBLN_000000000071962\[인천] 2022년 (예비)사회적기업 전문인력 및 사회적기업 사회보험료 지원사업 공고.hwp,
PBLN_000000000081429,ok,본문출력파일,첨부_2022년 울산지역 창업벤처기업 지원사업 추가 안내.hwp,hwp,https://www.bizinfo.go.kr/cmm/fms/fileDown.do?atchFileId=FILE_000000000626551&fileSn=0,73216,list\PBLN_000000000081429\첨부_2022년 울산지역 창업벤처기업 지원사업 추가 안내.hwp,
PBLN_000000000074593,ok,본문출력파일,2022년 과학기술분야 R&D 대체인력 활용 지원사업 상반기 공고(연장).pdf,pdf,https://www.bizinfo.go.kr/cmm/fms/fileDown.do?atchFileId=FILE_000000000606717&fileSn=3,2381571,list\PBLN_000000000074593\2022년 과학기술분야 R&D 대체인력 활용 지원사업 상반기 공고(연장).pdf,
PBLN_000000000075191,ok,본문출력파일,[경북] 2022년 관광 청년인턴제 지원사업 참여사업체 모집 공고문.hwp,hwp,https://www.bizinfo.go.kr/cmm/fms/fileDown.do?atchFileId=FILE_000000000608510&fileSn=2,15360,list\PBLN_000000000075191\[경북] 2022년 관광 청년인턴제 지원사업 참여사업체 모집 공고문.hwp,
PBLN_000000000080110,ok,첨부파일,2022_전북지역_중소기업_채용박람회_참가신청서(양식).hwp,hwp,https://www.bizinfo.go.kr/cmm/fms/fileDown.do?atchFileId=FILE_000000000622867&fileSn=0,65536,list\PBLN_000000000080110\2022_전북지역_중소기업_채용박람회_참가신청서(양식).hwp,
PBLN_000000000078249,ok,본문출력파일,2022년 하반기 여성과학기술인 R&D 경력복귀 지원사업 모집 공고.hwp,hwp,https://www.bizinfo.go.kr/cmm/fms/fileDown.do?atchFileId=FILE_000000000617608&fileSn=1,93184,list\PBLN_000000000078249\2022년 하반기 여성과학기술인 R&D 경력복귀 지원사업 모집 공고.hwp,
PBLN_000000000077716,ok,본문출력파일,공고문_2022년_여성가족친화_(예비)사회적기업_비즈니스_아이디어_공모전.hwp,hwp,https://www.bizinfo.go.kr/cmm/fms/fileDown.do?atchFileId=FILE_000000000615858&fileSn=1,45568,list\PBLN_000000000077716\공고문_2022년_여성가족친화_(예비)사회적기업_비즈니스_아이디어_공모전.hwp,
PBLN_000000000077061,ok,본문출력파일,2022년 근로자 건강증진 프로젝트 참여기업 모집 공고.hwp,hwp,https://www.bizinfo.go.kr/cmm/fms/fileDown.do?atchFileId=FILE_000000000613724&fileSn=1,43008,list\PBLN_000000000077061\2022년 근로자 건강증진 프로젝트 참여기업 모집 공고.hwp,
PBLN_000000000081229,ok,본문출력파일,2022년 중소기업 환경개선사업 참가업체 모집공고(4차).pdf,pdf,https://www.bizinfo.go.kr/cmm/fms/fileDown.do?atchFileId=FILE_000000000625957&fileSn=0,527226,list\PBLN_000000000081229\2022년 중소기업 환경개선사업 참가업체 모집공고(4차).pdf,
PBLN_000000000074507,ok,본문출력파일,2022년 서울50+인턴십 사회적경제인턴십 참여기업 모집 공고문.pdf,pdf,https://www.bizinfo.go.kr/cmm/fms/fileDown.do?atchFileId=FILE_000000000606492&fileSn=2,642284,list\PBLN_000000000074507\2022년 서울50+인턴십 사회적경제인턴십 참여기업 모집 공고문.pdf,
PBLN_000000000077397,ok,본문출력파일,2022년 3차 지역전략산업 청년일자리 지원사업 참여기업 모집 공고.pdf,pdf,https://www.bizinfo.go.kr/cmm/fms/fileDown.do?atchFileId=FILE_000000000614900&fileSn=1,544200,list\PBLN_000000000077397\2022년 3차 지역전략산업 청년일자리 지원사업 참여기업 모집 공고.pdf,
PBLN_000000000072541,ok,본문출력파일,[경남] 2022년 1인 자영업자 산재보험 가입지원 사업 공고.hwp,hwp,https://www.bizinfo.go.kr/cmm/fms/fileDown.do?atchFileId=FILE_000000000600160&fileSn=0,19675,list\PBLN_000000000072541\[경남] 2022년 1인 자영업자 산재보험 가입지원 사업 공고.hwp,
PBLN_000000000079547,ok,본문출력파일,2022년 경북사랑 내일채움공제 지원사업 공고.hwp,hwp,https://www.bizinfo.go.kr/cmm/fms/fileDown.do?atchFileId=FILE_000000000621270&fileSn=0,27136,list\PBLN_000000000079547\2022년 경북사랑 내일채움공제 지원사업 공고.hwp,
PBLN_000000000073871,ok,본문출력파일,2022년 방송영상콘텐츠 제작인력 지원사업 공고문.pdf,pdf,https://www.bizinfo.go.kr/cmm/fms/fileDown.do?atchFileId=FILE_000000000604206&fileSn=2,292849,list\PBLN_000000000073871\2022년 방송영상콘텐츠 제작인력 지원사업 공고문.pdf,
PBLN_000000000071860,no_doc,,,,,0,,
PBLN_000000000073154,ok,본문출력파일,[광주] 중소기업 육아휴직 업무대행자 수당지원 사업 공고문.hwp,hwp,https://www.bizinfo.go.kr/cmm/fms/fileDown.do?atchFileId=FILE_000000000601757&fileSn=0,70656,list\PBLN_000000000073154\[광주] 중소기업 육아휴직 업무대행자 수당지원 사업 공고문.hwp,
PBLN_000000000082420,ok,본문출력파일,2023년 지역혁신형 참여 사업장 모집 공고문.hwp,hwp,https://www.bizinfo.go.kr/cmm/fms/fileDown.do?atchFileId=FILE_000000000629529&fileSn=0,102912,list\PBLN_000000000082420\2023년 지역혁신형 참여 사업장 모집 공고문.hwp,
PBLN_000000000073338,ok,본문출력파일,[공고문]2022년 가평군 경영환경개선사업.hwp,hwp,https://www.bizinfo.go.kr/cmm/fms/fileDown.do?atchFileId=FILE_000000000602106&fileSn=0,46592,list\PBLN_000000000073338\[공고문]2022년 가평군 경영환경개선사업.hwp,
PBLN_000000000077133,ok,본문출력파일,2022년 제2차 인천광역시 (예비)사회적기업 일자리창출사업 신청 공고.hwp,hwp,https://www.bizinfo.go.kr/cmm/fms/fileDown.do?atchFileId=FILE_000000000614032&fileSn=1,60417,list\PBLN_000000000077133\2022년 제2차 인천광역시 (예비)사회적기업 일자리창출사업 신청 공고.hwp,
PBLN_000000000074729,ok,본문출력파일,2022년 지역 과학기술기반 연구산업 고급일자리 양성사업 참여기업 모집공고.pdf,pdf,https://www.bizinfo.go.kr/cmm/fms/fileDown.do?atchFileId=FILE_000000000607260&fileSn=3,1048547,list\PBLN_000000000074729\2022년 지역 과학기술기반 연구산업 고급일자리 양성사업 참여기업 모집공고.pdf,
PBLN_000000000075817,ok,본문출력파일,2022년 기술기능인 국비연수생 선발 시험 공고.hwp,hwp,https://www.bizinfo.go.kr/cmm/fms/fileDown.do?atchFileId=FILE_000000000610232&fileSn=3,56832,list\PBLN_000000000075817\2022년 기술기능인 국비연수생 선발 시험 공고.hwp,
PBLN_000000000074163,ok,본문출력파일,2022년_근무혁신인센티브제_참여기업_신청 공고문(1차).pdf,pdf,https://www.bizinfo.go.kr/cmm/fms/fileDown.do?atchFileId=FILE_000000000605073&fileSn=3,415148,list\PBLN_000000000074163\2022년_근무혁신인센티브제_참여기업_신청 공고문(1차).pdf,
PBLN_000000000072278,no_doc,,,,,0,,
PBLN_000000000073063,ok,본문출력파일,2022년 소상공인 방역지원금 확인지급 시행 공고.hwp,hwp,https://www.bizinfo.go.kr/cmm/fms/fileDown.do?atchFileId=FILE_000000000601309&fileSn=0,113152,list\PBLN_000000000073063\2022년 소상공인 방역지원금 확인지급 시행 공고.hwp,
PBLN_000000000081684,ok,본문출력파일,붙임.참여기업_추가모집_재공고(11월).hwp,hwp,https://www.bizinfo.go.kr/cmm/fms/fileDown.do?atchFileId=FILE_000000000627265&fileSn=0,303104,list\PBLN_000000000081684\붙임.참여기업_추가모집_재공고(11월).hwp,
PBLN_000000000072463,ok,본문출력파일,[대전] 2022년 상반기 (예비)사회적기업 일자리창출사업 정정 공고.hwp,hwp,https://www.bizinfo.go.kr/cmm/fms/fileDown.do?atchFileId=FILE_000000000599976&fileSn=0,16385,list\PBLN_000000000072463\[대전] 2022년 상반기 (예비)사회적기업 일자리창출사업 정정 공고.hwp,
PBLN_000000000072323,ok,본문출력파일,[광주] 2022년 출산전후휴가 사업주 부담금 지원을 통한 임산부 직장맘 고용유지지원사업 모집 공고.hwp,hwp,https://www.bizinfo.go.kr/cmm/fms/fileDown.do?atchFileId=FILE_000000000599704&fileSn=0,73729,list\PBLN_000000000072323\[광주] 2022년 출산전후휴가 사업주 부담금 지원을 통한 임산부 직장맘 고용유지지원사업 모집 공고.hwp,
PBLN_000000000073586,ok,본문출력파일,2022년_경남형_귀환청년_행복일자리이음사업_모집공고(수정).hwp,hwp,https://www.bizinfo.go.kr/cmm/fms/fileDown.do?atchFileId=FILE_000000000602546&fileSn=1,220,list\PBLN_000000000073586\2022년_경남형_귀환청년_행복일자리이음사업_모집공고(수정).hwp,
PBLN_000000000074975,ok,본문출력파일,2022년 여성과학기술인 R&D 경력복귀지원사업 공고문(연장).hwp,hwp,https://www.bizinfo.go.kr/cmm/fms/fileDown.do?atchFileId=FILE_000000000607936&fileSn=1,94208,list\PBLN_000000000074975\2022년 여성과학기술인 R&D 경력복귀지원사업 공고문(연장).hwp,
PBLN_000000000078615,ok,본문출력파일,소상공인 청년신규채용 지원사업 추가모집공고(안).hwp,hwp,https://www.bizinfo.go.kr/cmm/fms/fileDown.do?atchFileId=FILE_000000000618764&fileSn=2,1441793,list\PBLN_000000000078615\소상공인 청년신규채용 지원사업 추가모집공고(안).hwp,
PBLN_000000000079612,ok,본문출력파일,2022년 제2차 (예비)사회적기업 일자리창출사업 재심사 공고(안).hwp,hwp,https://www.bizinfo.go.kr/cmm/fms/fileDown.do?atchFileId=FILE_000000000621503&fileSn=0,154625,list\PBLN_000000000079612\2022년 제2차 (예비)사회적기업 일자리창출사업 재심사 공고(안).hwp,
PBLN_000000000081982,ok,본문출력파일,01.(추가모집공고)공고문_제조분야친환경관리인프라구축지원사업_2022.11.pdf,pdf,https://www.bizinfo.go.kr/cmm/fms/fileDown.do?atchFileId=FILE_000000000628120&fileSn=0,175672,list\PBLN_000000000081982\01.(추가모집공고)공고문_제조분야친환경관리인프라구축지원사업_2022.11.pdf,
PBLN_000000000078142,ok,본문출력파일,2022년 지역주도형 청년일자리사업 광융합산업 맞춤인재 육성 프로젝트 지원사업 참여기업 및 청년 추가모집(3차)공고_.hwp,hwp,https://www.bizinfo.go.kr/cmm/fms/fileDown.do?atchFileId=FILE_000000000617233&fileSn=1,32768,list\PBLN_000000000078142\2022년 지역주도형 청년일자리사업 광융합산업 맞춤인재 육성 프로젝트 지원사업 참여기업 및 청년 추가모집(3차)공고_.hwp,
PBLN_000000000072171,ok,본문출력파일,미래형 신산업기업 청년일자리사업 참여기업 모집 공고.hwp,hwp,https://www.bizinfo.go.kr/cmm/fms/fileDown.do?atchFileId=FILE_000000000599376&fileSn=0,100864,list\PBLN_000000000072171\미래형 신산업기업 청년일자리사업 참여기업 모집 공고.hwp,
PBLN_000000000082380,ok,본문출력파일,(붙임1)+2023년+청년+미래로+잇다+청년일자리사업+참여기업+모집+공고문.hwp,hwp,https://www.bizinfo.go.kr/cmm/fms/fileDown.do?atchFileId=FILE_000000000629416&fileSn=0,28160,list\PBLN_000000000082380\(붙임1)+2023년+청년+미래로+잇다+청년일자리사업+참여기업+모집+공고문.hwp,
PBLN_000000000082152,ok,본문출력파일,2023년 특성화 전문인력 양성 일자리 사업 공고문.hwp,hwp,https://www.bizinfo.go.kr/cmm/fms/fileDown.do?atchFileId=FILE_000000000628622&fileSn=0,87552,list\PBLN_000000000082152\2023년 특성화 전문인력 양성 일자리 사업 공고문.hwp,
PBLN_000000000082108,ok,본문출력파일,2023경자청바이오헬스 기업모집 공고문 (최종).pdf,pdf,https://www.bizinfo.go.kr/cmm/fms/fileDown.do?atchFileId=FILE_000000000628509&fileSn=0,271115,list\PBLN_000000000082108\2023경자청바이오헬스 기업모집 공고문 (최종).pdf,
PBLN_000000000074152,ok,본문출력파일,2022청년고용우수기업근로환경개선사업_공고문.pdf,pdf,https://www.bizinfo.go.kr/cmm/fms/fileDown.do?atchFileId=FILE_000000000605076&fileSn=2,187550,list\PBLN_000000000074152\2022청년고용우수기업근로환경개선사업_공고문.pdf,
PBLN_000000000073441,ok,본문출력파일,[경남] 2022년 LNG선박 생산설계수료생 채용기업 모집 공고(조선업 생산기술 인력양성사업).hwp,hwp,https://www.bizinfo.go.kr/cmm/fms/fileDown.do?atchFileId=FILE_000000000602302&fileSn=0,86016,list\PBLN_000000000073441\[경남] 2022년 LNG선박 생산설계수료생 채용기업 모집 공고(조선업 생산기술 인력양성사업).hwp,
PBLN_000000000081263,no_doc,,,,,0,,
PBLN_000000000077869,ok,본문출력파일,붙임1. 2022년_근무혁신 인센티브제_참여기업_신청 공고문(3차).hwp,hwp,https://www.bizinfo.go.kr/cmm/fms/fileDown.do?atchFileId=FILE_000000000616322&fileSn=1,37376,list\PBLN_000000000077869\붙임1. 2022년_근무혁신 인센티브제_참여기업_신청 공고문(3차).hwp,
PBLN_000000000072003,ok,본문출력파일,[경북] 2022년 지역주도형 청년일자리 지원사업 참여기업 모집 통합 공고문.hwp,hwp,https://www.bizinfo.go.kr/cmm/fms/fileDown.do?atchFileId=FILE_000000000599016&fileSn=0,19968,list\PBLN_000000000072003\[경북] 2022년 지역주도형 청년일자리 지원사업 참여기업 모집 통합 공고문.hwp,
PBLN_000000000081513,ok,본문출력파일,「전라북도+더+좋은+일자리+기금」+위기근로자+고용촉진+기업성장+지원사업+2차+참여기업+모집+공고문(기간연장).hwp,hwp,https://www.bizinfo.go.kr/cmm/fms/fileDown.do?atchFileId=FILE_000000000626799&fileSn=0,353792,list\PBLN_000000000081513\「전라북도+더+좋은+일자리+기금」+위기근로자+고용촉진+기업성장+지원사업+2차+참여기업+모집+공고문(기간연장).hwp,
PBLN_000000000077144,ok,본문출력파일,2022년 1차 수도권 혁신기업 온라인 채용박람회 참가기업 모집 공고.hwp,hwp,https://www.bizinfo.go.kr/cmm/fms/fileDown.do?atchFileId=FILE_000000000613998&fileSn=1,106496,list\PBLN_000000000077144\2022년 1차 수도권 혁신기업 온라인 채용박람회 참가기업 모집 공고.hwp,
PBLN_000000000072812,ok,본문출력파일,[경남] 2022년 창업기업 신규고용인력 보조금 지원계획 공고.hwp,hwp,https://www.bizinfo.go.kr/cmm/fms/fileDown.do?atchFileId=FILE_000000000600791&fileSn=0,109057,list\PBLN_000000000072812\[경남] 2022년 창업기업 신규고용인력 보조금 지원계획 공고.hwp,
PBLN_000000000072018,ok,본문출력파일,[충남] 아산시 2022년 반디콘전문가 인력양성사업 참여기업 모집 수정공고.hwp,hwp,https://www.bizinfo.go.kr/cmm/fms/fileDown.do?atchFileId=FILE_000000000599143&fileSn=0,97792,list\PBLN_000000000072018\[충남] 아산시 2022년 반디콘전문가 인력양성사업 참여기업 모집 수정공고.hwp,
PBLN_000000000072603,ok,본문출력파일,[경기] 김포시 청년 미래인재 양성 사업 참여기업 모집 공고문(2022년도 지역주도형 청년일자리사업).hwp,hwp,https://www.bizinfo.go.kr/cmm/fms/fileDown.do?atchFileId=FILE_000000000600386&fileSn=0,73728,list\PBLN_000000000072603\[경기] 김포시 청년 미래인재 양성 사업 참여기업 모집 공고문(2022년도 지역주도형 청년일자리사업).hwp,
PBLN_000000000072634,ok,본문출력파일,충북청년_핵심인재_지역활력_지원사업_참여_신청서(기업용).hwp,hwp,https://www.bizinfo.go.kr/cmm/fms/fileDown.do?atchFileId=FILE_000000000600497&fileSn=0,47616,list\PBLN_000000000072634\충북청년_핵심인재_지역활력_지원사업_참여_신청서(기업용).hwp,
PBLN_000000000073496,ok,본문출력파일,2022년 중소기업 계약학과 신입학 2차 추가 모집 공고(단국대 경영대학원 글로벌e-SCM학과 석사과정).hwp,hwp,https://www.bizinfo.go.kr/cmm/fms/fileDown.do?atchFileId=FILE_000000000602431&fileSn=0,3543552,list\PBLN_000000000073496\2022년 중소기업 계약학과 신입학 2차 추가 모집 공고(단국대 경영대학원 글로벌e-SCM학과 석사과정).hwp,
PBLN_000000000082306,ok,본문출력파일,[공고문]_2022년_인천기업_온라인_채용관_참가기업_모집_공고(상시모집).pdf,pdf,https://www.bizinfo.go.kr/cmm/fms/fileDown.do?atchFileId=FILE_000000000629076&fileSn=0,150730,list\PBLN_000000000082306\[공고문]_2022년_인천기업_온라인_채용관_참가기업_모집_공고(상시모집).pdf,
PBLN_000000000082226,ok,본문출력파일,2022 무역인재 양성 교육비 지원사업 시행 공고문.hwp,hwp,https://www.bizinfo.go.kr/cmm/fms/fileDown.do?atchFileId=FILE_000000000628858&fileSn=0,130560,list\PBLN_000000000082226\2022 무역인재 양성 교육비 지원사업 시행 공고문.hwp,
PBLN_000000000075487,ok,본문출력파일,2022년 현장노동자 휴게시설 개선사업 모집 공고.hwp,hwp,https://www.bizinfo.go.kr/cmm/fms/fileDown.do?atchFileId=FILE_000000000609406&fileSn=3,30209,list\PBLN_000000000075487\2022년 현장노동자 휴게시설 개선사업 모집 공고.hwp,
PBLN_000000000075266,ok,본문출력파일,2022년도 포항시 일자리 공감페이 지원사업 모집공고문.hwp,hwp,https://www.bizinfo.go.kr/cmm/fms/fileDown.do?atchFileId=FILE_000000000608710&fileSn=1,49152,list\PBLN_000000000075266\2022년도 포항시 일자리 공감페이 지원사업 모집공고문.hwp,
PBLN_000000000072179,ok,본문출력파일,[경북] 2022년 사회적경제 ESG 청년일자리 참여기업 모집 공고(지역주도형 청년일자리사업).hwp,hwp,https://www.bizinfo.go.kr/cmm/fms/fileDown.do?atchFileId=FILE_000000000599421&fileSn=0,212992,list\PBLN_000000000072179\[경북] 2022년 사회적경제 ESG 청년일자리 참여기업 모집 공고(지역주도형 청년일자리사업).hwp,
PBLN_000000000077742,ok,본문출력파일,2022년 4차 재택근무 종합컨설팅 지원사업 수요기업 모집 공고.hwp,hwp,https://www.bizinfo.go.kr/cmm/fms/fileDown.do?atchFileId=FILE_000000000615878&fileSn=1,159232,list\PBLN_000000000077742\2022년 4차 재택근무 종합컨설팅 지원사업 수요기업 모집 공고.hwp,
PBLN_000000000078194,no_doc,,,,,0,,
PBLN_000000000080986,ok,본문출력파일,2022년 소상공인시장진흥공단 협력 중소기업 장기재직자 근속포상 공고.pdf,pdf,https://www.bizinfo.go.kr/cmm/fms/fileDown.do?atchFileId=FILE_000000000625278&fileSn=0,756279,list\PBLN_000000000080986\2022년 소상공인시장진흥공단 협력 중소기업 장기재직자 근속포상 공고.pdf,
PBLN_000000000073164,ok,본문출력파일,2022년 2월 더 탐나는 프로그램 및 지역주도형 청년일자리 사업 참여기업 모집 공고.pdf,pdf,https://www.bizinfo.go.kr/cmm/fms/fileDown.do?atchFileId=FILE_000000000601742&fileSn=0,353059,list\PBLN_000000000073164\2022년 2월 더 탐나는 프로그램 및 지역주도형 청년일자리 사업 참여기업 모집 공고.pdf,
PBLN_000000000082193,ok,본문출력파일,1_2023년 지역주도형 청년일자리사업 참여기업체(기관) 모집 공고문.hwp,hwp,https://www.bizinfo.go.kr/cmm/fms/fileDown.do?atchFileId=FILE_000000000628784&fileSn=0,139776,list\PBLN_000000000082193\1_2023년 지역주도형 청년일자리사업 참여기업체(기관) 모집 공고문.hwp,
PBLN_000000000082550,ok,본문출력파일,2023년+청년일자리사업+참여기업+모집+공고_제주사회적경제지원센터(청년+커리어+성장+지원).hwp,hwp,https://www.bizinfo.go.kr/cmm/fms/fileDown.do?atchFileId=FILE_000000000629807&fileSn=0,95232,list\PBLN_000000000082550\2023년+청년일자리사업+참여기업+모집+공고_제주사회적경제지원센터(청년+커리어+성장+지원).hwp,
PBLN_000000000074702,ok,본문출력파일,2022년 기업 온택트 채용관 참여기업 모집 공고.hwp,hwp,https://www.bizinfo.go.kr/cmm/fms/fileDown.do?atchFileId=FILE_000000000607115&fileSn=2,24576,list\PBLN_000000000074702\2022년 기업 온택트 채용관 참여기업 모집 공고.hwp,
PBLN_000000000072818,ok,본문출력파일,[경남] 2022년 1차 (예비)사회적기업 일자리창출사업 공고.hwp,hwp,https://www.bizinfo.go.kr/cmm/fms/fileDown.do?atchFileId=FILE_000000000600801&fileSn=0,152065,list\PBLN_000000000072818\[경남] 2022년 1차 (예비)사회적기업 일자리창출사업 공고.hwp,
PBLN_000000000082405,ok,본문출력파일,지역혁신형 참여 사업장 모집공고.hwp,hwp,https://www.bizinfo.go.kr/cmm/fms/fileDown.do?atchFileId=FILE_000000000629442&fileSn=0,92160,list\PBLN_000000000082405\지역혁신형 참여 사업장 모집공고.hwp,
PBLN_000000000082588,ok,본문출력파일,글로벌 혁신형 물산업 인력 활성화 지원사업 참여기업 모집공고.hwp,hwp,https://www.bizinfo.go.kr/cmm/fms/fileDown.do?atchFileId=FILE_000000000629887&fileSn=0,39936,list\PBLN_000000000082588\글로벌 혁신형 물산업 인력 활성화 지원사업 참여기업 모집공고.hwp,
PBLN_000000000082389,ok,본문출력파일,목포시 청년 큰 도약 일자리 지원사업 기업 모집 공고(최종).pdf,pdf,https://www.bizinfo.go.kr/cmm/fms/fileDown.do?atchFileId=FILE_000000000629348&fileSn=0,319216,list\PBLN_000000000082389\목포시 청년 큰 도약 일자리 지원사업 기업 모집 공고(최종).pdf,
PBLN_000000000081584,ok,본문출력파일,잡매칭+행사+모집+공고문+및+신청서(최종).pdf,pdf,https://www.bizinfo.go.kr/cmm/fms/fileDown.do?atchFileId=FILE_000000000626967&fileSn=0,221964,list\PBLN_000000000081584\잡매칭+행사+모집+공고문+및+신청서(최종).pdf,
PBLN_000000000082207,ok,본문출력파일,2023 인문계열 졸업청년 취업경로 전환지원사업_공고문.pdf,pdf,https://www.bizinfo.go.kr/cmm/fms/fileDown.do?atchFileId=FILE_000000000628802&fileSn=0,343307,list\PBLN_000000000082207\2023 인문계열 졸업청년 취업경로 전환지원사업_공고문.pdf,
PBLN_000000000078959,ok,본문출력파일,E- 카달로그 홍보물 제작지원 참가기업 지원 공고.hwp,hwp,https://www.bizinfo.go.kr/cmm/fms/fileDown.do?atchFileId=FILE_000000000619743&fileSn=1,62464,list\PBLN_000000000078959\E- 카달로그 홍보물 제작지원 참가기업 지원 공고.hwp,
PBLN_000000000072183,ok,본문출력파일,[경북] 2022년 지역사회 동반성장 청년일자리 참여기업 모집 공고(지역주도형 청년일자리사업).hwp,hwp,https://www.bizinfo.go.kr/cmm/fms/fileDown.do?atchFileId=FILE_000000000599409&fileSn=0,215040,list\PBLN_000000000072183\[경북] 2022년 지역사회 동반성장 청년일자리 참여기업 모집 공고(지역주도형 청년일자리사업).hwp,
PBLN_000000000082413,ok,본문출력파일,붙임1.지역특화산업맞춤청년일자리사업_참여기업_모집공고.hwp,hwp,https://www.bizinfo.go.kr/cmm/fms/fileDown.do?atchFileId=FILE_000000000629481&fileSn=0,308224,list\PBLN_000000000082413\붙임1.지역특화산업맞춤청년일자리사업_참여기업_모집공고.hwp,
PBLN_000000000081848,ok,본문출력파일,2022년 목포시 소규모 기업환경 개선사업 공고(3차).hwp,hwp,https://www.bizinfo.go.kr/cmm/fms/fileDown.do?atchFileId=FILE_000000000627727&fileSn=0,105984,list\PBLN_000000000081848\2022년 목포시 소규모 기업환경 개선사업 공고(3차).hwp,
PBLN_000000000080302,ok,본문출력파일,공고문_SBA_2022년_하반기_워케이션_프로그램_모집.hwp,hwp,https://www.bizinfo.go.kr/cmm/fms/fileDown.do?atchFileId=FILE_000000000623455&fileSn=0,39424,list\PBLN_000000000080302\공고문_SBA_2022년_하반기_워케이션_프로그램_모집.hwp,
PBLN_000000000080094,ok,본문출력파일,2022년 3차 중소기업 공동직장어린이집 설치비 지원사업자 공모.hwp,hwp,https://www.bizinfo.go.kr/cmm/fms/fileDown.do?atchFileId=FILE_000000000622846&fileSn=0,119296,list\PBLN_000000000080094\2022년 3차 중소기업 공동직장어린이집 설치비 지원사업자 공모.hwp,
PBLN_000000000075599,ok,본문출력파일,2022년 뿌리기업 신규입직자 경력형성장려금 지원사업 모집 공고.pdf,pdf,https://www.bizinfo.go.kr/cmm/fms/fileDown.do?atchFileId=FILE_000000000609703&fileSn=2,222,list\PBLN_000000000075599\2022년 뿌리기업 신규입직자 경력형성장려금 지원사업 모집 공고.pdf,
PBLN_000000000072772,ok,본문출력파일,[대구] 2022년 (예비)사회적기업 전문인력 지원사업 공고.hwp,hwp,https://www.bizinfo.go.kr/cmm/fms/fileDown.do?atchFileId=FILE_000000000600721&fileSn=0,53249,list\PBLN_000000000072772\[대구] 2022년 (예비)사회적기업 전문인력 지원사업 공고.hwp,
PBLN_000000000076437,ok,첨부파일,[붙임1]사업신청서.hwp,hwp,https://www.bizinfo.go.kr/cmm/fms/fileDown.do?atchFileId=FILE_000000000612046&fileSn=0,88576,list\PBLN_000000000076437\[붙임1]사업신청서.hwp,
PBLN_000000000072592,ok,본문출력파일,[대구] 2022년 실무형 기술인재 채용지원사업 참여기업 모집 공고(지역주도형 청년 일자리사업).hwp,hwp,https://www.bizinfo.go.kr/cmm/fms/fileDown.do?atchFileId=FILE_000000000600270&fileSn=0,218113,list\PBLN_000000000072592\[대구] 2022년 실무형 기술인재 채용지원사업 참여기업 모집 공고(지역주도형 청년 일자리사업).hwp,
PBLN_000000000078804,ok,본문출력파일,1. 혁신 하반기 참여기업 모집공고문.pdf,pdf,https://www.bizinfo.go.kr/cmm/fms/fileDown.do?atchFileId=FILE_000000000619278&fileSn=1,249837,list\PBLN_000000000078804\1. 혁신 하반기 참여기업 모집공고문.pdf,
PBLN_000000000074022,ok,본문출력파일,2022년 퇴직자 재직자 경력전환 지원 경력인력 모집 안내문.pdf,pdf,https://www.bizinfo.go.kr/cmm/fms/fileDown.do?atchFileId=FILE_000000000604602&fileSn=4,63072,list\PBLN_000000000074022\2022년 퇴직자 재직자 경력전환 지원 경력인력 모집 안내문.pdf,
PBLN_000000000082242,ok,본문출력파일,2023 지역주도형 청년 일자리사업 참여기업 모집공고.hwp,hwp,https://www.bizinfo.go.kr/cmm/fms/fileDown.do?atchFileId=FILE_000000000628907&fileSn=0,103936,list\PBLN_000000000082242\2023 지역주도형 청년 일자리사업 참여기업 모집공고.hwp,
PBLN_000000000072270,ok,본문출력파일,[강원] 디자인특화 청년디자이너 일자리 지원사업 참여기업 모집 공고문.pdf,pdf,https://www.bizinfo.go.kr/cmm/fms/fileDown.do?atchFileId=FILE_000000000599579&fileSn=0,300056,list\PBLN_000000000072270\[강원] 디자인특화 청년디자이너 일자리 지원사업 참여기업 모집 공고문.pdf,
PBLN_000000000073041,ok,본문출력파일,[서울] 2022년 예술로 행복한 중소기업 수혜기업 모집 공고.hwp,hwp,https://www.bizinfo.go.kr/cmm/fms/fileDown.do?atchFileId=FILE_000000000601265&fileSn=0,23040,list\PBLN_000000000073041\[서울] 2022년 예술로 행복한 중소기업 수혜기업 모집 공고.hwp,
PBLN_000000000071848,ok,본문출력파일,[전북] 2022년 사회적경제 청년혁신가 지역혁신형 참여 사업장 모집 공고.pdf,pdf,https://www.bizinfo.go.kr/cmm/fms/fileDown.do?atchFileId=FILE_000000000598738&fileSn=0,264000,list\PBLN_000000000071848\[전북] 2022년 사회적경제 청년혁신가 지역혁신형 참여 사업장 모집 공고.pdf,
PBLN_000000000082696,ok,본문출력파일,2023년 고용창출장려금 및 고용안정장려금 사업 공고문.hwp,hwp,https://www.bizinfo.go.kr/cmm/fms/fileDown.do?atchFileId=FILE_000000000630367&fileSn=0,127488,list\PBLN_000000000082696\2023년 고용창출장려금 및 고용안정장려금 사업 공고문.hwp,
PBLN_000000000082445,ok,본문출력파일,2023년 지역주도형 청년일자리사업(청년잡고 일자리잡고) 공고문.hwp,hwp,https://www.bizinfo.go.kr/cmm/fms/fileDown.do?atchFileId=FILE_000000000629562&fileSn=0,90112,list\PBLN_000000000082445\2023년 지역주도형 청년일자리사업(청년잡고 일자리잡고) 공고문.hwp,
PBLN_000000000078587,ok,본문출력파일,2022년 대구-MS  AI 스쿨 인재 채용사업 공고문_최종.hwp,hwp,https://www.bizinfo.go.kr/cmm/fms/fileDown.do?atchFileId=FILE_000000000618630&fileSn=2,131585,list\PBLN_000000000078587\2022년 대구-MS  AI 스쿨 인재 채용사업 공고문_최종.hwp,
PBLN_000000000074853,ok,본문출력파일,김천시 중소기업 기숙사 임차비 지원사업 참여기업 모집 공고.hwp,hwp,https://www.bizinfo.go.kr/cmm/fms/fileDown.do?atchFileId=FILE_000000000607490&fileSn=1,21504,list\PBLN_000000000074853\김천시 중소기업 기숙사 임차비 지원사업 참여기업 모집 공고.hwp,
PBLN_000000000077874,ok,본문출력파일,성남시 2022년 상반기 청년고용우수기업 모집 공고.hwp,hwp,https://www.bizinfo.go.kr/cmm/fms/fileDown.do?atchFileId=FILE_000000000616342&fileSn=1,147456,list\PBLN_000000000077874\성남시 2022년 상반기 청년고용우수기업 모집 공고.hwp,
PBLN_000000000073399,ok,본문출력파일,2022년 중소기업 신규고용 인건비 지원사업 추가모집 공고(코로나19).hwp,hwp,https://www.bizinfo.go.kr/cmm/fms/fileDown.do?atchFileId=FILE_000000000602276&fileSn=0,311296,list\PBLN_000000000073399\2022년 중소기업 신규고용 인건비 지원사업 추가모집 공고(코로나19).hwp,
PBLN_000000000072622,ok,본문출력파일,[충남] 당진시 2022년 기업체 여성휴게실(수유실) 조성사업 참여 기업 모집 공고문.hwp,hwp,https://www.bizinfo.go.kr/cmm/fms/fileDown.do?atchFileId=FILE_000000000600388&fileSn=0,113152,list\PBLN_000000000072622\[충남] 당진시 2022년 기업체 여성휴게실(수유실) 조성사업 참여 기업 모집 공고문.hwp,
PBLN_000000000077213,ok,본문출력파일,22년 제2회 추경 전세버스기사 한시지원 사업 공고문.hwp,hwp,https://www.bizinfo.go.kr/cmm/fms/fileDown.do?atchFileId=FILE_000000000614295&fileSn=1,187905,list\PBLN_000000000077213\22년 제2회 추경 전세버스기사 한시지원 사업 공고문.hwp,
PBLN_000000000082448,ok,본문출력파일,2023년도 농업법인 청년플러스 지원사업 참여기업 추가모집 공고문.pdf,pdf,https://www.bizinfo.go.kr/cmm/fms/fileDown.do?atchFileId=FILE_000000000629544&fileSn=0,239147,list\PBLN_000000000082448\2023년도 농업법인 청년플러스 지원사업 참여기업 추가모집 공고문.pdf,
PBLN_000000000076927,ok,본문출력파일,기업맞춤형 산학협력프로젝트다자간 업무협약 참여기업 모집 공고안.hwp,hwp,https://www.bizinfo.go.kr/cmm/fms/fileDown.do?atchFileId=FILE_000000000613331&fileSn=1,158208,list\PBLN_000000000076927\기업맞춤형 산학협력프로젝트다자간 업무협약 참여기업 모집 공고안.hwp,
PBLN_000000000080975,ok,본문출력파일,2022년 소상공인시장진흥공단 협력 중소기업 복리후생비 지원사업 공고.pdf,pdf,https://www.bizinfo.go.kr/cmm/fms/fileDown.do?atchFileId=FILE_000000000625281&fileSn=0,742672,list\PBLN_000000000080975\2022년 소상공인시장진흥공단 협력 중소기업 복리후생비 지원사업 공고.pdf,
PBLN_000000000082176,ok,본문출력파일,1. 2023년 컨택센터 청년신규채용 지원사업(신규) 모집공고.hwp,hwp,https://www.bizinfo.go.kr/cmm/fms/fileDown.do?atchFileId=FILE_000000000628749&fileSn=0,107520,list\PBLN_000000000082176\1. 2023년 컨택센터 청년신규채용 지원사업(신규) 모집공고.hwp,
PBLN_000000000082409,ok,본문출력파일,진천군 2023년 특화형 신성장분야 청년일자리사업 참여기업 모집 공고.hwp,hwp,https://www.bizinfo.go.kr/cmm/fms/fileDown.do?atchFileId=FILE_000000000629451&fileSn=0,114176,list\PBLN_000000000082409\진천군 2023년 특화형 신성장분야 청년일자리사업 참여기업 모집 공고.hwp,
PBLN_000000000082217,ok,본문출력파일,(1유형)2023년 여주 지역혁신형 청년일자리 지원사업 기업모집 공고.hwp,hwp,https://www.bizinfo.go.kr/cmm/fms/fileDown.do?atchFileId=FILE_000000000628856&fileSn=0,100352,list\PBLN_000000000082217\(1유형)2023년 여주 지역혁신형 청년일자리 지원사업 기업모집 공고.hwp,
PBLN_000000000082316,ok,본문출력파일,_공고문__2023년_강소기업_청년인턴_지원사업.hwp,hwp,https://www.bizinfo.go.kr/cmm/fms/fileDown.do?atchFileId=FILE_000000000629130&fileSn=0,28160,list\PBLN_000000000082316\_공고문__2023년_강소기업_청년인턴_지원사업.hwp,
PBLN_000000000079820,no_doc,,,,,0,,
PBLN_000000000072590,ok,본문출력파일,[대구] 2022년 인문청년 기술인재 전환지원 사업 참여기업 모집 공고(지역주도형 청년 일자리사업).hwp,hwp,https://www.bizinfo.go.kr/cmm/fms/fileDown.do?atchFileId=FILE_000000000600267&fileSn=0,109057,list\PBLN_000000000072590\[대구] 2022년 인문청년 기술인재 전환지원 사업 참여기업 모집 공고(지역주도형 청년 일자리사업).hwp,
PBLN_000000000074130,ok,본문출력파일,청년취업사관학교 인매재칭 관심기업 등록 안내.hwp,hwp,https://www.bizinfo.go.kr/cmm/fms/fileDown.do?atchFileId=FILE_000000000604964&fileSn=2,93696,list\PBLN_000000000074130\청년취업사관학교 인매재칭 관심기업 등록 안내.hwp,
PBLN_000000000079218,ok,본문출력파일,2022년 경북 사회적경제 인프라지원 참여기업 모집공고문.hwp,hwp,https://www.bizinfo.go.kr/cmm/fms/fileDown.do?atchFileId=FILE_000000000620495&fileSn=0,36352,list\PBLN_000000000079218\2022년 경북 사회적경제 인프라지원 참여기업 모집공고문.hwp,
PBLN_000000000082026,ok,본문출력파일,23년 지역주도형 청년일자리사업(경남 청년 농식품수출 마케터) 참여 사업장 모집 공고.hwp,hwp,https://www.bizinfo.go.kr/cmm/fms/fileDown.do?atchFileId=FILE_000000000628252&fileSn=0,90625,list\PBLN_000000000082026\23년 지역주도형 청년일자리사업(경남 청년 농식품수출 마케터) 참여 사업장 모집 공고.hwp,
PBLN_000000000071973,ok,본문출력파일,2022년 산업기술혁신사업 통합 시행계획 공고.hwp,hwp,https://www.bizinfo.go.kr/cmm/fms/fileDown.do?atchFileId=FILE_000000000598997&fileSn=0,392192,list\PBLN_000000000071973\2022년 산업기술혁신사업 통합 시행계획 공고.hwp,
PBLN_000000000082294,ok,본문출력파일,기업 모집공고문(상생일자리).hwp,hwp,https://www.bizinfo.go.kr/cmm/fms/fileDown.do?atchFileId=FILE_000000000629093&fileSn=0,73216,list\PBLN_000000000082294\기업 모집공고문(상생일자리).hwp,
PBLN_000000000082641,ok,본문출력파일,광주시 지역상생 청년 일자리 사업 참여 기업 모집 공고.hwp,hwp,https://www.bizinfo.go.kr/cmm/fms/fileDown.do?atchFileId=FILE_000000000630124&fileSn=0,80384,list\PBLN_000000000082641\광주시 지역상생 청년 일자리 사업 참여 기업 모집 공고.hwp,
PBLN_000000000078579,fail,,,,,0,,"ConnectionError: ('Connection aborted.', ConnectionResetError(10054, '현재 연결은 원격 호스트에 의해 강제로 끊겼습니다', None, 10054, None))"
PBLN_000000000082373,fail,,,,,0,,"ConnectionError: HTTPSConnectionPool(host='www.bizinfo.go.kr', port=443): Max retries exceeded with url: /sii/siia/selectSIIA200Detail.do?pblancId=PBLN_000000000082373 (Caused by N"
PBLN_000000000072162,fail,,,,,0,,"ConnectionError: HTTPSConnectionPool(host='www.bizinfo.go.kr', port=443): Max retries exceeded with url: /sii/siia/selectSIIA200Detail.do?pblancId=PBLN_000000000072162 (Caused by N"
PBLN_000000000072007,fail,,,,,0,,"ConnectionError: HTTPSConnectionPool(host='www.bizinfo.go.kr', port=443): Max retries exceeded with url: /sii/siia/selectSIIA200Detail.do?pblancId=PBLN_000000000072007 (Caused by N"
PBLN_000000000074491,fail,,,,,0,,"ConnectionError: HTTPSConnectionPool(host='www.bizinfo.go.kr', port=443): Max retries exceeded with url: /sii/siia/selectSIIA200Detail.do?pblancId=PBLN_000000000074491 (Caused by N"
PBLN_000000000082653,fail,,,,,0,,"ConnectionError: HTTPSConnectionPool(host='www.bizinfo.go.kr', port=443): Max retries exceeded with url: /sii/siia/selectSIIA200Detail.do?pblancId=PBLN_000000000082653 (Caused by N"
PBLN_000000000076287,fail,,,,,0,,"ConnectionError: ('Connection aborted.', ConnectionAbortedError(10053, '현재 연결은 사용자의 호스트 시스템의 소프트웨어의 의해 중단되었습니다', None, 10053, None))"
PBLN_000000000072391,fail,,,,,0,,"ConnectionError: HTTPSConnectionPool(host='www.bizinfo.go.kr', port=443): Max retries exceeded with url: /sii/siia/selectSIIA200Detail.do?pblancId=PBLN_000000000072391 (Caused by N"
PBLN_000000000072816,ok,본문출력파일,2022년 제1차 일자리창출사업 지원 계획(재심사).hwp,hwp,https://www.bizinfo.go.kr/cmm/fms/fileDown.do?atchFileId=FILE_000000000600798&fileSn=0,96769,list\PBLN_000000000072816\2022년 제1차 일자리창출사업 지원 계획(재심사).hwp,
PBLN_000000000075896,ok,본문출력파일,2022년+번역아카데미+수료생+인턴십+지원+사업+공고문.pdf,pdf,https://www.bizinfo.go.kr/cmm/fms/fileDown.do?atchFileId=FILE_000000000610474&fileSn=1,90828,list\PBLN_000000000075896\2022년+번역아카데미+수료생+인턴십+지원+사업+공고문.pdf,
PBLN_000000000072056,ok,본문출력파일,[경북] 2022년 중소기업 디자인분야 청년일자리 지원사업 참여기업 모집공고.hwp,hwp,https://www.bizinfo.go.kr/cmm/fms/fileDown.do?atchFileId=FILE_000000000599215&fileSn=0,87552,list\PBLN_000000000072056\[경북] 2022년 중소기업 디자인분야 청년일자리 지원사업 참여기업 모집공고.hwp,
PBLN_000000000078195,ok,본문출력파일,2022년제2차(예비)사회적기업일자리창출사업참여기업모집공고문.hwp,hwp,https://www.bizinfo.go.kr/cmm/fms/fileDown.do?atchFileId=FILE_000000000617452&fileSn=2,239861,list\PBLN_000000000078195\2022년제2차(예비)사회적기업일자리창출사업참여기업모집공고문.hwp,
PBLN_000000000072305,ok,본문출력파일,[광주] 2022년 새일여성 인턴 채용 기업체 및 참여자 모집 공고.hwp,hwp,https://www.bizinfo.go.kr/cmm/fms/fileDown.do?atchFileId=FILE_000000000599679&fileSn=0,164865,list\PBLN_000000000072305\[광주] 2022년 새일여성 인턴 채용 기업체 및 참여자 모집 공고.hwp,
PBLN_000000000072401,no_doc,,,,,0,,
PBLN_000000000081234,ok,본문출력파일,2022년 부산형 워케이션 윙센터 참가자 모집공고.hwp,hwp,https://www.bizinfo.go.kr/cmm/fms/fileDown.do?atchFileId=FILE_000000000626020&fileSn=0,49152,list\PBLN_000000000081234\2022년 부산형 워케이션 윙센터 참가자 모집공고.hwp,
PBLN_000000000072304,ok,본문출력파일,2022년 1차 원자력전공자 인턴십 지원사업 참여기업 모집 공고.hwp,hwp,https://www.bizinfo.go.kr/cmm/fms/fileDown.do?atchFileId=FILE_000000000599676&fileSn=0,98816,list\PBLN_000000000072304\2022년 1차 원자력전공자 인턴십 지원사업 참여기업 모집 공고.hwp,
PBLN_000000000080481,ok,본문출력파일,2022년 2차 지역 노사 파트너십 구축사업 시행계획 공고.pdf,pdf,https://www.bizinfo.go.kr/cmm/fms/fileDown.do?atchFileId=FILE_000000000623943&fileSn=0,150446,list\PBLN_000000000080481\2022년 2차 지역 노사 파트너십 구축사업 시행계획 공고.pdf,
PBLN_000000000072415,ok,본문출력파일,2022년_(예비)사회적기업_전문인력_및_사회보험료_지원사업_참여기업_모집_공고.hwp,hwp,https://www.bizinfo.go.kr/cmm/fms/fileDown.do?atchFileId=FILE_000000000599942&fileSn=0,861696,list\PBLN_000000000072415\2022년_(예비)사회적기업_전문인력_및_사회보험료_지원사업_참여기업_모집_공고.hwp,
PBLN_000000000077326,ok,본문출력파일,관광업계 현장 맞춤형 역량강화교육 운영사업 지방보조사업자 모집 재공고.hwp,hwp,https://www.bizinfo.go.kr/cmm/fms/fileDown.do?atchFileId=FILE_000000000614635&fileSn=1,105985,list\PBLN_000000000077326\관광업계 현장 맞춤형 역량강화교육 운영사업 지방보조사업자 모집 재공고.hwp,
PBLN_000000000077527,ok,본문출력파일,강서구 2022년 근로자 건강증진 프로젝트 참여기업 모집 공고.hwp,hwp,https://www.bizinfo.go.kr/cmm/fms/fileDown.do?atchFileId=FILE_000000000615309&fileSn=1,41984,list\PBLN_000000000077527\강서구 2022년 근로자 건강증진 프로젝트 참여기업 모집 공고.hwp,
PBLN_000000000090672,ok,본문출력파일,2023_하반기_수도권_신성장_산업분야_중소기업_온라인_채용박람회_참가기업_모집_공고문.hwp,hwp,https://www.bizinfo.go.kr/cmm/fms/fileDown.do?atchFileId=FILE_000000000652137&fileSn=1,85504,list\PBLN_000000000090672\2023_하반기_수도권_신성장_산업분야_중소기업_온라인_채용박람회_참가기업_모집_공고문.hwp,
PBLN_000000000084304,ok,본문출력파일,2023년_군산시_지역주도형_청년일자리사업_그린산업_육성_청년일자리사업_참여기업_추가모집_공고.hwp,hwp,https://www.bizinfo.go.kr/cmm/fms/fileDown.do?atchFileId=FILE_000000000634424&fileSn=0,118784,list\PBLN_000000000084304\2023년_군산시_지역주도형_청년일자리사업_그린산업_육성_청년일자리사업_참여기업_추가모집_공고.hwp,
PBLN_000000000083014,ok,본문출력파일,20230531 2023년 도약장려금 사업운영 지침 개정.pdf,pdf,https://www.bizinfo.go.kr/cmm/fms/fileDown.do?atchFileId=FILE_000000000631103&fileSn=3,2442808,list\PBLN_000000000083014\20230531 2023년 도약장려금 사업운영 지침 개정.pdf,
PBLN_000000000086926,ok,본문출력파일,협동조합 전문인력 지원사업 공고문(3차).hwp,hwp,https://www.bizinfo.go.kr/cmm/fms/fileDown.do?atchFileId=FILE_000000000641063&fileSn=0,131072,list\PBLN_000000000086926\협동조합 전문인력 지원사업 공고문(3차).hwp,
PBLN_000000000084158,ok,본문출력파일,애니메이션 현장전문인력 양성사업 공고문.pdf,pdf,https://www.bizinfo.go.kr/cmm/fms/fileDown.do?atchFileId=FILE_000000000634115&fileSn=0,327104,list\PBLN_000000000084158\애니메이션 현장전문인력 양성사업 공고문.pdf,
PBLN_000000000093007,ok,본문출력파일,2023년 양주형 청년도약 일자리사업 참여기업 추가 모집 공고문.hwp,hwp,https://www.bizinfo.go.kr/cmm/fms/fileDown.do?atchFileId=FILE_000000000660537&fileSn=0,181760,list\PBLN_000000000093007\2023년 양주형 청년도약 일자리사업 참여기업 추가 모집 공고문.hwp,
PBLN_000000000088578,ok,첨부파일,2023년 벤처기업 공동채용 사업참여 신청동의서_기업명.hwp,hwp,https://www.bizinfo.go.kr/cmm/fms/fileDown.do?atchFileId=FILE_000000000646034&fileSn=0,17408,list\PBLN_000000000088578\2023년 벤처기업 공동채용 사업참여 신청동의서_기업명.hwp,
PBLN_000000000090885,ok,본문출력파일,붙임 1. 탄소중립 스마트그린 프로젝트 참여기업 모집 공고.hwp,hwp,https://www.bizinfo.go.kr/cmm/fms/fileDown.do?atchFileId=FILE_000000000652755&fileSn=0,184832,list\PBLN_000000000090885\붙임 1. 탄소중립 스마트그린 프로젝트 참여기업 모집 공고.hwp,
PBLN_000000000082716,ok,본문출력파일,2023년 부천시「내일채움공제」지원 계획 공고.hwp,hwp,https://www.bizinfo.go.kr/cmm/fms/fileDown.do?atchFileId=FILE_000000000630427&fileSn=0,93696,list\PBLN_000000000082716\2023년 부천시「내일채움공제」지원 계획 공고.hwp,
PBLN_000000000085126,ok,본문출력파일,경기도 근로자 혈관건강 프로그램 참여사업장 모집 안내.pdf,pdf,https://www.bizinfo.go.kr/cmm/fms/fileDown.do?atchFileId=FILE_000000000636616&fileSn=0,58290,list\PBLN_000000000085126\경기도 근로자 혈관건강 프로그램 참여사업장 모집 안내.pdf,
PBLN_000000000090148,ok,본문출력파일,2023년도+공공연+연구인력+파견지원사업+시행계획+공고(제2023-235호).pdf,pdf,https://www.bizinfo.go.kr/cmm/fms/fileDown.do?atchFileId=FILE_000000000650698&fileSn=0,361868,list\PBLN_000000000090148\2023년도+공공연+연구인력+파견지원사업+시행계획+공고(제2023-235호).pdf,
PBLN_000000000085095,ok,본문출력파일,(공고문)2023년_중소기업_근로자_기숙사_임차료_지원사업.hwp,hwp,https://www.bizinfo.go.kr/cmm/fms/fileDown.do?atchFileId=FILE_000000000636569&fileSn=0,137216,list\PBLN_000000000085095\(공고문)2023년_중소기업_근로자_기숙사_임차료_지원사업.hwp,
PBLN_000000000088186,ok,본문출력파일,2023년 (예비)사회적기업 전문인력 지원사업 신규참여기업 모집 공고.hwp,hwp,https://www.bizinfo.go.kr/cmm/fms/fileDown.do?atchFileId=FILE_000000000644743&fileSn=0,70145,list\PBLN_000000000088186\2023년 (예비)사회적기업 전문인력 지원사업 신규참여기업 모집 공고.hwp,
PBLN_000000000086886,ok,첨부파일,(서식) 참여기업 신청서식.pdf,pdf,https://www.bizinfo.go.kr/cmm/fms/fileDown.do?atchFileId=FILE_000000000640951&fileSn=0,147692,list\PBLN_000000000086886\(서식) 참여기업 신청서식.pdf,
PBLN_000000000083681,ok,본문출력파일,2023년 제1차 (예비)사회적기업 일자리창출사업 공고.hwp,hwp,https://www.bizinfo.go.kr/cmm/fms/fileDown.do?atchFileId=FILE_000000000632832&fileSn=0,194561,list\PBLN_000000000083681\2023년 제1차 (예비)사회적기업 일자리창출사업 공고.hwp,
PBLN_000000000083650,ok,본문출력파일,2023년 상반기 (예비)사회적기업 일자리창출사업 모집 공고.hwp,hwp,https://www.bizinfo.go.kr/cmm/fms/fileDown.do?atchFileId=FILE_000000000632809&fileSn=0,150017,list\PBLN_000000000083650\2023년 상반기 (예비)사회적기업 일자리창출사업 모집 공고.hwp,
PBLN_000000000084703,no_doc,,,,,0,,
PBLN_000000000084854,ok,본문출력파일,2023 안전보건 우수기업 인센티브 지원 공고문.pdf,pdf,https://www.bizinfo.go.kr/cmm/fms/fileDown.do?atchFileId=FILE_000000000635896&fileSn=0,759835,list\PBLN_000000000084854\2023 안전보건 우수기업 인센티브 지원 공고문.pdf,
PBLN_000000000087380,ok,본문출력파일,중소기업 공동직장어린이집 설치비 지원사업자 공고문(2차).hwp,hwp,https://www.bizinfo.go.kr/cmm/fms/fileDown.do?atchFileId=FILE_000000000642303&fileSn=0,105472,list\PBLN_000000000087380\중소기업 공동직장어린이집 설치비 지원사업자 공고문(2차).hwp,
PBLN_000000000089417,ok,본문출력파일,[붙임1] 2023년 과학기술분야 R&D 대체인력 활용 지원사업 하반기 공고문.pdf,pdf,https://www.bizinfo.go.kr/cmm/fms/fileDown.do?atchFileId=FILE_000000000648687&fileSn=0,798221,list\PBLN_000000000089417\[붙임1] 2023년 과학기술분야 R&D 대체인력 활용 지원사업 하반기 공고문.pdf,
PBLN_000000000089600,ok,본문출력파일,[공고]신산업 연계 청년일자리 창출사업 현장실습 지원사업 3차 추가 모집.hwp,hwp,https://www.bizinfo.go.kr/cmm/fms/fileDown.do?atchFileId=FILE_000000000649224&fileSn=0,181248,list\PBLN_000000000089600\[공고]신산업 연계 청년일자리 창출사업 현장실습 지원사업 3차 추가 모집.hwp,
PBLN_000000000090480,ok,본문출력파일,[수정공고] 2023년 연구인력활용 기술자문사업_모집공고.pdf,pdf,https://www.bizinfo.go.kr/cmm/fms/fileDown.do?atchFileId=FILE_000000000651616&fileSn=1,387907,list\PBLN_000000000090480\[수정공고] 2023년 연구인력활용 기술자문사업_모집공고.pdf,
PBLN_000000000087114,ok,본문출력파일,재공고문(청년 맞춤형 인턴사업 참여기업 모집).hwp,hwp,https://www.bizinfo.go.kr/cmm/fms/fileDown.do?atchFileId=FILE_000000000641612&fileSn=0,170496,list\PBLN_000000000087114\재공고문(청년 맞춤형 인턴사업 참여기업 모집).hwp,
PBLN_000000000090395,ok,본문출력파일,[덧붙임1]우수인재유치및우수경력자인건비지원사업창업기업지원수혜기업추가모집공고문.pdf,pdf,https://www.bizinfo.go.kr/cmm/fms/fileDown.do?atchFileId=FILE_000000000651433&fileSn=0,202173,list\PBLN_000000000090395\[덧붙임1]우수인재유치및우수경력자인건비지원사업창업기업지원수혜기업추가모집공고문.pdf,
PBLN_000000000083398,ok,본문출력파일,(공고문) 2023년 (예비)사회적기업 전문인력지원사업 공고문.hwp,hwp,https://www.bizinfo.go.kr/cmm/fms/fileDown.do?atchFileId=FILE_000000000632139&fileSn=0,171521,list\PBLN_000000000083398\(공고문) 2023년 (예비)사회적기업 전문인력지원사업 공고문.hwp,
PBLN_000000000088412,ok,본문출력파일,[붙임1.] 2023 게임기업 맞춤형 인턴십 지원사업(3차모집) 공고문.pdf,pdf,https://www.bizinfo.go.kr/cmm/fms/fileDown.do?atchFileId=FILE_000000000645440&fileSn=0,542921,list\PBLN_000000000088412\[붙임1.] 2023 게임기업 맞춤형 인턴십 지원사업(3차모집) 공고문.pdf,
PBLN_000000000088423,ok,본문출력파일,2023년 중소기업 청년근로자 기숙사 임차비 지원사업 공고문 및 제출서식(2차).hwp,hwp,https://www.bizinfo.go.kr/cmm/fms/fileDown.do?atchFileId=FILE_000000000645511&fileSn=0,82432,list\PBLN_000000000088423\2023년 중소기업 청년근로자 기숙사 임차비 지원사업 공고문 및 제출서식(2차).hwp,
PBLN_000000000085255,ok,본문출력파일,[서울기업_온택트_채용관]_모집공고문_최종.hwp,hwp,https://www.bizinfo.go.kr/cmm/fms/fileDown.do?atchFileId=FILE_000000000636914&fileSn=0,77824,list\PBLN_000000000085255\[서울기업_온택트_채용관]_모집공고문_최종.hwp,
PBLN_000000000092049,ok,본문출력파일,2023년 기업환경개선사업 공고 및 관련서식.hwp,hwp,https://www.bizinfo.go.kr/cmm/fms/fileDown.do?atchFileId=FILE_000000000656646&fileSn=0,118272,list\PBLN_000000000092049\2023년 기업환경개선사업 공고 및 관련서식.hwp,
PBLN_000000000089113,ok,본문출력파일,1-1. [공고문] 2023년 서울형 관광산업 고용장려금 지원사업.hwp,hwp,https://www.bizinfo.go.kr/cmm/fms/fileDown.do?atchFileId=FILE_000000000647788&fileSn=0,141824,list\PBLN_000000000089113\1-1. [공고문] 2023년 서울형 관광산업 고용장려금 지원사업.hwp,
PBLN_000000000085011,ok,본문출력파일,2023년_연구개발_Project기반_청년_RD_인력_양성사업_공고문.hwp,hwp,https://www.bizinfo.go.kr/cmm/fms/fileDown.do?atchFileId=FILE_000000000636359&fileSn=0,70144,list\PBLN_000000000085011\2023년_연구개발_Project기반_청년_RD_인력_양성사업_공고문.hwp,
PBLN_000000000087315,ok,본문출력파일,★2023년_상권_전문관리자_양성기관_모집_공고.pdf,pdf,https://www.bizinfo.go.kr/cmm/fms/fileDown.do?atchFileId=FILE_000000000642175&fileSn=0,466930,list\PBLN_000000000087315\★2023년_상권_전문관리자_양성기관_모집_공고.pdf,
PBLN_000000000086932,ok,본문출력파일,2023년 폐광지역 중소기업 동반성장 지원사업(판로ㆍ일자리) 모집 공고.hwp,hwp,https://www.bizinfo.go.kr/cmm/fms/fileDown.do?atchFileId=FILE_000000000641089&fileSn=0,92160,list\PBLN_000000000086932\2023년 폐광지역 중소기업 동반성장 지원사업(판로ㆍ일자리) 모집 공고.hwp,
PBLN_000000000090935,ok,본문출력파일,붙임1. 2차 일자리 박람회 공고문.pdf,pdf,https://www.bizinfo.go.kr/cmm/fms/fileDown.do?atchFileId=FILE_000000000652915&fileSn=0,278798,list\PBLN_000000000090935\붙임1. 2차 일자리 박람회 공고문.pdf,
PBLN_000000000085540,ok,본문출력파일,2023년 노인고용촉진장려금 지원 지침(최종230302).hwp,hwp,https://www.bizinfo.go.kr/cmm/fms/fileDown.do?atchFileId=FILE_000000000637612&fileSn=0,402432,list\PBLN_000000000085540\2023년 노인고용촉진장려금 지원 지침(최종230302).hwp,
PBLN_000000000086087,ok,본문출력파일,23년 뉴딜 인턴신기업 모집안내.hwp,hwp,https://www.bizinfo.go.kr/cmm/fms/fileDown.do?atchFileId=FILE_000000000638932&fileSn=0,64000,list\PBLN_000000000086087\23년 뉴딜 인턴신기업 모집안내.hwp,
PBLN_000000000093156,no_doc,,,,,0,,
PBLN_000000000091119,ok,본문출력파일,[붙임1.] 2023 게임기업 맞춤형 인턴십 지원사업(4차모집) 공고문(연장).pdf,pdf,https://www.bizinfo.go.kr/cmm/fms/fileDown.do?atchFileId=FILE_000000000653521&fileSn=0,539643,list\PBLN_000000000091119\[붙임1.] 2023 게임기업 맞춤형 인턴십 지원사업(4차모집) 공고문(연장).pdf,
PBLN_000000000092459,no_doc,,,,,0,,
PBLN_000000000088031,ok,본문출력파일,「2023년 농식품 벤처창업 인턴제」 참여 기업 2차 모집 공고문.hwp,hwp,https://www.bizinfo.go.kr/cmm/fms/fileDown.do?atchFileId=FILE_000000000644297&fileSn=0,82432,list\PBLN_000000000088031\「2023년 농식품 벤처창업 인턴제」 참여 기업 2차 모집 공고문.hwp,
PBLN_000000000085149,ok,본문출력파일,2023년 청년연계 K디자인 파워업 모집공고문_한국디자인진흥원.pdf,pdf,https://www.bizinfo.go.kr/cmm/fms/fileDown.do?atchFileId=FILE_000000000636620&fileSn=0,714171,list\PBLN_000000000085149\2023년 청년연계 K디자인 파워업 모집공고문_한국디자인진흥원.pdf,
PBLN_000000000091554,ok,본문출력파일,1. 구인기업 모집 안내문.hwp,hwp,https://www.bizinfo.go.kr/cmm/fms/fileDown.do?atchFileId=FILE_000000000654825&fileSn=0,147968,list\PBLN_000000000091554\1. 구인기업 모집 안내문.hwp,
PBLN_000000000083984,ok,본문출력파일,2023년_중소기업_연구인력지원사업.pdf,pdf,https://www.bizinfo.go.kr/cmm/fms/fileDown.do?atchFileId=FILE_000000000633678&fileSn=0,898705,list\PBLN_000000000083984\2023년_중소기업_연구인력지원사업.pdf,
PBLN_000000000083071,ok,본문출력파일,2023년 상반기 (예비)사회적기업 일자리창출사업 참여기업 모집 공고.hwp,hwp,https://www.bizinfo.go.kr/cmm/fms/fileDown.do?atchFileId=FILE_000000000631276&fileSn=0,193024,list\PBLN_000000000083071\2023년 상반기 (예비)사회적기업 일자리창출사업 참여기업 모집 공고.hwp,
PBLN_000000000089133,ok,본문출력파일,20230703_2023년 청년연계 K디자인 파워업 자율매칭 추가모집 공고문_한국디자인진흥원.pdf,pdf,https://www.bizinfo.go.kr/cmm/fms/fileDown.do?atchFileId=FILE_000000000647796&fileSn=0,299347,list\PBLN_000000000089133\20230703_2023년 청년연계 K디자인 파워업 자율매칭 추가모집 공고문_한국디자인진흥원.pdf,
PBLN_000000000085312,ok,본문출력파일,1.재취업지원서비스 기업컨설팅 지원 모집공고.hwp,hwp,https://www.bizinfo.go.kr/cmm/fms/fileDown.do?atchFileId=FILE_000000000637124&fileSn=0,80384,list\PBLN_000000000085312\1.재취업지원서비스 기업컨설팅 지원 모집공고.hwp,
PBLN_000000000083560,ok,본문출력파일,공고문(포용형).hwp,hwp,https://www.bizinfo.go.kr/cmm/fms/fileDown.do?atchFileId=FILE_000000000632544&fileSn=0,60416,list\PBLN_000000000083560\공고문(포용형).hwp,
PBLN_000000000091640,ok,본문출력파일,경남_주력산업_강소기업_채용박람회_기업_모집_안내문_및_참가신청서(기업안내용).hwp,hwp,https://www.bizinfo.go.kr/cmm/fms/fileDown.do?atchFileId=FILE_000000000655128&fileSn=0,59904,list\PBLN_000000000091640\경남_주력산업_강소기업_채용박람회_기업_모집_안내문_및_참가신청서(기업안내용).hwp,
PBLN_000000000092737,no_doc,,,,,0,,
PBLN_000000000085772,ok,본문출력파일,2023년 장애인복지 도시책사업 운영지침(장애인고용촉진장려금)-2023.1.1.시행.hwp,hwp,https://www.bizinfo.go.kr/cmm/fms/fileDown.do?atchFileId=FILE_000000000638134&fileSn=0,241152,list\PBLN_000000000085772\2023년 장애인복지 도시책사업 운영지침(장애인고용촉진장려금)-2023.1.1.시행.hwp,
PBLN_000000000085801,ok,본문출력파일,군산시 청진기 지원 사업 공고문.hwp,hwp,https://www.bizinfo.go.kr/cmm/fms/fileDown.do?atchFileId=FILE_000000000638159&fileSn=0,157184,list\PBLN_000000000085801\군산시 청진기 지원 사업 공고문.hwp,
PBLN_000000000083112,ok,본문출력파일,「부천 문화콘텐츠산업 청년 기업 UP 일자리사업」 참여기업 모집 공고문.hwp,hwp,https://www.bizinfo.go.kr/cmm/fms/fileDown.do?atchFileId=FILE_000000000631421&fileSn=0,248832,list\PBLN_000000000083112\「부천 문화콘텐츠산업 청년 기업 UP 일자리사업」 참여기업 모집 공고문.hwp,
PBLN_000000000091609,ok,본문출력파일,2023년 제조업 경쟁력 강화 핵심인재 지원 사업 3차 모집 공고_.hwp,hwp,https://www.bizinfo.go.kr/cmm/fms/fileDown.do?atchFileId=FILE_000000000655022&fileSn=0,23040,list\PBLN_000000000091609\2023년 제조업 경쟁력 강화 핵심인재 지원 사업 3차 모집 공고_.hwp,
PBLN_000000000093231,ok,본문출력파일,23년 4분기 (최초) 고령자 고용지원금 신청서 접수 공고.hwp,hwp,https://www.bizinfo.go.kr/cmm/fms/fileDown.do?atchFileId=FILE_000000000661533&fileSn=0,89088,list\PBLN_000000000093231\23년 4분기 (최초) 고령자 고용지원금 신청서 접수 공고.hwp,
PBLN_000000000090819,ok,본문출력파일,2023년 중소기업 청년근로자 기숙사 임차비 지원사업 모집 공고문 및 제출서식(상시).hwp,hwp,https://www.bizinfo.go.kr/cmm/fms/fileDown.do?atchFileId=FILE_000000000652586&fileSn=0,86016,list\PBLN_000000000090819\2023년 중소기업 청년근로자 기숙사 임차비 지원사업 모집 공고문 및 제출서식(상시).hwp,
PBLN_000000000084507,ok,본문출력파일,청년 근속장려금 지원사업 참여기업 모집공고.hwp,hwp,https://www.bizinfo.go.kr/cmm/fms/fileDown.do?atchFileId=FILE_000000000635001&fileSn=0,19968,list\PBLN_000000000084507\청년 근속장려금 지원사업 참여기업 모집공고.hwp,
PBLN_000000000090488,ok,본문출력파일,[붙임1]_2023년 재직 청년근로자 근속지원사업 모집공고_2차.pdf,pdf,https://www.bizinfo.go.kr/cmm/fms/fileDown.do?atchFileId=FILE_000000000651681&fileSn=0,250573,list\PBLN_000000000090488\[붙임1]_2023년 재직 청년근로자 근속지원사업 모집공고_2차.pdf,
PBLN_000000000090832,ok,본문출력파일,재공고_2023청년일자리창출.pdf,pdf,https://www.bizinfo.go.kr/cmm/fms/fileDown.do?atchFileId=FILE_000000000652610&fileSn=0,288514,list\PBLN_000000000090832\재공고_2023청년일자리창출.pdf,
PBLN_000000000083168,ok,본문출력파일,[공고] 2023년 1학기 산학연계 현장실습 지원사업 참여기업 모집 공고문.hwp,hwp,https://www.bizinfo.go.kr/cmm/fms/fileDown.do?atchFileId=FILE_000000000631571&fileSn=0,4484096,list\PBLN_000000000083168\[공고] 2023년 1학기 산학연계 현장실습 지원사업 참여기업 모집 공고문.hwp,
PBLN_000000000082796,ok,본문출력파일,[공고] 구미시 미래전략사업 대응 청년일자리 지원사업 모집공고.pdf,pdf,https://www.bizinfo.go.kr/cmm/fms/fileDown.do?atchFileId=FILE_000000000630572&fileSn=0,166143,list\PBLN_000000000082796\[공고] 구미시 미래전략사업 대응 청년일자리 지원사업 모집공고.pdf,
PBLN_000000000082937,ok,본문출력파일,23년_여성기업육성사업_통합공고.hwp,hwp,https://www.bizinfo.go.kr/cmm/fms/fileDown.do?atchFileId=FILE_000000000630963&fileSn=0,114688,list\PBLN_000000000082937\23년_여성기업육성사업_통합공고.hwp,
PBLN_000000000085133,ok,본문출력파일,붙임1.공고문.hwp,hwp,https://www.bizinfo.go.kr/cmm/fms/fileDown.do?atchFileId=FILE_000000000636702&fileSn=0,32768,list\PBLN_000000000085133\붙임1.공고문.hwp,
PBLN_000000000093233,ok,첨부파일,[경기경영자총협회] 청년 일자리 도약 장려금 사업 신청 안내.pdf,pdf,https://www.bizinfo.go.kr/cmm/fms/fileDown.do?atchFileId=FILE_000000000661695&fileSn=0,730302,list\PBLN_000000000093233\[경기경영자총협회] 청년 일자리 도약 장려금 사업 신청 안내.pdf,
PBLN_000000000089946,ok,본문출력파일,(붙임)+2023+원전+생태계+박람회+원자력방사선+일자리박람회+참여기업+모집.hwp,hwp,https://www.bizinfo.go.kr/cmm/fms/fileDown.do?atchFileId=FILE_000000000650180&fileSn=0,32256,list\PBLN_000000000089946\(붙임)+2023+원전+생태계+박람회+원자력방사선+일자리박람회+참여기업+모집.hwp,
PBLN_000000000083466,ok,본문출력파일,2023년 출향민 채용 전주기업 취업지원 사업 참여기업 모집공고.hwp,hwp,https://www.bizinfo.go.kr/cmm/fms/fileDown.do?atchFileId=FILE_000000000632256&fileSn=0,126464,list\PBLN_000000000083466\2023년 출향민 채용 전주기업 취업지원 사업 참여기업 모집공고.hwp,
PBLN_000000000093188,ok,본문출력파일,[연수업체_공고문] 2024년 ICT 학점연계 프로젝트 인턴십 연수업체 모집 공고.hwp,hwp,https://www.bizinfo.go.kr/cmm/fms/fileDown.do?atchFileId=FILE_000000000661548&fileSn=0,103424,list\PBLN_000000000093188\[연수업체_공고문] 2024년 ICT 학점연계 프로젝트 인턴십 연수업체 모집 공고.hwp,
PBLN_000000000083596,ok,본문출력파일,2023년 중소기업 청년근로자 기숙사 임차비 지원사업 참여기업 모집공고문 및 제출서식.hwp,hwp,https://www.bizinfo.go.kr/cmm/fms/fileDown.do?atchFileId=FILE_000000000632654&fileSn=0,35840,list\PBLN_000000000083596\2023년 중소기업 청년근로자 기숙사 임차비 지원사업 참여기업 모집공고문 및 제출서식.hwp,
PBLN_000000000085254,ok,본문출력파일,붙임1. 공고문_B-씨푸드 산업 고도화를 위한 맞춤형 사업화 지원.hwp,hwp,https://www.bizinfo.go.kr/cmm/fms/fileDown.do?atchFileId=FILE_000000000636910&fileSn=0,32768,list\PBLN_000000000085254\붙임1. 공고문_B-씨푸드 산업 고도화를 위한 맞춤형 사업화 지원.hwp,
PBLN_000000000091386,ok,본문출력파일,2023년+작업장+환경개선+참여기업+모집+공고.hwp,hwp,https://www.bizinfo.go.kr/cmm/fms/fileDown.do?atchFileId=FILE_000000000654268&fileSn=0,120832,list\PBLN_000000000091386\2023년+작업장+환경개선+참여기업+모집+공고.hwp,
PBLN_000000000085680,ok,본문출력파일,참여 예비기업 모집 공고문.pdf,pdf,https://www.bizinfo.go.kr/cmm/fms/fileDown.do?atchFileId=FILE_000000000637956&fileSn=0,165382,list\PBLN_000000000085680\참여 예비기업 모집 공고문.pdf,
PBLN_000000000085736,ok,첨부파일,2023년 도자특화인재 창업창직지원사업 신청양식.hwp,hwp,https://www.bizinfo.go.kr/cmm/fms/fileDown.do?atchFileId=FILE_000000000638070&fileSn=0,72192,list\PBLN_000000000085736\2023년 도자특화인재 창업창직지원사업 신청양식.hwp,
PBLN_000000000083013,ok,본문출력파일,2023년전라북도(예비)사회적기업전문인력지원사업공고.hwp,hwp,https://www.bizinfo.go.kr/cmm/fms/fileDown.do?atchFileId=FILE_000000000631087&fileSn=0,128512,list\PBLN_000000000083013\2023년전라북도(예비)사회적기업전문인력지원사업공고.hwp,
PBLN_000000000085946,no_doc,,,,,0,,
PBLN_000000000086730,ok,본문출력파일,[2차 연장 공고문] 2023년 청년일자리 우수기업 지원사업 모집 공고문.hwp,hwp,https://www.bizinfo.go.kr/cmm/fms/fileDown.do?atchFileId=FILE_000000000640581&fileSn=0,81408,list\PBLN_000000000086730\[2차 연장 공고문] 2023년 청년일자리 우수기업 지원사업 모집 공고문.hwp,
PBLN_000000000088677,ok,본문출력파일,공고문(조선업 일자리 도약 장려금).pdf,pdf,https://www.bizinfo.go.kr/cmm/fms/fileDown.do?atchFileId=FILE_000000000646394&fileSn=0,413943,list\PBLN_000000000088677\공고문(조선업 일자리 도약 장려금).pdf,
PBLN_000000000085253,ok,본문출력파일,「2023 청년고용 우수기업 근로환경 개선사업」 공고문.pdf,pdf,https://www.bizinfo.go.kr/cmm/fms/fileDown.do?atchFileId=FILE_000000000636895&fileSn=0,252941,list\PBLN_000000000085253\「2023 청년고용 우수기업 근로환경 개선사업」 공고문.pdf,
PBLN_000000000083055,ok,본문출력파일,2023년 하남여성인턴 사업 모집공고.hwp,hwp,https://www.bizinfo.go.kr/cmm/fms/fileDown.do?atchFileId=FILE_000000000631211&fileSn=0,56832,list\PBLN_000000000083055\2023년 하남여성인턴 사업 모집공고.hwp,
PBLN_000000000087747,ok,본문출력파일,[공고문]다이로움 일자리기업(일자리우수기업) 인증사업 참여기업 모집공고.hwp,hwp,https://www.bizinfo.go.kr/cmm/fms/fileDown.do?atchFileId=FILE_000000000643366&fileSn=0,59392,list\PBLN_000000000087747\[공고문]다이로움 일자리기업(일자리우수기업) 인증사업 참여기업 모집공고.hwp,
PBLN_000000000092997,ok,본문출력파일,2023년도+공공연+연구인력+파견지원사업+시행계획+공고(제2023-235호).hwp,hwp,https://www.bizinfo.go.kr/cmm/fms/fileDown.do?atchFileId=FILE_000000000660662&fileSn=0,37376,list\PBLN_000000000092997\2023년도+공공연+연구인력+파견지원사업+시행계획+공고(제2023-235호).hwp,
PBLN_000000000083597,ok,본문출력파일,붙임 1. 「22년 고용친화기업 선정 지원사업」맞춤형 고용환경 개선지원사업 2차 모집 공고문.hwp,hwp,https://www.bizinfo.go.kr/cmm/fms/fileDown.do?atchFileId=FILE_000000000632656&fileSn=0,23040,list\PBLN_000000000083597\붙임 1. 「22년 고용친화기업 선정 지원사업」맞춤형 고용환경 개선지원사업 2차 모집 공고문.hwp,
PBLN_000000000087437,ok,본문출력파일,붙임1. 2023년 근무혁신 인센티브제 참여기업 신청공고문(2차).pdf,pdf,https://www.bizinfo.go.kr/cmm/fms/fileDown.do?atchFileId=FILE_000000000642523&fileSn=1,419450,list\PBLN_000000000087437\붙임1. 2023년 근무혁신 인센티브제 참여기업 신청공고문(2차).pdf,
PBLN_000000000088481,ok,본문출력파일,1. [모집공고] 재취업지원서비스 활성화 지원 수시 모집.hwp,hwp,https://www.bizinfo.go.kr/cmm/fms/fileDown.do?atchFileId=FILE_000000000645622&fileSn=0,76800,list\PBLN_000000000088481\1. [모집공고] 재취업지원서비스 활성화 지원 수시 모집.hwp,
PBLN_000000000083663,ok,본문출력파일,2023년 (예비)사회적기업 전문인력 지원사업 모집 공고.hwp,hwp,https://www.bizinfo.go.kr/cmm/fms/fileDown.do?atchFileId=FILE_000000000632812&fileSn=0,107009,list\PBLN_000000000083663\2023년 (예비)사회적기업 전문인력 지원사업 모집 공고.hwp,
PBLN_000000000085150,ok,본문출력파일,2023년 미래 청년 일자리 사업 참여기업(사업장) 모집 공고문.pdf,pdf,https://www.bizinfo.go.kr/cmm/fms/fileDown.do?atchFileId=FILE_000000000636623&fileSn=0,607302,list\PBLN_000000000085150\2023년 미래 청년 일자리 사업 참여기업(사업장) 모집 공고문.pdf,
PBLN_000000000082768,ok,본문출력파일,광양시중소기업산업전환인재매칭사업참여자모집공고.hwp,hwp,https://www.bizinfo.go.kr/cmm/fms/fileDown.do?atchFileId=FILE_000000000630478&fileSn=0,70144,list\PBLN_000000000082768\광양시중소기업산업전환인재매칭사업참여자모집공고.hwp,
PBLN_000000000088447,ok,본문출력파일,2023년 기업협력  프로젝트 공고.hwp,hwp,https://www.bizinfo.go.kr/cmm/fms/fileDown.do?atchFileId=FILE_000000000645499&fileSn=0,160768,list\PBLN_000000000088447\2023년 기업협력  프로젝트 공고.hwp,
PBLN_000000000083582,ok,본문출력파일,2023년 사회적기업 사회보험료 지원사업 공고.pdf,pdf,https://www.bizinfo.go.kr/cmm/fms/fileDown.do?atchFileId=FILE_000000000632588&fileSn=1,221708,list\PBLN_000000000083582\2023년 사회적기업 사회보험료 지원사업 공고.pdf,
PBLN_000000000089914,ok,본문출력파일,제주관광UP 청년일자리도약장려금 추가모집 공고.pdf,pdf,https://www.bizinfo.go.kr/cmm/fms/fileDown.do?atchFileId=FILE_000000000650089&fileSn=0,291476,list\PBLN_000000000089914\제주관광UP 청년일자리도약장려금 추가모집 공고.pdf,
PBLN_000000000087790,ok,본문출력파일,지원기업_모집공고문.pdf,pdf,https://www.bizinfo.go.kr/cmm/fms/fileDown.do?atchFileId=FILE_000000000643495&fileSn=0,429249,list\PBLN_000000000087790\지원기업_모집공고문.pdf,
PBLN_000000000090932,ok,본문출력파일,기업 추가 모집공고문(상생일자리).hwp,hwp,https://www.bizinfo.go.kr/cmm/fms/fileDown.do?atchFileId=FILE_000000000652891&fileSn=0,144896,list\PBLN_000000000090932\기업 추가 모집공고문(상생일자리).hwp,
PBLN_000000000085224,ok,본문출력파일,[공고] 구미시 미래전략사업 대응 청년일자리 지원사업 추가모집2차 공고(최종).pdf,pdf,https://www.bizinfo.go.kr/cmm/fms/fileDown.do?atchFileId=FILE_000000000636842&fileSn=0,1695404,list\PBLN_000000000085224\[공고] 구미시 미래전략사업 대응 청년일자리 지원사업 추가모집2차 공고(최종).pdf,
PBLN_000000000084579,ok,본문출력파일,(공고문)_2023년_창업성공패키지(청년창업사관학교)_교육전담운영사_모집공고문.pdf,pdf,https://www.bizinfo.go.kr/cmm/fms/fileDown.do?atchFileId=FILE_000000000635209&fileSn=0,441558,list\PBLN_000000000084579\(공고문)_2023년_창업성공패키지(청년창업사관학교)_교육전담운영사_모집공고문.pdf,
PBLN_000000000086704,ok,본문출력파일,2023년 UST 소부장산업 고급인재육성 지원사업 계약학과 참여기업 모집 공고문안_최종.pdf,pdf,https://www.bizinfo.go.kr/cmm/fms/fileDown.do?atchFileId=FILE_000000000640469&fileSn=0,374622,list\PBLN_000000000086704\2023년 UST 소부장산업 고급인재육성 지원사업 계약학과 참여기업 모집 공고문안_최종.pdf,
PBLN_000000000089249,ok,본문출력파일,2023년 중소기업 노동자 기숙사 임차비 지원사업 공고(추가모집).hwp,hwp,https://www.bizinfo.go.kr/cmm/fms/fileDown.do?atchFileId=FILE_000000000648143&fileSn=0,158208,list\PBLN_000000000089249\2023년 중소기업 노동자 기숙사 임차비 지원사업 공고(추가모집).hwp,
PBLN_000000000089093,ok,본문출력파일,반도체 청년 동반성장 패키지 플러스사업_공고문.pdf,pdf,https://www.bizinfo.go.kr/cmm/fms/fileDown.do?atchFileId=FILE_000000000647737&fileSn=1,263821,list\PBLN_000000000089093\반도체 청년 동반성장 패키지 플러스사업_공고문.pdf,
PBLN_000000000083069,ok,본문출력파일,2023년 청년취업 2000사업 참여기업 모집공고.hwp,hwp,https://www.bizinfo.go.kr/cmm/fms/fileDown.do?atchFileId=FILE_000000000631267&fileSn=0,53248,list\PBLN_000000000083069\2023년 청년취업 2000사업 참여기업 모집공고.hwp,
PBLN_000000000082978,ok,본문출력파일,(2023-001호) 2023년도 산업기술혁신사업 통합 시행계획 공고문.hwp,hwp,https://www.bizinfo.go.kr/cmm/fms/fileDown.do?atchFileId=FILE_000000000631057&fileSn=0,739840,list\PBLN_000000000082978\(2023-001호) 2023년도 산업기술혁신사업 통합 시행계획 공고문.hwp,
PBLN_000000000092218,ok,본문출력파일,[공고문] 2023년 부산 워털루형 코업 프로그램 실습기관(기업).hwp,hwp,https://www.bizinfo.go.kr/cmm/fms/fileDown.do?atchFileId=FILE_000000000657098&fileSn=1,101376,list\PBLN_000000000092218\[공고문] 2023년 부산 워털루형 코업 프로그램 실습기관(기업).hwp,
PBLN_000000000083403,ok,본문출력파일,2023년 사회적기업 사회보험료 지원사업 공고.hwp,hwp,https://www.bizinfo.go.kr/cmm/fms/fileDown.do?atchFileId=FILE_000000000632155&fileSn=0,72937,list\PBLN_000000000083403\2023년 사회적기업 사회보험료 지원사업 공고.hwp,
PBLN_000000000086509,ok,본문출력파일,1. 2023년 신진여성연구원 산업현장진출 지원사업 모집공고.pdf,pdf,https://www.bizinfo.go.kr/cmm/fms/fileDown.do?atchFileId=FILE_000000000639964&fileSn=0,402531,list\PBLN_000000000086509\1. 2023년 신진여성연구원 산업현장진출 지원사업 모집공고.pdf,
PBLN_000000000090801,ok,본문출력파일,공고2023년 청년친화 친구기업 지원사업 참여기업 추가 모집 공고3차.hwp,hwp,https://www.bizinfo.go.kr/cmm/fms/fileDown.do?atchFileId=FILE_000000000652501&fileSn=0,112128,list\PBLN_000000000090801\공고2023년 청년친화 친구기업 지원사업 참여기업 추가 모집 공고3차.hwp,
PBLN_000000000087073,ok,본문출력파일,[붙임1] 「상주시 중소기업 근로자 기숙사 임차비 지원 사업」참여기업  모집 공고.hwp,hwp,https://www.bizinfo.go.kr/cmm/fms/fileDown.do?atchFileId=FILE_000000000641623&fileSn=0,189952,list\PBLN_000000000087073\[붙임1] 「상주시 중소기업 근로자 기숙사 임차비 지원 사업」참여기업  모집 공고.hwp,
PBLN_000000000087545,ok,본문출력파일,붙임1.청년친화형 환경조성사업 공고문.hwp,hwp,https://www.bizinfo.go.kr/cmm/fms/fileDown.do?atchFileId=FILE_000000000642817&fileSn=0,88576,list\PBLN_000000000087545\붙임1.청년친화형 환경조성사업 공고문.hwp,
PBLN_000000000092282,ok,본문출력파일,2023년 기업환경개선사업 지원 기업 모집 공고(재공고).hwp,hwp,https://www.bizinfo.go.kr/cmm/fms/fileDown.do?atchFileId=FILE_000000000657348&fileSn=0,183808,list\PBLN_000000000092282\2023년 기업환경개선사업 지원 기업 모집 공고(재공고).hwp,
PBLN_000000000093342,ok,본문출력파일,2024년 노인고용촉진장려금 지원 지침(확정).hwp,hwp,https://www.bizinfo.go.kr/cmm/fms/fileDown.do?atchFileId=FILE_000000000662056&fileSn=0,395776,list\PBLN_000000000093342\2024년 노인고용촉진장려금 지원 지침(확정).hwp,
PBLN_000000000078579,no_doc,,,,,0,,
PBLN_000000000082373,ok,본문출력파일,[붙임1] (기업)부산형 수출유망기업 청년일자리지원사업 기업 모집공고.pdf,pdf,https://www.bizinfo.go.kr/cmm/fms/fileDown.do?atchFileId=FILE_000000000629382&fileSn=0,675166,list\PBLN_000000000082373\[붙임1] (기업)부산형 수출유망기업 청년일자리지원사업 기업 모집공고.pdf,
PBLN_000000000072162,ok,본문출력파일,[충북] 2022년 지역주도형 청년일자리 사업 참여기업 및 참여자 모집 통합공고.hwp,hwp,https://www.bizinfo.go.kr/cmm/fms/fileDown.do?atchFileId=FILE_000000000599363&fileSn=0,194049,list\PBLN_000000000072162\[충북] 2022년 지역주도형 청년일자리 사업 참여기업 및 참여자 모집 통합공고.hwp,
PBLN_000000000072007,ok,본문출력파일,[경기] 안산시 2022년 지역주도형 청년일자리사업 참여기업 모집 공고.hwp,hwp,https://www.bizinfo.go.kr/cmm/fms/fileDown.do?atchFileId=FILE_000000000599038&fileSn=0,34304,list\PBLN_000000000072007\[경기] 안산시 2022년 지역주도형 청년일자리사업 참여기업 모집 공고.hwp,
PBLN_000000000074491,ok,본문출력파일,전세버스기사 소득안정자금 지원사업 시행 재공고.hwp,hwp,https://www.bizinfo.go.kr/cmm/fms/fileDown.do?atchFileId=FILE_000000000606372&fileSn=2,97281,list\PBLN_000000000074491\전세버스기사 소득안정자금 지원사업 시행 재공고.hwp,
PBLN_000000000082653,ok,본문출력파일,[공고문] 2023년 공예청년 인턴십 지원사업 참여기관 모집.pdf,pdf,https://www.bizinfo.go.kr/cmm/fms/fileDown.do?atchFileId=FILE_000000000630225&fileSn=0,429854,list\PBLN_000000000082653\[공고문] 2023년 공예청년 인턴십 지원사업 참여기관 모집.pdf,
PBLN_000000000076287,ok,본문출력파일,2022년_디지털_무역_전문인력_양성_지원사업_공고.pdf,pdf,https://www.bizinfo.go.kr/cmm/fms/fileDown.do?atchFileId=FILE_000000000611533&fileSn=1,273410,list\PBLN_000000000076287\2022년_디지털_무역_전문인력_양성_지원사업_공고.pdf,
PBLN_000000000072391,ok,본문출력파일,[전북] 2022년 청년친화 일자리 지원사업 기업 모집 공고문.hwp,hwp,https://www.bizinfo.go.kr/cmm/fms/fileDown.do?atchFileId=FILE_000000000599835&fileSn=0,93696,list\PBLN_000000000072391\[전북] 2022년 청년친화 일자리 지원사업 기업 모집 공고문.hwp,
PBLN_000000000083629,ok,본문출력파일,1. 2023년 경북 산촌어촌 청년일자리사업 공고(안).hwp,hwp,https://www.bizinfo.go.kr/cmm/fms/fileDown.do?atchFileId=FILE_000000000632757&fileSn=0,246784,list\PBLN_000000000083629\1. 2023년 경북 산촌어촌 청년일자리사업 공고(안).hwp,
PBLN_000000000092683,ok,본문출력파일,[덧붙임1]우수인재유치및우수경력자인건비지원사업창업기업지원수혜기업추가(5차)모집공고문.pdf,pdf,https://www.bizinfo.go.kr/cmm/fms/fileDown.do?atchFileId=FILE_000000000659156&fileSn=0,202485,list\PBLN_000000000092683\[덧붙임1]우수인재유치및우수경력자인건비지원사업창업기업지원수혜기업추가(5차)모집공고문.pdf,
PBLN_000000000082728,ok,본문출력파일,1. 지역특화 청년창업기업 일자리사업 참여기업 모집 공고.pdf,pdf,https://www.bizinfo.go.kr/cmm/fms/fileDown.do?atchFileId=FILE_000000000630426&fileSn=0,286956,list\PBLN_000000000082728\1. 지역특화 청년창업기업 일자리사업 참여기업 모집 공고.pdf,
PBLN_000000000092950,ok,본문출력파일,2023년 노인고용촉진장려금 지원 지침(최종230302).hwp,hwp,https://www.bizinfo.go.kr/cmm/fms/fileDown.do?atchFileId=FILE_000000000660378&fileSn=0,396288,list\PBLN_000000000092950\2023년 노인고용촉진장려금 지원 지침(최종230302).hwp,
PBLN_000000000084469,ok,첨부파일,[이노비즈협회] 2023 뉴딜일자리사업_교육 과정(안) 안내.pdf,pdf,https://www.bizinfo.go.kr/cmm/fms/fileDown.do?atchFileId=FILE_000000000634848&fileSn=0,360985,list\PBLN_000000000084469\[이노비즈협회] 2023 뉴딜일자리사업_교육 과정(안) 안내.pdf,
PBLN_000000000092395,no_doc,,,,,0,,
PBLN_000000000084133,ok,본문출력파일,2023년도_채용_및_취업_장려금지원사업_공고.hwp,hwp,https://www.bizinfo.go.kr/cmm/fms/fileDown.do?atchFileId=FILE_000000000634037&fileSn=0,144896,list\PBLN_000000000084133\2023년도_채용_및_취업_장려금지원사업_공고.hwp,
PBLN_000000000086511,ok,본문출력파일,붙임1.강원도 관광 서비스업 청년일자리도약장려 추가지원인센티브 지원사업 참여기업 모집 공고문안.hwp,hwp,https://www.bizinfo.go.kr/cmm/fms/fileDown.do?atchFileId=FILE_000000000639962&fileSn=0,90112,list\PBLN_000000000086511\붙임1.강원도 관광 서비스업 청년일자리도약장려 추가지원인센티브 지원사업 참여기업 모집 공고문안.hwp,
PBLN_000000000084161,ok,본문출력파일,2023년 경남형 트랙사업 공고.hwp,hwp,https://www.bizinfo.go.kr/cmm/fms/fileDown.do?atchFileId=FILE_000000000634061&fileSn=0,133120,list\PBLN_000000000084161\2023년 경남형 트랙사업 공고.hwp,
PBLN_000000000083921,ok,본문출력파일,2023년 중장년 취업지원 프로젝트 공고문.hwp,hwp,https://www.bizinfo.go.kr/cmm/fms/fileDown.do?atchFileId=FILE_000000000633516&fileSn=0,53249,list\PBLN_000000000083921\2023년 중장년 취업지원 프로젝트 공고문.hwp,
PBLN_000000000088248,ok,본문출력파일,151428136683_[붙임1] 사업 공고문.hwp,hwp,https://www.bizinfo.go.kr/cmm/fms/fileDown.do?atchFileId=FILE_000000000644931&fileSn=0,1632768,list\PBLN_000000000088248\151428136683_[붙임1] 사업 공고문.hwp,
PBLN_000000000085833,ok,본문출력파일,2023 소규모 모집 공고.pdf,pdf,https://www.bizinfo.go.kr/cmm/fms/fileDown.do?atchFileId=FILE_000000000638291&fileSn=0,273867,list\PBLN_000000000085833\2023 소규모 모집 공고.pdf,
PBLN_000000000087590,ok,본문출력파일,2023년 충청남도 장애인고용우수기업 지원사업 공고문.hwp,hwp,https://www.bizinfo.go.kr/cmm/fms/fileDown.do?atchFileId=FILE_000000000642950&fileSn=0,183809,list\PBLN_000000000087590\2023년 충청남도 장애인고용우수기업 지원사업 공고문.hwp,
PBLN_000000000085598,ok,본문출력파일,「2023년 포항시 중소기업 기숙사 임차비 지원사업」모집공고.hwp,hwp,https://www.bizinfo.go.kr/cmm/fms/fileDown.do?atchFileId=FILE_000000000637736&fileSn=0,65536,list\PBLN_000000000085598\「2023년 포항시 중소기업 기숙사 임차비 지원사업」모집공고.hwp,
PBLN_000000000091217,ok,본문출력파일,붙임1.「2023년 포항시 일자리 공감페이 지원사업」추가 모집공고문.hwp,hwp,https://www.bizinfo.go.kr/cmm/fms/fileDown.do?atchFileId=FILE_000000000653796&fileSn=0,65536,list\PBLN_000000000091217\붙임1.「2023년 포항시 일자리 공감페이 지원사업」추가 모집공고문.hwp,
PBLN_000000000089791,ok,본문출력파일,2023년 충청남도 청년인턴 사업 충전 기업 4차 추가모집 공고.hwp,hwp,https://www.bizinfo.go.kr/cmm/fms/fileDown.do?atchFileId=FILE_000000000649772&fileSn=0,165376,list\PBLN_000000000089791\2023년 충청남도 청년인턴 사업 충전 기업 4차 추가모집 공고.hwp,
PBLN_000000000089125,ok,본문출력파일,[공고문]2023년도 제3차 (예비)사회적기업 일자리창출사업 참여기업 모집.hwp,hwp,https://www.bizinfo.go.kr/cmm/fms/fileDown.do?atchFileId=FILE_000000000647777&fileSn=0,162817,list\PBLN_000000000089125\[공고문]2023년도 제3차 (예비)사회적기업 일자리창출사업 참여기업 모집.hwp,
PBLN_000000000091584,ok,본문출력파일,인천경영자총협회 공고 제2023.hwp,hwp,https://www.bizinfo.go.kr/cmm/fms/fileDown.do?atchFileId=FILE_000000000654843&fileSn=2,78336,list\PBLN_000000000091584\인천경영자총협회 공고 제2023.hwp,
PBLN_000000000085148,ok,본문출력파일,2023년_시흥형_일자리_은행제_공고문.hwp,hwp,https://www.bizinfo.go.kr/cmm/fms/fileDown.do?atchFileId=FILE_000000000636617&fileSn=0,1650688,list\PBLN_000000000085148\2023년_시흥형_일자리_은행제_공고문.hwp,
PBLN_000000000083647,ok,본문출력파일,2023년 목포시 소규모 기업환경 개선사업 공고문.hwp,hwp,https://www.bizinfo.go.kr/cmm/fms/fileDown.do?atchFileId=FILE_000000000632788&fileSn=0,212992,list\PBLN_000000000083647\2023년 목포시 소규모 기업환경 개선사업 공고문.hwp,
PBLN_000000000088674,ok,본문출력파일,붙임 청년 소상공인 사회보험료 지원사업_공고문 및 양식.pdf,pdf,https://www.bizinfo.go.kr/cmm/fms/fileDown.do?atchFileId=FILE_000000000646388&fileSn=0,499351,list\PBLN_000000000088674\붙임 청년 소상공인 사회보험료 지원사업_공고문 및 양식.pdf,
PBLN_000000000091176,ok,본문출력파일,2023년도+공공연+연구인력+파견지원사업+시행계획+공고(제2023-235호).pdf,pdf,https://www.bizinfo.go.kr/cmm/fms/fileDown.do?atchFileId=FILE_000000000653680&fileSn=0,361868,list\PBLN_000000000091176\2023년도+공공연+연구인력+파견지원사업+시행계획+공고(제2023-235호).pdf,
PBLN_000000000083079,ok,본문출력파일,2023년 산업단지 기숙사 임차 지원사업 참여기업 모집 공고문.hwp,hwp,https://www.bizinfo.go.kr/cmm/fms/fileDown.do?atchFileId=FILE_000000000631382&fileSn=0,120832,list\PBLN_000000000083079\2023년 산업단지 기숙사 임차 지원사업 참여기업 모집 공고문.hwp,
PBLN_000000000084018,ok,본문출력파일,[공고문]2023년 중소기업 연구인력지원사업.hwp,hwp,https://www.bizinfo.go.kr/cmm/fms/fileDown.do?atchFileId=FILE_000000000633756&fileSn=0,147456,list\PBLN_000000000084018\[공고문]2023년 중소기업 연구인력지원사업.hwp,
PBLN_000000000089091,ok,본문출력파일,2023년 환경개선사업안내 및 모집공고.hwp,hwp,https://www.bizinfo.go.kr/cmm/fms/fileDown.do?atchFileId=FILE_000000000647659&fileSn=0,202753,list\PBLN_000000000089091\2023년 환경개선사업안내 및 모집공고.hwp,
PBLN_000000000083747,ok,본문출력파일,2023년_소공인_클린제조환경조성_상반기_모집공고.hwp,hwp,https://www.bizinfo.go.kr/cmm/fms/fileDown.do?atchFileId=FILE_000000000633040&fileSn=0,133632,list\PBLN_000000000083747\2023년_소공인_클린제조환경조성_상반기_모집공고.hwp,
PBLN_000000000083986,ok,본문출력파일,2023년_중소기업_연구인력지원사업.pdf,pdf,https://www.bizinfo.go.kr/cmm/fms/fileDown.do?atchFileId=FILE_000000000633679&fileSn=0,898705,list\PBLN_000000000083986\2023년_중소기업_연구인력지원사업.pdf,
PBLN_000000000083320,ok,본문출력파일,2023년 퇴직연금 지원사업 공고문.hwp,hwp,https://www.bizinfo.go.kr/cmm/fms/fileDown.do?atchFileId=FILE_000000000631960&fileSn=0,245760,list\PBLN_000000000083320\2023년 퇴직연금 지원사업 공고문.hwp,
PBLN_000000000089261,ok,본문출력파일,(공고문)2023년전라북도제3차일자리창출지원사업공고.hwp,hwp,https://www.bizinfo.go.kr/cmm/fms/fileDown.do?atchFileId=FILE_000000000648129&fileSn=0,245760,list\PBLN_000000000089261\(공고문)2023년전라북도제3차일자리창출지원사업공고.hwp,
PBLN_000000000083305,ok,본문출력파일,2023년 광주광역시 (예비)사회적기업 전문인력 지원사업 공고(안).hwp,hwp,https://www.bizinfo.go.kr/cmm/fms/fileDown.do?atchFileId=FILE_000000000631679&fileSn=0,120833,list\PBLN_000000000083305\2023년 광주광역시 (예비)사회적기업 전문인력 지원사업 공고(안).hwp,
PBLN_000000000093011,ok,본문출력파일,(청년)고용우수기업 모집 공고문.hwp,hwp,https://www.bizinfo.go.kr/cmm/fms/fileDown.do?atchFileId=FILE_000000000660540&fileSn=0,162304,list\PBLN_000000000093011\(청년)고용우수기업 모집 공고문.hwp,
PBLN_000000000084964,ok,본문출력파일,채용장려금 공고문_.hwp,hwp,https://www.bizinfo.go.kr/cmm/fms/fileDown.do?atchFileId=FILE_000000000636163&fileSn=0,146944,list\PBLN_000000000084964\채용장려금 공고문_.hwp,
PBLN_000000000085709,ok,본문출력파일,2023년 노동전환 고용안정 지원금 사업 시행 공고(게시).hwp,hwp,https://www.bizinfo.go.kr/cmm/fms/fileDown.do?atchFileId=FILE_000000000637991&fileSn=0,62464,list\PBLN_000000000085709\2023년 노동전환 고용안정 지원금 사업 시행 공고(게시).hwp,
PBLN_000000000088426,ok,본문출력파일,2023년 스포츠산업 현장실습 지원사업 참여기업 모집 공고문.hwp,hwp,https://www.bizinfo.go.kr/cmm/fms/fileDown.do?atchFileId=FILE_000000000645519&fileSn=0,80896,list\PBLN_000000000088426\2023년 스포츠산업 현장실습 지원사업 참여기업 모집 공고문.hwp,
PBLN_000000000083788,ok,본문출력파일,(공고문)_2023년_스타트업_AI_기술인력_양성(이어드림_스쿨)_교육생_모집_공고.pdf,pdf,https://www.bizinfo.go.kr/cmm/fms/fileDown.do?atchFileId=FILE_000000000633167&fileSn=0,640044,list\PBLN_000000000083788\(공고문)_2023년_스타트업_AI_기술인력_양성(이어드림_스쿨)_교육생_모집_공고.pdf,
PBLN_000000000088819,ok,본문출력파일,2023년+소공인+클린제조환경조성+하반기+모집공고.hwp,hwp,https://www.bizinfo.go.kr/cmm/fms/fileDown.do?atchFileId=FILE_000000000646779&fileSn=0,116736,list\PBLN_000000000088819\2023년+소공인+클린제조환경조성+하반기+모집공고.hwp,
PBLN_000000000092547,ok,본문출력파일,2023년도+공공연+연구인력+파견지원사업+시행계획+공고(제2023-235호).hwp,hwp,https://www.bizinfo.go.kr/cmm/fms/fileDown.do?atchFileId=FILE_000000000658625&fileSn=0,37376,list\PBLN_000000000092547\2023년도+공공연+연구인력+파견지원사업+시행계획+공고(제2023-235호).hwp,
PBLN_000000000086662,ok,본문출력파일,붙임._2023년_글로벌_맞춤형_인재_매칭_프로그램_운영_지원기업_모집공고-4.pdf,pdf,https://www.bizinfo.go.kr/cmm/fms/fileDown.do?atchFileId=FILE_000000000640384&fileSn=0,356300,list\PBLN_000000000086662\붙임._2023년_글로벌_맞춤형_인재_매칭_프로그램_운영_지원기업_모집공고-4.pdf,
PBLN_000000000085007,ok,본문출력파일,안내자료_2023 다국가가족 수출지원단_참가기업(참가신청서 포함).hwp,hwp,https://www.bizinfo.go.kr/cmm/fms/fileDown.do?atchFileId=FILE_000000000636348&fileSn=0,48128,list\PBLN_000000000085007\안내자료_2023 다국가가족 수출지원단_참가기업(참가신청서 포함).hwp,
PBLN_000000000092005,ok,본문출력파일,(공고문) 2023년 현장실습비지원사업 모집공고문(2023학년도 동계 계절제).pdf,pdf,https://www.bizinfo.go.kr/cmm/fms/fileDown.do?atchFileId=FILE_000000000656390&fileSn=0,293705,list\PBLN_000000000092005\(공고문) 2023년 현장실습비지원사업 모집공고문(2023학년도 동계 계절제).pdf,
PBLN_000000000093246,ok,본문출력파일,2024년지역특성화산업전문인력양성사업(취업연계형특성화과정)공고(안).pdf,pdf,https://www.bizinfo.go.kr/cmm/fms/fileDown.do?atchFileId=FILE_000000000661700&fileSn=0,401978,list\PBLN_000000000093246\2024년지역특성화산업전문인력양성사업(취업연계형특성화과정)공고(안).pdf,
PBLN_000000000084844,ok,본문출력파일,2023년경남형청년친화기업지원사업참여기업모집공고문.pdf,pdf,https://www.bizinfo.go.kr/cmm/fms/fileDown.do?atchFileId=FILE_000000000635850&fileSn=0,330282,list\PBLN_000000000084844\2023년경남형청년친화기업지원사업참여기업모집공고문.pdf,
PBLN_000000000083922,ok,본문출력파일,2023년 국방분야 SWㆍAI 역량강화 사업(비R&D) 공고문.pdf,pdf,https://www.bizinfo.go.kr/cmm/fms/fileDown.do?atchFileId=FILE_000000000633509&fileSn=1,460943,list\PBLN_000000000083922\2023년 국방분야 SWㆍAI 역량강화 사업(비R&D) 공고문.pdf,
PBLN_000000000085967,ok,본문출력파일,「김제형_기술-고용_연계_식품산업_컨설팅_지원사업」참여기업_모집_공고문_230330405672.pdf,pdf,https://www.bizinfo.go.kr/cmm/fms/fileDown.do?atchFileId=FILE_000000000638622&fileSn=0,278745,list\PBLN_000000000085967\「김제형_기술-고용_연계_식품산업_컨설팅_지원사업」참여기업_모집_공고문_230330405672.pdf,
PBLN_000000000085708,ok,본문출력파일,2023년 제1차 재택근무 종합 컨설팅 지원 사업장 모집 공고(최종).hwp,hwp,https://www.bizinfo.go.kr/cmm/fms/fileDown.do?atchFileId=FILE_000000000637985&fileSn=0,162304,list\PBLN_000000000085708\2023년 제1차 재택근무 종합 컨설팅 지원 사업장 모집 공고(최종).hwp,
PBLN_000000000087843,ok,본문출력파일,2023년 제조업 경쟁력 강화 핵심인재 지원 사업 2차 모집 공고.hwp,hwp,https://www.bizinfo.go.kr/cmm/fms/fileDown.do?atchFileId=FILE_000000000643683&fileSn=0,22528,list\PBLN_000000000087843\2023년 제조업 경쟁력 강화 핵심인재 지원 사업 2차 모집 공고.hwp,
PBLN_000000000083427,ok,본문출력파일,2023년 사회적기업 전문인력 지원사업 참여기업 모집 공고.hwp,hwp,https://www.bizinfo.go.kr/cmm/fms/fileDown.do?atchFileId=FILE_000000000632172&fileSn=0,93184,list\PBLN_000000000083427\2023년 사회적기업 전문인력 지원사업 참여기업 모집 공고.hwp,
PBLN_000000000088834,ok,본문출력파일,●(공고문) 2023년 비대면 전환 솔루션 지원사업 수요기업 모집 공고.hwp,hwp,https://www.bizinfo.go.kr/cmm/fms/fileDown.do?atchFileId=FILE_000000000646910&fileSn=0,171009,list\PBLN_000000000088834\●(공고문) 2023년 비대면 전환 솔루션 지원사업 수요기업 모집 공고.hwp,
PBLN_000000000090032,ok,본문출력파일,(제2023-1411호)2023년 예비사회적기업 인큐베이팅지원사업 공고문.hwp,hwp,https://www.bizinfo.go.kr/cmm/fms/fileDown.do?atchFileId=FILE_000000000650453&fileSn=0,185857,list\PBLN_000000000090032\(제2023-1411호)2023년 예비사회적기업 인큐베이팅지원사업 공고문.hwp,
PBLN_000000000083260,ok,본문출력파일,붙임1. 2023 청주 청년 로컬크리에이터 도제사업 참여기업 모집 공고문.hwp,hwp,https://www.bizinfo.go.kr/cmm/fms/fileDown.do?atchFileId=FILE_000000000631752&fileSn=0,150528,list\PBLN_000000000083260\붙임1. 2023 청주 청년 로컬크리에이터 도제사업 참여기업 모집 공고문.hwp,
PBLN_000000000092115,ok,본문출력파일,(붙임) 2023년 RnD멘토링 모의대면평가위원회 참여과제 모집 안내문 게시.pdf,pdf,https://www.bizinfo.go.kr/cmm/fms/fileDown.do?atchFileId=FILE_000000000656775&fileSn=0,238478,list\PBLN_000000000092115\(붙임) 2023년 RnD멘토링 모의대면평가위원회 참여과제 모집 안내문 게시.pdf,
PBLN_000000000085611,ok,본문출력파일,「2023년 영천시 중소기업 기숙사 임차비 지원사업」모집공고.hwp,hwp,https://www.bizinfo.go.kr/cmm/fms/fileDown.do?atchFileId=FILE_000000000637738&fileSn=0,65536,list\PBLN_000000000085611\「2023년 영천시 중소기업 기숙사 임차비 지원사업」모집공고.hwp,
PBLN_000000000093018,ok,본문출력파일,인경총_2023-172_청년도약기지(기업공고).pdf,pdf,https://www.bizinfo.go.kr/cmm/fms/fileDown.do?atchFileId=FILE_000000000660636&fileSn=1,370986,list\PBLN_000000000093018\인경총_2023-172_청년도약기지(기업공고).pdf,
PBLN_000000000083714,ok,본문출력파일,2023년 중소기업 노동자 기숙사 임차비 지원 공고문.hwp,hwp,https://www.bizinfo.go.kr/cmm/fms/fileDown.do?atchFileId=FILE_000000000632921&fileSn=0,83968,list\PBLN_000000000083714\2023년 중소기업 노동자 기숙사 임차비 지원 공고문.hwp,
PBLN_000000000082837,ok,본문출력파일,2023년 노인고용촉진장려금 지원 지침(확정).hwp,hwp,https://www.bizinfo.go.kr/cmm/fms/fileDown.do?atchFileId=FILE_000000000630702&fileSn=0,423936,list\PBLN_000000000082837\2023년 노인고용촉진장려금 지원 지침(확정).hwp,
PBLN_000000000088168,ok,본문출력파일,2023년 포항형 내일채움공제 지원사업 신청 공고문_최종.hwp,hwp,https://www.bizinfo.go.kr/cmm/fms/fileDown.do?atchFileId=FILE_000000000644622&fileSn=0,148992,list\PBLN_000000000088168\2023년 포항형 내일채움공제 지원사업 신청 공고문_최종.hwp,
PBLN_000000000092244,ok,본문출력파일,2023년도 고용 우수기업 인증제 공고문(서식 포함).hwp,hwp,https://www.bizinfo.go.kr/cmm/fms/fileDown.do?atchFileId=FILE_000000000657223&fileSn=0,189952,list\PBLN_000000000092244\2023년도 고용 우수기업 인증제 공고문(서식 포함).hwp,
PBLN_000000000084032,ok,본문출력파일,2023년 충청북도 기숙사임차비지원사업 참여기업 모집공고문.pdf,pdf,https://www.bizinfo.go.kr/cmm/fms/fileDown.do?atchFileId=FILE_000000000633854&fileSn=0,409071,list\PBLN_000000000084032\2023년 충청북도 기숙사임차비지원사업 참여기업 모집공고문.pdf,
PBLN_000000000089456,ok,본문출력파일,(제2023-9호)_「2023_인천_특성화고·청년_온라인_채용박람회」_참여기업_모집_공고.pdf,pdf,https://www.bizinfo.go.kr/cmm/fms/fileDown.do?atchFileId=FILE_000000000648767&fileSn=0,269922,list\PBLN_000000000089456\(제2023-9호)_「2023_인천_특성화고·청년_온라인_채용박람회」_참여기업_모집_공고.pdf,
PBLN_000000000088213,ok,본문출력파일,1. ★(붙임) '23년 중소기업 지원사업 안내책자_연수사업.pdf,pdf,https://www.bizinfo.go.kr/cmm/fms/fileDown.do?atchFileId=FILE_000000000644806&fileSn=0,180799,list\PBLN_000000000088213\1. ★(붙임) '23년 중소기업 지원사업 안내책자_연수사업.pdf,
PBLN_000000000093264,ok,본문출력파일,[공고 2023-4515] 2023년 화성시 지역혁신형 청년일자리사업 참여기업 모집(2차) 공고(안).hwp,hwp,https://www.bizinfo.go.kr/cmm/fms/fileDown.do?atchFileId=FILE_000000000661771&fileSn=0,94208,list\PBLN_000000000093264\[공고 2023-4515] 2023년 화성시 지역혁신형 청년일자리사업 참여기업 모집(2차) 공고(안).hwp,
PBLN_000000000084708,ok,본문출력파일,덧붙임_1__2023년_지역주도형_청년일자리사업_광융합생체의료산업_디지털전환_프로젝트_추가모집_공고_.hwp,hwp,https://www.bizinfo.go.kr/cmm/fms/fileDown.do?atchFileId=FILE_000000000635490&fileSn=0,202752,list\PBLN_000000000084708\덧붙임_1__2023년_지역주도형_청년일자리사업_광융합생체의료산업_디지털전환_프로젝트_추가모집_공고_.hwp,
PBLN_000000000085163,ok,본문출력파일,23년 1분기 (최초) 고령자 고용지원금 신청서 접수 공고.hwp,hwp,https://www.bizinfo.go.kr/cmm/fms/fileDown.do?atchFileId=FILE_000000000636706&fileSn=0,89600,list\PBLN_000000000085163\23년 1분기 (최초) 고령자 고용지원금 신청서 접수 공고.hwp,
PBLN_000000000088066,ok,본문출력파일,(공고문) 경기청년 일자리 매치업 취업지원 3차 참여기업 모집_최종.pdf,pdf,https://www.bizinfo.go.kr/cmm/fms/fileDown.do?atchFileId=FILE_000000000644365&fileSn=0,463361,list\PBLN_000000000088066\(공고문) 경기청년 일자리 매치업 취업지원 3차 참여기업 모집_최종.pdf,
PBLN_000000000084079,ok,본문출력파일,[붙임_1]_2022년_수산식품청년마케터_육성사업_업체_모집공고.hwp,hwp,https://www.bizinfo.go.kr/cmm/fms/fileDown.do?atchFileId=FILE_000000000633928&fileSn=0,153600,list\PBLN_000000000084079\[붙임_1]_2022년_수산식품청년마케터_육성사업_업체_모집공고.hwp,
PBLN_000000000090571,ok,본문출력파일,(안내문)공동채용_지원사업_안내(4차).hwp,hwp,https://www.bizinfo.go.kr/cmm/fms/fileDown.do?atchFileId=FILE_000000000651837&fileSn=0,200704,list\PBLN_000000000090571\(안내문)공동채용_지원사업_안내(4차).hwp,
PBLN_000000000088536,ok,본문출력파일,2023년 충청남도 장애인고용우수기업 지원사업 공고문.hwp,hwp,https://www.bizinfo.go.kr/cmm/fms/fileDown.do?atchFileId=FILE_000000000645807&fileSn=0,183809,list\PBLN_000000000088536\2023년 충청남도 장애인고용우수기업 지원사업 공고문.hwp,
PBLN_000000000083771,ok,본문출력파일,2023년 스마트제조기업 일자리 패키지사업 참여기업 및 참여자 모집공고.hwp,hwp,https://www.bizinfo.go.kr/cmm/fms/fileDown.do?atchFileId=FILE_000000000633184&fileSn=0,34816,list\PBLN_000000000083771\2023년 스마트제조기업 일자리 패키지사업 참여기업 및 참여자 모집공고.hwp,
PBLN_000000000083943,ok,본문출력파일,(제2023-225호) 2023년 제1차 (예비)사회적기업 일자리창출사업 공고.hwp,hwp,https://www.bizinfo.go.kr/cmm/fms/fileDown.do?atchFileId=FILE_000000000633567&fileSn=0,222721,list\PBLN_000000000083943\(제2023-225호) 2023년 제1차 (예비)사회적기업 일자리창출사업 공고.hwp,
PBLN_000000000091515,ok,본문출력파일,붙임1. 2023 3차 콘텐츠 맞춤형 인턴십 지원사업 공고문.pdf,pdf,https://www.bizinfo.go.kr/cmm/fms/fileDown.do?atchFileId=FILE_000000000654617&fileSn=0,433070,list\PBLN_000000000091515\붙임1. 2023 3차 콘텐츠 맞춤형 인턴십 지원사업 공고문.pdf,
PBLN_000000000087182,ok,본문출력파일,1. 2023년 중장년 인턴십(기업연계형) 참여기업 추가모집(2차) 공고문.pdf,pdf,https://www.bizinfo.go.kr/cmm/fms/fileDown.do?atchFileId=FILE_000000000641758&fileSn=0,511246,list\PBLN_000000000087182\1. 2023년 중장년 인턴십(기업연계형) 참여기업 추가모집(2차) 공고문.pdf,
PBLN_000000000085687,ok,본문출력파일,2023년제조기업디자인인력지원_공고문.hwp,hwp,https://www.bizinfo.go.kr/cmm/fms/fileDown.do?atchFileId=FILE_000000000637914&fileSn=0,37888,list\PBLN_000000000085687\2023년제조기업디자인인력지원_공고문.hwp,
PBLN_000000000090364,ok,본문출력파일,붙임1.+(공고문)블록체인+지역특화산업+청년일자리+지원사업+모집공고.hwp,hwp,https://www.bizinfo.go.kr/cmm/fms/fileDown.do?atchFileId=FILE_000000000651293&fileSn=0,81920,list\PBLN_000000000090364\붙임1.+(공고문)블록체인+지역특화산업+청년일자리+지원사업+모집공고.hwp,
PBLN_000000000092192,ok,본문출력파일,1.[덧붙임1]우수인재유치및우수경력자인건비지원사업창업기업지원수혜기업추가(4차)모집공고문.pdf,pdf,https://www.bizinfo.go.kr/cmm/fms/fileDown.do?atchFileId=FILE_000000000657057&fileSn=0,202587,list\PBLN_000000000092192\1.[덧붙임1]우수인재유치및우수경력자인건비지원사업창업기업지원수혜기업추가(4차)모집공고문.pdf,
PBLN_000000000091529,ok,본문출력파일,[공고]+2023년+방위산업+맞춤형+전문인재+육성사업+4차+추가모집+공고.pdf,pdf,https://www.bizinfo.go.kr/cmm/fms/fileDown.do?atchFileId=FILE_000000000654714&fileSn=0,220323,list\PBLN_000000000091529\[공고]+2023년+방위산업+맞춤형+전문인재+육성사업+4차+추가모집+공고.pdf,
PBLN_000000000090931,ok,본문출력파일,중소기업 공동직장어린이집 설치비 지원사업자 공고문(3차).hwp,hwp,https://www.bizinfo.go.kr/cmm/fms/fileDown.do?atchFileId=FILE_000000000652882&fileSn=0,105472,list\PBLN_000000000090931\중소기업 공동직장어린이집 설치비 지원사업자 공고문(3차).hwp,
PBLN_000000000089017,ok,본문출력파일,1. 공고문(추가).pdf,pdf,https://www.bizinfo.go.kr/cmm/fms/fileDown.do?atchFileId=FILE_000000000647486&fileSn=0,210717,list\PBLN_000000000089017\1. 공고문(추가).pdf,
PBLN_000000000084260,ok,본문출력파일,2023년 서울형 뉴딜일자리 참여업체(협력사업장) 모집공고문_주얼리.pdf,pdf,https://www.bizinfo.go.kr/cmm/fms/fileDown.do?atchFileId=FILE_000000000634373&fileSn=0,97943,list\PBLN_000000000084260\2023년 서울형 뉴딜일자리 참여업체(협력사업장) 모집공고문_주얼리.pdf,
PBLN_000000000087347,ok,본문출력파일,2023년 미래내일 일경험 지원사업 참여기업 모집 공고.pdf,pdf,https://www.bizinfo.go.kr/cmm/fms/fileDown.do?atchFileId=FILE_000000000642213&fileSn=0,433403,list\PBLN_000000000087347\2023년 미래내일 일경험 지원사업 참여기업 모집 공고.pdf,
PBLN_000000000090327,ok,본문출력파일,[2023_인천_특성화고_채용박람회]_안내문_및_참가신청서_인천지방중소벤처기업청.hwp,hwp,https://www.bizinfo.go.kr/cmm/fms/fileDown.do?atchFileId=FILE_000000000651182&fileSn=0,920576,list\PBLN_000000000090327\[2023_인천_특성화고_채용박람회]_안내문_및_참가신청서_인천지방중소벤처기업청.hwp,
PBLN_000000000091438,ok,본문출력파일,[붙임1] 사업 공고문.hwp,hwp,https://www.bizinfo.go.kr/cmm/fms/fileDown.do?atchFileId=FILE_000000000654412&fileSn=1,1632256,list\PBLN_000000000091438\[붙임1] 사업 공고문.hwp,
PBLN_000000000086175,ok,본문출력파일,「전라북도 더 좋은 일자리 기금」위기근로자 고용촉진 기업성장 지원사업(2차)_참여기업 추가모집 공고문.pdf,pdf,https://www.bizinfo.go.kr/cmm/fms/fileDown.do?atchFileId=FILE_000000000639138&fileSn=0,441388,list\PBLN_000000000086175\「전라북도 더 좋은 일자리 기금」위기근로자 고용촉진 기업성장 지원사업(2차)_참여기업 추가모집 공고문.pdf,
PBLN_000000000085023,ok,본문출력파일,2023년 청년일자리 우수기업 지원사업 모집 공고문.hwp,hwp,https://www.bizinfo.go.kr/cmm/fms/fileDown.do?atchFileId=FILE_000000000636337&fileSn=0,81408,list\PBLN_000000000085023\2023년 청년일자리 우수기업 지원사업 모집 공고문.hwp,
PBLN_000000000084800,ok,본문출력파일,1. 2023년 여성과학기술인 R&D 경력복귀지원사업 상반기 공고문.pdf,pdf,https://www.bizinfo.go.kr/cmm/fms/fileDown.do?atchFileId=FILE_000000000635839&fileSn=0,723640,list\PBLN_000000000084800\1. 2023년 여성과학기술인 R&D 경력복귀지원사업 상반기 공고문.pdf,
PBLN_000000000084450,ok,본문출력파일,2023년 중구 의류제조업체 작업환경개선 지원사업 공고문.pdf,pdf,https://www.bizinfo.go.kr/cmm/fms/fileDown.do?atchFileId=FILE_000000000634822&fileSn=0,1815478,list\PBLN_000000000084450\2023년 중구 의류제조업체 작업환경개선 지원사업 공고문.pdf,
PBLN_000000000083158,ok,본문출력파일,2023 공예업체 인턴 지원사업 희망업체 모집 공고문.hwp,hwp,https://www.bizinfo.go.kr/cmm/fms/fileDown.do?atchFileId=FILE_000000000631570&fileSn=0,24576,list\PBLN_000000000083158\2023 공예업체 인턴 지원사업 희망업체 모집 공고문.hwp,
PBLN_000000000092331,ok,본문출력파일,[공고]섬유기업디지털생태계전환패키지지원사업수혜기업모집.pdf,pdf,https://www.bizinfo.go.kr/cmm/fms/fileDown.do?atchFileId=FILE_000000000657554&fileSn=0,4023730,list\PBLN_000000000092331\[공고]섬유기업디지털생태계전환패키지지원사업수혜기업모집.pdf,
PBLN_000000000084577,ok,본문출력파일,2023년도 원자력생태계 지원사업 통합 시행계획 공고문.hwp,hwp,https://www.bizinfo.go.kr/cmm/fms/fileDown.do?atchFileId=FILE_000000000635204&fileSn=0,78336,list\PBLN_000000000084577\2023년도 원자력생태계 지원사업 통합 시행계획 공고문.hwp,
PBLN_000000000083697,ok,첨부파일,붙임.수요기업맞춤형 사업3D 가상의류디자이너 양성과정 참여의향서.docx,docx,https://www.bizinfo.go.kr/cmm/fms/fileDown.do?atchFileId=FILE_000000000632898&fileSn=0,19095,list\PBLN_000000000083697\붙임.수요기업맞춤형 사업3D 가상의류디자이너 양성과정 참여의향서.docx,
PBLN_000000000084862,ok,본문출력파일,2023 경남 청년인재-주력산업 동반성장 일자리사업 참여기업 추가모집(3차) 공고.pdf,pdf,https://www.bizinfo.go.kr/cmm/fms/fileDown.do?atchFileId=FILE_000000000635934&fileSn=0,243263,list\PBLN_000000000084862\2023 경남 청년인재-주력산업 동반성장 일자리사업 참여기업 추가모집(3차) 공고.pdf,
PBLN_000000000085597,ok,본문출력파일,붙임12023 강원도 무역인재 양성 교육비 지원사업 참가대상 모집 공고.hwp,hwp,https://www.bizinfo.go.kr/cmm/fms/fileDown.do?atchFileId=FILE_000000000637729&fileSn=0,58368,list\PBLN_000000000085597\붙임12023 강원도 무역인재 양성 교육비 지원사업 참가대상 모집 공고.hwp,
PBLN_000000000089967,ok,본문출력파일,2023년 스포츠산업 현장실습 지원사업 참여기업 추가모집 공고문.hwp,hwp,https://www.bizinfo.go.kr/cmm/fms/fileDown.do?atchFileId=FILE_000000000650214&fileSn=0,81408,list\PBLN_000000000089967\2023년 스포츠산업 현장실습 지원사업 참여기업 추가모집 공고문.hwp,
PBLN_000000000083913,ok,본문출력파일,2023년 제1차 경상남도 (예비)사회적기업 일자리창출사업 공고문.hwp,hwp,https://www.bizinfo.go.kr/cmm/fms/fileDown.do?atchFileId=FILE_000000000633519&fileSn=0,192001,list\PBLN_000000000083913\2023년 제1차 경상남도 (예비)사회적기업 일자리창출사업 공고문.hwp,
PBLN_000000000092880,ok,본문출력파일,2024년 청년층 인턴형 일자리사업(동계) 참여기업 모집 공고문.hwp,hwp,https://www.bizinfo.go.kr/cmm/fms/fileDown.do?atchFileId=FILE_000000000660063&fileSn=0,93184,list\PBLN_000000000092880\2024년 청년층 인턴형 일자리사업(동계) 참여기업 모집 공고문.hwp,
PBLN_000000000088415,ok,본문출력파일,1.+사업공고문.pdf,pdf,https://www.bizinfo.go.kr/cmm/fms/fileDown.do?atchFileId=FILE_000000000645455&fileSn=0,241080,list\PBLN_000000000088415\1.+사업공고문.pdf,
PBLN_000000000089649,ok,본문출력파일,2023년 환경개선사업안내 및 모집 재공고.hwp,hwp,https://www.bizinfo.go.kr/cmm/fms/fileDown.do?atchFileId=FILE_000000000649377&fileSn=0,115201,list\PBLN_000000000089649\2023년 환경개선사업안내 및 모집 재공고.hwp,
PBLN_000000000088253,ok,본문출력파일,붙임. 2023년 제주관광UP 청년일자리도약장려금 추가 모집공고(수정).pdf,pdf,https://www.bizinfo.go.kr/cmm/fms/fileDown.do?atchFileId=FILE_000000000644952&fileSn=0,267313,list\PBLN_000000000088253\붙임. 2023년 제주관광UP 청년일자리도약장려금 추가 모집공고(수정).pdf,
PBLN_000000000090920,ok,본문출력파일,(붙임 1) 2023 재직자 퇴직자 역략강화 지원사업 채용보조금 지원 참여기업 모집.hwp,hwp,https://www.bizinfo.go.kr/cmm/fms/fileDown.do?atchFileId=FILE_000000000652962&fileSn=1,84480,list\PBLN_000000000090920\(붙임 1) 2023 재직자 퇴직자 역략강화 지원사업 채용보조금 지원 참여기업 모집.hwp,
PBLN_000000000085973,ok,본문출력파일,중소기업+신규고용+인건비+지원사업+참여기업+모집공고.pdf,pdf,https://www.bizinfo.go.kr/cmm/fms/fileDown.do?atchFileId=FILE_000000000638634&fileSn=0,433870,list\PBLN_000000000085973\중소기업+신규고용+인건비+지원사업+참여기업+모집공고.pdf,
PBLN_000000000086146,ok,본문출력파일,2023년 ⌈제조업 경쟁력 강화 핵심인재 지원 사업⌋ 모집 공고.hwp,hwp,https://www.bizinfo.go.kr/cmm/fms/fileDown.do?atchFileId=FILE_000000000639104&fileSn=0,23040,list\PBLN_000000000086146\2023년 ⌈제조업 경쟁력 강화 핵심인재 지원 사업⌋ 모집 공고.hwp,
PBLN_000000000083115,ok,본문출력파일,2023년 미래인재 양성 사업 참여기업 모집 공고문(최종).hwp,hwp,https://www.bizinfo.go.kr/cmm/fms/fileDown.do?atchFileId=FILE_000000000631442&fileSn=0,76800,list\PBLN_000000000083115\2023년 미래인재 양성 사업 참여기업 모집 공고문(최종).hwp,
PBLN_000000000083128,ok,본문출력파일,[공고문]게임콘텐츠 청년인재 채용지원사업.hwp,hwp,https://www.bizinfo.go.kr/cmm/fms/fileDown.do?atchFileId=FILE_000000000631425&fileSn=0,72193,list\PBLN_000000000083128\[공고문]게임콘텐츠 청년인재 채용지원사업.hwp,
PBLN_000000000090941,ok,본문출력파일,(첨부 3) 2023 전공자 현장실무 연수프로그램 지원사업 참여기업 모집.hwp,hwp,https://www.bizinfo.go.kr/cmm/fms/fileDown.do?atchFileId=FILE_000000000652965&fileSn=2,118272,list\PBLN_000000000090941\(첨부 3) 2023 전공자 현장실무 연수프로그램 지원사업 참여기업 모집.hwp,
PBLN_000000000088980,ok,본문출력파일,(모집공고)「2023 소규모 기업환경 개선사업」참여기업 추가모집.pdf,pdf,https://www.bizinfo.go.kr/cmm/fms/fileDown.do?atchFileId=FILE_000000000647340&fileSn=0,102955,list\PBLN_000000000088980\(모집공고)「2023 소규모 기업환경 개선사업」참여기업 추가모집.pdf,
PBLN_000000000088515,ok,본문출력파일,공고문.pdf,pdf,https://www.bizinfo.go.kr/cmm/fms/fileDown.do?atchFileId=FILE_000000000645787&fileSn=0,240351,list\PBLN_000000000088515\공고문.pdf,
PBLN_000000000082906,ok,본문출력파일,★ 2023년 일자리창출 소상공인 사회보험료 지원사업 공고.hwp,hwp,https://www.bizinfo.go.kr/cmm/fms/fileDown.do?atchFileId=FILE_000000000630871&fileSn=0,82945,list\PBLN_000000000082906\★ 2023년 일자리창출 소상공인 사회보험료 지원사업 공고.hwp,
PBLN_000000000089666,ok,본문출력파일,[공고문]참가기업 모집.pdf,pdf,https://www.bizinfo.go.kr/cmm/fms/fileDown.do?atchFileId=FILE_000000000649379&fileSn=0,118808,list\PBLN_000000000089666\[공고문]참가기업 모집.pdf,
PBLN_000000000090506,ok,본문출력파일,[붙임1.] 2023 게임기업 맞춤형 인턴십 지원사업(4차모집) 공고문.pdf,pdf,https://www.bizinfo.go.kr/cmm/fms/fileDown.do?atchFileId=FILE_000000000651683&fileSn=0,539665,list\PBLN_000000000090506\[붙임1.] 2023 게임기업 맞춤형 인턴십 지원사업(4차모집) 공고문.pdf,
PBLN_000000000087227,ok,본문출력파일,[서울기업_온택트_채용관]_모집공고문_2차.hwp,hwp,https://www.bizinfo.go.kr/cmm/fms/fileDown.do?atchFileId=FILE_000000000641887&fileSn=0,80384,list\PBLN_000000000087227\[서울기업_온택트_채용관]_모집공고문_2차.hwp,
PBLN_000000000090089,ok,본문출력파일,5차년도 충남도 발전3사 상생협력지원사업 공고(추가).hwp,hwp,https://www.bizinfo.go.kr/cmm/fms/fileDown.do?atchFileId=FILE_000000000650502&fileSn=0,114688,list\PBLN_000000000090089\5차년도 충남도 발전3사 상생협력지원사업 공고(추가).hwp,
PBLN_000000000092088,ok,본문출력파일,2023년 마을기업사무장지원사업 모집 공고문 및 서식.hwp,hwp,https://www.bizinfo.go.kr/cmm/fms/fileDown.do?atchFileId=FILE_000000000656677&fileSn=0,76288,list\PBLN_000000000092088\2023년 마을기업사무장지원사업 모집 공고문 및 서식.hwp,
PBLN_000000000083067,ok,본문출력파일,2023년 (예비)사회적기업 전문인력 지원사업 공고문.hwp,hwp,https://www.bizinfo.go.kr/cmm/fms/fileDown.do?atchFileId=FILE_000000000631264&fileSn=0,89089,list\PBLN_000000000083067\2023년 (예비)사회적기업 전문인력 지원사업 공고문.hwp,
PBLN_000000000083470,ok,본문출력파일,2023년 경기도 골목상권 상인회ㆍ연합회 매니저 지원사업 모집 공고문.hwp,hwp,https://www.bizinfo.go.kr/cmm/fms/fileDown.do?atchFileId=FILE_000000000632271&fileSn=0,154624,list\PBLN_000000000083470\2023년 경기도 골목상권 상인회ㆍ연합회 매니저 지원사업 모집 공고문.hwp,
PBLN_000000000086508,ok,본문출력파일,붙임1.강원도 관광 서비스업 청년일자리도약장려금 신규지원 참여기업 모집 공고문안.hwp,hwp,https://www.bizinfo.go.kr/cmm/fms/fileDown.do?atchFileId=FILE_000000000639960&fileSn=0,123392,list\PBLN_000000000086508\붙임1.강원도 관광 서비스업 청년일자리도약장려금 신규지원 참여기업 모집 공고문안.hwp,
PBLN_000000000092797,ok,본문출력파일,붙임1._인천_뿌리산업_장년인력_지원사업_공고문(변경).hwp,hwp,https://www.bizinfo.go.kr/cmm/fms/fileDown.do?atchFileId=FILE_000000000659846&fileSn=0,28160,list\PBLN_000000000092797\붙임1._인천_뿌리산업_장년인력_지원사업_공고문(변경).hwp,
PBLN_000000000093240,ok,본문출력파일,붙임2. 2024년도 서울시 뉴딜일자리 사업 특화산업 맞춤형 기술 개방형 혁신 전문가 양성-취업연계_협약기업모집 공고_2(0).hwp,hwp,https://www.bizinfo.go.kr/cmm/fms/fileDown.do?atchFileId=FILE_000000000661752&fileSn=1,118272,list\PBLN_000000000093240\붙임2. 2024년도 서울시 뉴딜일자리 사업 특화산업 맞춤형 기술 개방형 혁신 전문가 양성-취업연계_협약기업모집 공고_2(0).hwp,
PBLN_000000000085259,ok,본문출력파일,2023공예디자인산업 전문인력양성사업 교육생 모집.hwp,hwp,https://www.bizinfo.go.kr/cmm/fms/fileDown.do?atchFileId=FILE_000000000636943&fileSn=0,163840,list\PBLN_000000000085259\2023공예디자인산업 전문인력양성사업 교육생 모집.hwp,
PBLN_000000000085266,ok,본문출력파일,일자리 우수기업 인증 시행계획 공고.hwp,hwp,https://www.bizinfo.go.kr/cmm/fms/fileDown.do?atchFileId=FILE_000000000636941&fileSn=0,57344,list\PBLN_000000000085266\일자리 우수기업 인증 시행계획 공고.hwp,
PBLN_000000000087997,ok,본문출력파일,1. (공고문) 2023년현장실습비지원사업 모집공고문(3차).pdf,pdf,https://www.bizinfo.go.kr/cmm/fms/fileDown.do?atchFileId=FILE_000000000644177&fileSn=0,311711,list\PBLN_000000000087997\1. (공고문) 2023년현장실습비지원사업 모집공고문(3차).pdf,
PBLN_000000000084400,ok,본문출력파일,(안산시)2023년 중소기업 노동자 기숙사 임차비 지원사업 공고문.hwp,hwp,https://www.bizinfo.go.kr/cmm/fms/fileDown.do?atchFileId=FILE_000000000634744&fileSn=0,72704,list\PBLN_000000000084400\(안산시)2023년 중소기업 노동자 기숙사 임차비 지원사업 공고문.hwp,
PBLN_000000000092007,no_doc,,,,,0,,
PBLN_000000000083295,ok,본문출력파일,2023년 사회적기업 사회보험료 지원사업 공고문.hwp,hwp,https://www.bizinfo.go.kr/cmm/fms/fileDown.do?atchFileId=FILE_000000000631680&fileSn=0,83457,list\PBLN_000000000083295\2023년 사회적기업 사회보험료 지원사업 공고문.hwp,
PBLN_000000000083176,ok,본문출력파일,공고문(안).hwp,hwp,https://www.bizinfo.go.kr/cmm/fms/fileDown.do?atchFileId=FILE_000000000631600&fileSn=0,70145,list\PBLN_000000000083176\공고문(안).hwp,
PBLN_000000000088737,no_doc,,,,,0,,
PBLN_000000000085415,ok,본문출력파일,붙임 1. 육아휴직 업무대행자 수당지원 사업 공고문.hwp,hwp,https://www.bizinfo.go.kr/cmm/fms/fileDown.do?atchFileId=FILE_000000000637314&fileSn=0,127488,list\PBLN_000000000085415\붙임 1. 육아휴직 업무대행자 수당지원 사업 공고문.hwp,
PBLN_000000000085144,ok,본문출력파일,붙임1.+지역+SW기업+SW마스터+과정(문제해결형)+프로그램+참여기업+모집+공고문.hwp,hwp,https://www.bizinfo.go.kr/cmm/fms/fileDown.do?atchFileId=FILE_000000000636607&fileSn=0,30720,list\PBLN_000000000085144\붙임1.+지역+SW기업+SW마스터+과정(문제해결형)+프로그램+참여기업+모집+공고문.hwp,
PBLN_000000000090726,ok,본문출력파일,붙임1. (공고문) 2023년현장실습비지원사업 모집공고문(2023학년도 2학기 추가공고).pdf,pdf,https://www.bizinfo.go.kr/cmm/fms/fileDown.do?atchFileId=FILE_000000000652319&fileSn=0,297197,list\PBLN_000000000090726\붙임1. (공고문) 2023년현장실습비지원사업 모집공고문(2023학년도 2학기 추가공고).pdf,
PBLN_000000000090260,ok,본문출력파일,2.2023_인천_중소관광기업_고용지원사업_참여기업_모집_공고문.hwp,hwp,https://www.bizinfo.go.kr/cmm/fms/fileDown.do?atchFileId=FILE_000000000651026&fileSn=0,31744,list\PBLN_000000000090260\2.2023_인천_중소관광기업_고용지원사업_참여기업_모집_공고문.hwp,
PBLN_000000000092707,ok,본문출력파일,붙임1._인천_뿌리기업_근로환경_개선_지원사업_공고문.hwp,hwp,https://www.bizinfo.go.kr/cmm/fms/fileDown.do?atchFileId=FILE_000000000659388&fileSn=0,115200,list\PBLN_000000000092707\붙임1._인천_뿌리기업_근로환경_개선_지원사업_공고문.hwp,
PBLN_000000000085186,ok,본문출력파일,2023년도 고용노동부 선정 강소기업 신청접수 공고.hwp,hwp,https://www.bizinfo.go.kr/cmm/fms/fileDown.do?atchFileId=FILE_000000000636747&fileSn=0,92160,list\PBLN_000000000085186\2023년도 고용노동부 선정 강소기업 신청접수 공고.hwp,
PBLN_000000000085806,ok,본문출력파일,[공고]_2023년_서울기업_복지몰_모집공고(수정).hwp,hwp,https://www.bizinfo.go.kr/cmm/fms/fileDown.do?atchFileId=FILE_000000000638229&fileSn=0,920064,list\PBLN_000000000085806\[공고]_2023년_서울기업_복지몰_모집공고(수정).hwp,
PBLN_000000000089555,ok,본문출력파일,2023년 상반기 『청년고용우수기업』 모집기간 연장 공고.hwp,hwp,https://www.bizinfo.go.kr/cmm/fms/fileDown.do?atchFileId=FILE_000000000649051&fileSn=0,86016,list\PBLN_000000000089555\2023년 상반기 『청년고용우수기업』 모집기간 연장 공고.hwp,
PBLN_000000000090326,ok,본문출력파일,(제2023-15호)_「2023_인천_특성화고·청년_온라인_채용박람회」_참여기업_모집_재공고.pdf,pdf,https://www.bizinfo.go.kr/cmm/fms/fileDown.do?atchFileId=FILE_000000000651181&fileSn=0,270333,list\PBLN_000000000090326\(제2023-15호)_「2023_인천_특성화고·청년_온라인_채용박람회」_참여기업_모집_재공고.pdf,
PBLN_000000000091333,ok,본문출력파일,1.[덧붙임1]우수인재유치및우수경력자인건비지원사업창업기업지원수혜기업추가(3차)모집공고문.pdf,pdf,https://www.bizinfo.go.kr/cmm/fms/fileDown.do?atchFileId=FILE_000000000654162&fileSn=0,202416,list\PBLN_000000000091333\1.[덧붙임1]우수인재유치및우수경력자인건비지원사업창업기업지원수혜기업추가(3차)모집공고문.pdf,
PBLN_000000000088192,ok,본문출력파일,붙임1. 2023 2차 콘텐츠 맞춤형 인턴십 지원사업 공고문.pdf,pdf,https://www.bizinfo.go.kr/cmm/fms/fileDown.do?atchFileId=FILE_000000000644760&fileSn=0,440691,list\PBLN_000000000088192\붙임1. 2023 2차 콘텐츠 맞춤형 인턴십 지원사업 공고문.pdf,
PBLN_000000000088798,ok,본문출력파일,기업협력프로젝트 기업 추가모집 공고 및 신청서 양식.hwp,hwp,https://www.bizinfo.go.kr/cmm/fms/fileDown.do?atchFileId=FILE_000000000646771&fileSn=0,87552,list\PBLN_000000000088798\기업협력프로젝트 기업 추가모집 공고 및 신청서 양식.hwp,
PBLN_000000000084359,ok,본문출력파일,붙임 1. 공고문(만화)_2023 만화ㆍ웹툰 신진 에이전트 육성 지원.hwp,hwp,https://www.bizinfo.go.kr/cmm/fms/fileDown.do?atchFileId=FILE_000000000634648&fileSn=0,41984,list\PBLN_000000000084359\붙임 1. 공고문(만화)_2023 만화ㆍ웹툰 신진 에이전트 육성 지원.hwp,
PBLN_000000000083289,ok,본문출력파일,2023년 인천광역시 전문인력 및 사회보험료 지원사업 공고.hwp,hwp,https://www.bizinfo.go.kr/cmm/fms/fileDown.do?atchFileId=FILE_000000000631855&fileSn=0,75777,list\PBLN_000000000083289\2023년 인천광역시 전문인력 및 사회보험료 지원사업 공고.hwp,
PBLN_000000000082954,ok,본문출력파일,2023년 서울형 청년인턴 직무캠프 참여 기업·국제기구 모집 공고.hwp,hwp,https://www.bizinfo.go.kr/cmm/fms/fileDown.do?atchFileId=FILE_000000000630987&fileSn=0,79360,list\PBLN_000000000082954\2023년 서울형 청년인턴 직무캠프 참여 기업·국제기구 모집 공고.hwp,
PBLN_000000000092801,ok,본문출력파일,2023년 『마을기업사무장지원사업』 하반기 모집2차 공고문 및 서식.hwp,hwp,https://www.bizinfo.go.kr/cmm/fms/fileDown.do?atchFileId=FILE_000000000659737&fileSn=0,87040,list\PBLN_000000000092801\2023년 『마을기업사무장지원사업』 하반기 모집2차 공고문 및 서식.hwp,
PBLN_000000000090357,ok,본문출력파일,2023년 중소기업 노동자 기숙사 임차비 지원사업 변경 공고.hwp,hwp,https://www.bizinfo.go.kr/cmm/fms/fileDown.do?atchFileId=FILE_000000000651326&fileSn=0,39424,list\PBLN_000000000090357\2023년 중소기업 노동자 기숙사 임차비 지원사업 변경 공고.hwp,
PBLN_000000000083870,ok,본문출력파일,2023년 경북 지역사회 청년활동가 양성사업 참여기업 모집 공고.hwp,hwp,https://www.bizinfo.go.kr/cmm/fms/fileDown.do?atchFileId=FILE_000000000633393&fileSn=0,111104,list\PBLN_000000000083870\2023년 경북 지역사회 청년활동가 양성사업 참여기업 모집 공고.hwp,
PBLN_000000000085283,ok,본문출력파일,[공고문]신성장산업고용장려금지원사업(신청서식포함).pdf,pdf,https://www.bizinfo.go.kr/cmm/fms/fileDown.do?atchFileId=FILE_000000000636985&fileSn=0,462489,list\PBLN_000000000085283\[공고문]신성장산업고용장려금지원사업(신청서식포함).pdf,
PBLN_000000000085462,ok,본문출력파일,붙임1. 2023년 근무혁신 인센티브제 참여기업 신청공고문(1차).pdf,pdf,https://www.bizinfo.go.kr/cmm/fms/fileDown.do?atchFileId=FILE_000000000637375&fileSn=1,421765,list\PBLN_000000000085462\붙임1. 2023년 근무혁신 인센티브제 참여기업 신청공고문(1차).pdf,
PBLN_000000000087002,ok,본문출력파일,2023-1071_2023년 제2차 (예비)사회적기업 일자리창출사업 참여기업 모집 공고문(최종).pdf,pdf,https://www.bizinfo.go.kr/cmm/fms/fileDown.do?atchFileId=FILE_000000000641300&fileSn=0,1119104,list\PBLN_000000000087002\2023-1071_2023년 제2차 (예비)사회적기업 일자리창출사업 참여기업 모집 공고문(최종).pdf,
PBLN_000000000089801,ok,본문출력파일,붙임1. 농 · 식품 바이오 로컬벤처 연구개발 및 인력양성 패키지 지원사업 참여기업 모집 공고.pdf,pdf,https://www.bizinfo.go.kr/cmm/fms/fileDown.do?atchFileId=FILE_000000000649760&fileSn=0,177096,list\PBLN_000000000089801\붙임1. 농 · 식품 바이오 로컬벤처 연구개발 및 인력양성 패키지 지원사업 참여기업 모집 공고.pdf,
PBLN_000000000091211,ok,본문출력파일,2023-1870_2023년 경기도 일자리 우수기업 고용환경개선사업 모집 공고문.pdf,pdf,https://www.bizinfo.go.kr/cmm/fms/fileDown.do?atchFileId=FILE_000000000653775&fileSn=0,129666,list\PBLN_000000000091211\2023-1870_2023년 경기도 일자리 우수기업 고용환경개선사업 모집 공고문.pdf,
PBLN_000000000091502,ok,본문출력파일,공고문(2023년 하반기 (예비)사회적기업 일자리창출사업 공모).hwp,hwp,https://www.bizinfo.go.kr/cmm/fms/fileDown.do?atchFileId=FILE_000000000654575&fileSn=0,163329,list\PBLN_000000000091502\공고문(2023년 하반기 (예비)사회적기업 일자리창출사업 공모).hwp,
PBLN_000000000085954,ok,본문출력파일,공고. 조선업 내일채움공제 모집공고.hwp,hwp,https://www.bizinfo.go.kr/cmm/fms/fileDown.do?atchFileId=FILE_000000000638559&fileSn=0,185344,list\PBLN_000000000085954\공고. 조선업 내일채움공제 모집공고.hwp,
PBLN_000000000092269,ok,본문출력파일,2023년 신중년 중소기업 파트타임 지원사업 변경 공고.pdf,pdf,https://www.bizinfo.go.kr/cmm/fms/fileDown.do?atchFileId=FILE_000000000657295&fileSn=0,391683,list\PBLN_000000000092269\2023년 신중년 중소기업 파트타임 지원사업 변경 공고.pdf,
PBLN_000000000083123,ok,본문출력파일,2023년 장애인 신규고용장려금 공고문.hwp,hwp,https://www.bizinfo.go.kr/cmm/fms/fileDown.do?atchFileId=FILE_000000000631411&fileSn=0,177664,list\PBLN_000000000083123\2023년 장애인 신규고용장려금 공고문.hwp,
PBLN_000000000084941,ok,본문출력파일,[붙임1] 2023년 신성장산업 고용활성화 채용장려금 지원사업 모집 공고.pdf,pdf,https://www.bizinfo.go.kr/cmm/fms/fileDown.do?atchFileId=FILE_000000000636120&fileSn=0,248875,list\PBLN_000000000084941\[붙임1] 2023년 신성장산업 고용활성화 채용장려금 지원사업 모집 공고.pdf,
PBLN_000000000089257,ok,본문출력파일,2023학년도_가을학기_중소기업_계약학과_신입생_모집_요강(대전과학기술대)_전체.pdf,pdf,https://www.bizinfo.go.kr/cmm/fms/fileDown.do?atchFileId=FILE_000000000648200&fileSn=0,423154,list\PBLN_000000000089257\2023학년도_가을학기_중소기업_계약학과_신입생_모집_요강(대전과학기술대)_전체.pdf,
PBLN_000000000093214,ok,본문출력파일,붙임1. 2023년 수출전문인력 취업지원 연장 공고.pdf,pdf,https://www.bizinfo.go.kr/cmm/fms/fileDown.do?atchFileId=FILE_000000000661488&fileSn=0,216403,list\PBLN_000000000093214\붙임1. 2023년 수출전문인력 취업지원 연장 공고.pdf,
PBLN_000000000089973,ok,본문출력파일,첨부1 2023년 인천기업 온라인 채용관 참가기업 확대모집 공고.hwp,hwp,https://www.bizinfo.go.kr/cmm/fms/fileDown.do?atchFileId=FILE_000000000650234&fileSn=0,412160,list\PBLN_000000000089973\첨부1 2023년 인천기업 온라인 채용관 참가기업 확대모집 공고.hwp,
PBLN_000000000083287,ok,본문출력파일,2023년 인천광역시 (예비)사회적기업 일자리창출사업 신청 공고.hwp,hwp,https://www.bizinfo.go.kr/cmm/fms/fileDown.do?atchFileId=FILE_000000000631850&fileSn=0,140801,list\PBLN_000000000083287\2023년 인천광역시 (예비)사회적기업 일자리창출사업 신청 공고.hwp,
PBLN_000000000089267,no_doc,,,,,0,,
PBLN_000000000083081,ok,본문출력파일,2023 지역주도형 청년일자리 사업 참여기업 및 참여자 모집 통합공고.hwp,hwp,https://www.bizinfo.go.kr/cmm/fms/fileDown.do?atchFileId=FILE_000000000631255&fileSn=0,87041,list\PBLN_000000000083081\2023 지역주도형 청년일자리 사업 참여기업 및 참여자 모집 통합공고.hwp,
PBLN_000000000086062,ok,본문출력파일,(붙임1) 2023년_가족친화_인식개선_코칭_프로그램_공고문.pdf,pdf,https://www.bizinfo.go.kr/cmm/fms/fileDown.do?atchFileId=FILE_000000000638849&fileSn=0,187678,list\PBLN_000000000086062\(붙임1) 2023년_가족친화_인식개선_코칭_프로그램_공고문.pdf,
PBLN_000000000084134,ok,본문출력파일,1. 대구형 성장사다리 핵심기업육성 청년채용지원사업 참여기업 모집 공고.pdf,pdf,https://www.bizinfo.go.kr/cmm/fms/fileDown.do?atchFileId=FILE_000000000634040&fileSn=0,337471,list\PBLN_000000000084134\1. 대구형 성장사다리 핵심기업육성 청년채용지원사업 참여기업 모집 공고.pdf,
PBLN_000000000083345,ok,본문출력파일,2023년 마이스업체 청년인턴십 참여업체 모집 공고문.pdf,pdf,https://www.bizinfo.go.kr/cmm/fms/fileDown.do?atchFileId=FILE_000000000631971&fileSn=0,227692,list\PBLN_000000000083345\2023년 마이스업체 청년인턴십 참여업체 모집 공고문.pdf,
PBLN_000000000086520,ok,본문출력파일,2023년도 공공연 연구인력 파견지원사업 시행계획 공고.pdf,pdf,https://www.bizinfo.go.kr/cmm/fms/fileDown.do?atchFileId=FILE_000000000639994&fileSn=0,561473,list\PBLN_000000000086520\2023년도 공공연 연구인력 파견지원사업 시행계획 공고.pdf,
PBLN_000000000084793,ok,본문출력파일,모집공고문.pdf,pdf,https://www.bizinfo.go.kr/cmm/fms/fileDown.do?atchFileId=FILE_000000000635776&fileSn=0,368286,list\PBLN_000000000084793\모집공고문.pdf,
PBLN_000000000083307,ok,본문출력파일,첨부1. 2023년 농아청년 혁신일자리 지원사업_모집공고문.pdf,pdf,https://www.bizinfo.go.kr/cmm/fms/fileDown.do?atchFileId=FILE_000000000631882&fileSn=0,169616,list\PBLN_000000000083307\첨부1. 2023년 농아청년 혁신일자리 지원사업_모집공고문.pdf,
PBLN_000000000082829,ok,본문출력파일,2023년 진주 신성장동력 청년일자리사업 참여기업 모집 재공고문.hwp,hwp,https://www.bizinfo.go.kr/cmm/fms/fileDown.do?atchFileId=FILE_000000000630701&fileSn=0,112128,list\PBLN_000000000082829\2023년 진주 신성장동력 청년일자리사업 참여기업 모집 재공고문.hwp,
PBLN_000000000084596,ok,본문출력파일,2023년 기업주도 일자리창출 패키지 지원 모집 공고.hwp,hwp,https://www.bizinfo.go.kr/cmm/fms/fileDown.do?atchFileId=FILE_000000000635255&fileSn=0,86017,list\PBLN_000000000084596\2023년 기업주도 일자리창출 패키지 지원 모집 공고.hwp,
PBLN_000000000089563,ok,본문출력파일,2023년 경기북부광역새일센터 기새든든 기업지원 프로그램 대상기업 모집 공고문.pdf,pdf,https://www.bizinfo.go.kr/cmm/fms/fileDown.do?atchFileId=FILE_000000000649138&fileSn=0,272876,list\PBLN_000000000089563\2023년 경기북부광역새일센터 기새든든 기업지원 프로그램 대상기업 모집 공고문.pdf,
PBLN_000000000087032,ok,본문출력파일,2023년 충북형 반도체플러스일자리사업 통합공고문_최종.hwp,hwp,https://www.bizinfo.go.kr/cmm/fms/fileDown.do?atchFileId=FILE_000000000641369&fileSn=1,92160,list\PBLN_000000000087032\2023년 충북형 반도체플러스일자리사업 통합공고문_최종.hwp,
PBLN_000000000093325,ok,본문출력파일,1._SW콘텐츠분야_벤처스타트업_아카데미사업_공고문(1).pdf,pdf,https://www.bizinfo.go.kr/cmm/fms/fileDown.do?atchFileId=FILE_000000000661975&fileSn=0,254723,list\PBLN_000000000093325\1._SW콘텐츠분야_벤처스타트업_아카데미사업_공고문(1).pdf,
PBLN_000000000083547,ok,본문출력파일,지역+조선업+생산인력양성사업+참여기업+모집+공고.hwp,hwp,https://www.bizinfo.go.kr/cmm/fms/fileDown.do?atchFileId=FILE_000000000632459&fileSn=0,156672,list\PBLN_000000000083547\지역+조선업+생산인력양성사업+참여기업+모집+공고.hwp,
PBLN_000000000090696,ok,본문출력파일,2023년-소공인특화지원센터-채용박람회-지원사업-모집공고4차.hwp,hwp,https://www.bizinfo.go.kr/cmm/fms/fileDown.do?atchFileId=FILE_000000000652321&fileSn=0,184832,list\PBLN_000000000090696\2023년-소공인특화지원센터-채용박람회-지원사업-모집공고4차.hwp,
PBLN_000000000090733,ok,본문출력파일,2023+지역인재+인턴십+지원+안내+및+신청서+양식.hwp,hwp,https://www.bizinfo.go.kr/cmm/fms/fileDown.do?atchFileId=FILE_000000000652348&fileSn=0,245760,list\PBLN_000000000090733\2023+지역인재+인턴십+지원+안내+및+신청서+양식.hwp,
PBLN_000000000085547,ok,본문출력파일,붙임1. 공고문 .hwp,hwp,https://www.bizinfo.go.kr/cmm/fms/fileDown.do?atchFileId=FILE_000000000637605&fileSn=0,180224,list\PBLN_000000000085547\붙임1. 공고문 .hwp,
PBLN_000000000089930,ok,본문출력파일,붙임1.2023 강원특별자치도 무역인재 양성 교육비 지원사업 참가대상 2차 모집 공고.hwp,hwp,https://www.bizinfo.go.kr/cmm/fms/fileDown.do?atchFileId=FILE_000000000650149&fileSn=0,131072,list\PBLN_000000000089930\붙임1.2023 강원특별자치도 무역인재 양성 교육비 지원사업 참가대상 2차 모집 공고.hwp,
PBLN_000000000088758,ok,본문출력파일,붙임1._[공고문]_2023년_건강일터_조성지원(국소배기장치_설치비용)_공고_(변경).pdf,pdf,https://www.bizinfo.go.kr/cmm/fms/fileDown.do?atchFileId=FILE_000000000646636&fileSn=1,638005,list\PBLN_000000000088758\붙임1._[공고문]_2023년_건강일터_조성지원(국소배기장치_설치비용)_공고_(변경).pdf,
PBLN_000000000091383,ok,본문출력파일,★경남도+주력산업+상생희망공제+사업+공고(2차).hwp,hwp,https://www.bizinfo.go.kr/cmm/fms/fileDown.do?atchFileId=FILE_000000000654266&fileSn=0,230400,list\PBLN_000000000091383\★경남도+주력산업+상생희망공제+사업+공고(2차).hwp,
PBLN_000000000093207,ok,본문출력파일,조선업 재직자 희망공제사업 참여기업 모집 공고.hwp,hwp,https://www.bizinfo.go.kr/cmm/fms/fileDown.do?atchFileId=FILE_000000000661474&fileSn=0,78848,list\PBLN_000000000093207\조선업 재직자 희망공제사업 참여기업 모집 공고.hwp,
PBLN_000000000087587,ok,본문출력파일,붙임_2023년도 스마트 안전장비 보조지원 공고문 2차(최종).pdf,pdf,https://www.bizinfo.go.kr/cmm/fms/fileDown.do?atchFileId=FILE_000000000642957&fileSn=0,1328413,list\PBLN_000000000087587\붙임_2023년도 스마트 안전장비 보조지원 공고문 2차(최종).pdf,
PBLN_000000000092412,ok,첨부파일,[서식]_2024_숭실대_재직자_입학(예비)_의향서.hwp,hwp,https://www.bizinfo.go.kr/cmm/fms/fileDown.do?atchFileId=FILE_000000000657802&fileSn=2,55808,list\PBLN_000000000092412\[서식]_2024_숭실대_재직자_입학(예비)_의향서.hwp,
PBLN_000000000091924,ok,본문출력파일,(공고문) 2023년 일자리창출 우수기업 인증제.hwp,hwp,https://www.bizinfo.go.kr/cmm/fms/fileDown.do?atchFileId=FILE_000000000656111&fileSn=0,108544,list\PBLN_000000000091924\(공고문) 2023년 일자리창출 우수기업 인증제.hwp,
PBLN_000000000083973,ok,본문출력파일,2023년_중소기업_연구인력지원사업.pdf,pdf,https://www.bizinfo.go.kr/cmm/fms/fileDown.do?atchFileId=FILE_000000000633677&fileSn=0,898705,list\PBLN_000000000083973\2023년_중소기업_연구인력지원사업.pdf,
PBLN_000000000083053,ok,본문출력파일,2023년 여성농어업인 행복바우처 지원 신청 안내.hwp,hwp,https://www.bizinfo.go.kr/cmm/fms/fileDown.do?atchFileId=FILE_000000000631197&fileSn=1,182272,list\PBLN_000000000083053\2023년 여성농어업인 행복바우처 지원 신청 안내.hwp,
PBLN_000000000093213,ok,본문출력파일,1 20231211 충북형 도시농부 참여자 모집 공고문.hwp,hwp,https://www.bizinfo.go.kr/cmm/fms/fileDown.do?atchFileId=FILE_000000000661487&fileSn=0,78849,list\PBLN_000000000093213\1 20231211 충북형 도시농부 참여자 모집 공고문.hwp,
PBLN_000000000082811,ok,본문출력파일,2023년 디지털 무역 전문인력 양성 지원사업 모집 공고문.hwp,hwp,https://www.bizinfo.go.kr/cmm/fms/fileDown.do?atchFileId=FILE_000000000630590&fileSn=0,103936,list\PBLN_000000000082811\2023년 디지털 무역 전문인력 양성 지원사업 모집 공고문.hwp,
PBLN_000000000088516,ok,본문출력파일,2023년 국내외 투자기업 고용보조금 지원 공고.hwp,hwp,https://www.bizinfo.go.kr/cmm/fms/fileDown.do?atchFileId=FILE_000000000645792&fileSn=0,86529,list\PBLN_000000000088516\2023년 국내외 투자기업 고용보조금 지원 공고.hwp,
PBLN_000000000092054,ok,본문출력파일,23년+작업장+환경개선+재공고.hwp,hwp,https://www.bizinfo.go.kr/cmm/fms/fileDown.do?atchFileId=FILE_000000000656663&fileSn=0,120832,list\PBLN_000000000092054\23년+작업장+환경개선+재공고.hwp,
PBLN_000000000086471,ok,본문출력파일,(공고문) 2023 서울우먼업 인턴십 참여기업 모집_(최종본).hwp,hwp,https://www.bizinfo.go.kr/cmm/fms/fileDown.do?atchFileId=FILE_000000000639880&fileSn=0,50176,list\PBLN_000000000086471\(공고문) 2023 서울우먼업 인턴십 참여기업 모집_(최종본).hwp,
PBLN_000000000090099,ok,본문출력파일,2023년도 양자정보과학 인적기반 조성사업 신규과제 공모 공고(안).pdf,pdf,https://www.bizinfo.go.kr/cmm/fms/fileDown.do?atchFileId=FILE_000000000650577&fileSn=0,644596,list\PBLN_000000000090099\2023년도 양자정보과학 인적기반 조성사업 신규과제 공모 공고(안).pdf,
PBLN_000000000084836,ok,본문출력파일,중소기업 공동직장어린이집 설치비 지원사업자 공고문(1차).hwp,hwp,https://www.bizinfo.go.kr/cmm/fms/fileDown.do?atchFileId=FILE_000000000635887&fileSn=0,106496,list\PBLN_000000000084836\중소기업 공동직장어린이집 설치비 지원사업자 공고문(1차).hwp,
PBLN_000000000087235,ok,본문출력파일,2023년도 위기산업 및 위기근로자 채용장려금 지원사업 공고문 및 제반서류_230508.hwp,hwp,https://www.bizinfo.go.kr/cmm/fms/fileDown.do?atchFileId=FILE_000000000641912&fileSn=0,1652736,list\PBLN_000000000087235\2023년도 위기산업 및 위기근로자 채용장려금 지원사업 공고문 및 제반서류_230508.hwp,
PBLN_000000000088046,ok,본문출력파일,2023년도+공공연+연구인력+파견지원사업+시행계획+공고(제2023-235호).pdf,pdf,https://www.bizinfo.go.kr/cmm/fms/fileDown.do?atchFileId=FILE_000000000644222&fileSn=0,361868,list\PBLN_000000000088046\2023년도+공공연+연구인력+파견지원사업+시행계획+공고(제2023-235호).pdf,
PBLN_000000000084293,ok,본문출력파일,2023년 고용우수기업 인증 및 지원사업 시행 공고문.hwp,hwp,https://www.bizinfo.go.kr/cmm/fms/fileDown.do?atchFileId=FILE_000000000634421&fileSn=0,91137,list\PBLN_000000000084293\2023년 고용우수기업 인증 및 지원사업 시행 공고문.hwp,
PBLN_000000000092157,ok,첨부파일,2024학년도 글로벌e-SCM학과 12기신입생 모집요강(202310.16.).hwp,hwp,https://www.bizinfo.go.kr/cmm/fms/fileDown.do?atchFileId=FILE_000000000657040&fileSn=0,196608,list\PBLN_000000000092157\2024학년도 글로벌e-SCM학과 12기신입생 모집요강(202310.16.).hwp,
PBLN_000000000088770,ok,본문출력파일,붙임1-은평형 시니어인턴십 사업운영 안내.pdf,pdf,https://www.bizinfo.go.kr/cmm/fms/fileDown.do?atchFileId=FILE_000000000646658&fileSn=0,118858,list\PBLN_000000000088770\붙임1-은평형 시니어인턴십 사업운영 안내.pdf,
PBLN_000000000086388,ok,본문출력파일,「2023년+K-뷰티서비스산업+차세대+청년일자리+육성프로젝트」+모집+재공고.hwp,hwp,https://www.bizinfo.go.kr/cmm/fms/fileDown.do?atchFileId=FILE_000000000639687&fileSn=0,98304,list\PBLN_000000000086388\「2023년+K-뷰티서비스산업+차세대+청년일자리+육성프로젝트」+모집+재공고.hwp,
PBLN_000000000084447,ok,첨부파일,1. 찾아가는  직장문화개선 컨설팅 참여 신청서.hwp,hwp,https://www.bizinfo.go.kr/cmm/fms/fileDown.do?atchFileId=FILE_000000000634813&fileSn=0,59392,list\PBLN_000000000084447\1. 찾아가는  직장문화개선 컨설팅 참여 신청서.hwp,
PBLN_000000000091251,ok,본문출력파일,1. 2023년 지역조선업생산인력양성사업 참여기업 모집공고.hwp,hwp,https://www.bizinfo.go.kr/cmm/fms/fileDown.do?atchFileId=FILE_000000000653921&fileSn=0,188928,list\PBLN_000000000091251\1. 2023년 지역조선업생산인력양성사업 참여기업 모집공고.hwp,
PBLN_000000000085191,ok,본문출력파일,붙임1.+2023년+협약기업+모집+공고문.pdf,pdf,https://www.bizinfo.go.kr/cmm/fms/fileDown.do?atchFileId=FILE_000000000636759&fileSn=0,147251,list\PBLN_000000000085191\붙임1.+2023년+협약기업+모집+공고문.pdf,
PBLN_000000000088103,ok,본문출력파일,2023 안전보건 우수기업 인센티브 지원 공고문(2차).pdf,pdf,https://www.bizinfo.go.kr/cmm/fms/fileDown.do?atchFileId=FILE_000000000644465&fileSn=0,752705,list\PBLN_000000000088103\2023 안전보건 우수기업 인센티브 지원 공고문(2차).pdf,
PBLN_000000000085593,ok,본문출력파일,취약지역 공정전환 지원사업 중소ㆍ중견기업 대상 교육 지원 모집 공고.hwp,hwp,https://www.bizinfo.go.kr/cmm/fms/fileDown.do?atchFileId=FILE_000000000637705&fileSn=1,914944,list\PBLN_000000000085593\취약지역 공정전환 지원사업 중소ㆍ중견기업 대상 교육 지원 모집 공고.hwp,
PBLN_000000000089497,ok,본문출력파일,붙임1. (공고문) 2023년현장실습비지원사업 모집공고문(2023학년도 2학기).pdf,pdf,https://www.bizinfo.go.kr/cmm/fms/fileDown.do?atchFileId=FILE_000000000648924&fileSn=0,300408,list\PBLN_000000000089497\붙임1. (공고문) 2023년현장실습비지원사업 모집공고문(2023학년도 2학기).pdf,
PBLN_000000000083411,ok,본문출력파일,2023년 1차 (예비)사회적기업 일자리창출사업 참여기업 모집 공고.hwp,hwp,https://www.bizinfo.go.kr/cmm/fms/fileDown.do?atchFileId=FILE_000000000632171&fileSn=0,98816,list\PBLN_000000000083411\2023년 1차 (예비)사회적기업 일자리창출사업 참여기업 모집 공고.hwp,
PBLN_000000000102186,ok,첨부파일,(안내문)_2024년_벤처기업_공동채용_지원사업_안내_(4).hwp,hwp,https://www.bizinfo.go.kr/cmm/fms/fileDown.do?atchFileId=FILE_000000000691681&fileSn=0,289280,list\PBLN_000000000102186\(안내문)_2024년_벤처기업_공동채용_지원사업_안내_(4).hwp,
PBLN_000000000095893,ok,본문출력파일,24년 1분기 (최초) 고령자 고용지원금 신청서 접수 공고.hwp,hwp,https://www.bizinfo.go.kr/cmm/fms/fileDown.do?atchFileId=FILE_000000000669383&fileSn=0,90112,list\PBLN_000000000095893\24년 1분기 (최초) 고령자 고용지원금 신청서 접수 공고.hwp,
PBLN_000000000100882,ok,본문출력파일,(일반)고용우수기업 모집 연장 공고문.pdf,pdf,https://www.bizinfo.go.kr/cmm/fms/fileDown.do?atchFileId=FILE_000000000686352&fileSn=0,200403,list\PBLN_000000000100882\(일반)고용우수기업 모집 연장 공고문.pdf,
PBLN_000000000096928,ok,본문출력파일,2024년도+미래유망+분야+중소기업+인력양성대학+모집+공고문.hwp,hwp,https://www.bizinfo.go.kr/cmm/fms/fileDown.do?atchFileId=FILE_000000000672984&fileSn=0,311296,list\PBLN_000000000096928\2024년도+미래유망+분야+중소기업+인력양성대학+모집+공고문.hwp,
PBLN_000000000098999,ok,본문출력파일,(공고문) 일자리 도약 장려금 공고문.pdf,pdf,https://www.bizinfo.go.kr/cmm/fms/fileDown.do?atchFileId=FILE_000000000680602&fileSn=0,232834,list\PBLN_000000000098999\(공고문) 일자리 도약 장려금 공고문.pdf,
PBLN_000000000094110,ok,본문출력파일,★2024년 중소기업 환경개선사업 참가업체 모집 공고.hwp,hwp,https://www.bizinfo.go.kr/cmm/fms/fileDown.do?atchFileId=FILE_000000000664287&fileSn=0,72192,list\PBLN_000000000094110\★2024년 중소기업 환경개선사업 참가업체 모집 공고.hwp,
PBLN_000000000099867,ok,본문출력파일,공고문.hwp,hwp,https://www.bizinfo.go.kr/cmm/fms/fileDown.do?atchFileId=FILE_000000000683140&fileSn=0,1019392,list\PBLN_000000000099867\공고문.hwp,
PBLN_000000000103328,ok,본문출력파일,2025년지역특성화산업전문인력양성사업(취업연계형특성화과정)공고.hwp,hwp,https://www.bizinfo.go.kr/cmm/fms/fileDown.do?atchFileId=FILE_000000000697135&fileSn=0,96768,list\PBLN_000000000103328\2025년지역특성화산업전문인력양성사업(취업연계형특성화과정)공고.hwp,
PBLN_000000000099873,ok,본문출력파일,붙임 1. 「2024년 포항시 중소기업 근로자 기숙사 임차비 지원사업」추가모집 공고(2차).pdf,pdf,https://www.bizinfo.go.kr/cmm/fms/fileDown.do?atchFileId=FILE_000000000683247&fileSn=0,368819,list\PBLN_000000000099873\붙임 1. 「2024년 포항시 중소기업 근로자 기숙사 임차비 지원사업」추가모집 공고(2차).pdf,
PBLN_000000000098753,ok,본문출력파일,4050인턴십(파트타임) 3차 참여기업 모집_공고문_최종.pdf,pdf,https://www.bizinfo.go.kr/cmm/fms/fileDown.do?atchFileId=FILE_000000000679690&fileSn=0,302660,list\PBLN_000000000098753\4050인턴십(파트타임) 3차 참여기업 모집_공고문_최종.pdf,
PBLN_000000000097074,ok,첨부파일,(플러스)2-1_2024년 운수 일자리 채움 취업지원금 운영지침(안) 및 신청서류 서식.hwp,hwp,https://www.bizinfo.go.kr/cmm/fms/fileDown.do?atchFileId=FILE_000000000673522&fileSn=0,101376,list\PBLN_000000000097074\(플러스)2-1_2024년 운수 일자리 채움 취업지원금 운영지침(안) 및 신청서류 서식.hwp,
PBLN_000000000103135,ok,본문출력파일,★(제2024-587호)_2025년_스타트업_AI기술인력_양성(이어드림_스쿨)_교육운영사_모집_공고.pdf,pdf,https://www.bizinfo.go.kr/cmm/fms/fileDown.do?atchFileId=FILE_000000000695992&fileSn=0,870254,list\PBLN_000000000103135\★(제2024-587호)_2025년_스타트업_AI기술인력_양성(이어드림_스쿨)_교육운영사_모집_공고.pdf,
PBLN_000000000100789,ok,본문출력파일,24년도_상생_환경개선_지원_사업(복지)_공고문_및_신청서(2차).hwp,hwp,https://www.bizinfo.go.kr/cmm/fms/fileDown.do?atchFileId=FILE_000000000685968&fileSn=0,675328,list\PBLN_000000000100789\24년도_상생_환경개선_지원_사업(복지)_공고문_및_신청서(2차).hwp,
PBLN_000000000099922,ok,본문출력파일,새일여성인턴 안내문 1부.  끝..hwp,hwp,https://www.bizinfo.go.kr/cmm/fms/fileDown.do?atchFileId=FILE_000000000683417&fileSn=0,653824,list\PBLN_000000000099922\새일여성인턴 안내문 1부.  끝..hwp,
PBLN_000000000098713,ok,첨부파일,(양식) 2024년 연수단원 정규직 고용전환 장려금 지원_지원신청서_신청단체명.hwp,hwp,https://www.bizinfo.go.kr/cmm/fms/fileDown.do?atchFileId=FILE_000000000679566&fileSn=0,176640,list\PBLN_000000000098713\(양식) 2024년 연수단원 정규직 고용전환 장려금 지원_지원신청서_신청단체명.hwp,
PBLN_000000000098509,ok,본문출력파일,1. 「2024년 ICT이노베이션스퀘어 확산사업」기업맞춤형 인력양성 지원사업 참여기업 모집공고문(안내서).pdf,pdf,https://www.bizinfo.go.kr/cmm/fms/fileDown.do?atchFileId=FILE_000000000678729&fileSn=0,261114,list\PBLN_000000000098509\1. 「2024년 ICT이노베이션스퀘어 확산사업」기업맞춤형 인력양성 지원사업 참여기업 모집공고문(안내서).pdf,
PBLN_000000000097671,ok,본문출력파일,2024해운항만물류산업+재취업+지원사업+공고문+(추가+기한연장).pdf,pdf,https://www.bizinfo.go.kr/cmm/fms/fileDown.do?atchFileId=FILE_000000000675903&fileSn=0,266171,list\PBLN_000000000097671\2024해운항만물류산업+재취업+지원사업+공고문+(추가+기한연장).pdf,
PBLN_000000000094167,ok,본문출력파일,2024년 마포구 여성 취창업지원사업 공모 공고.hwp,hwp,https://www.bizinfo.go.kr/cmm/fms/fileDown.do?atchFileId=FILE_000000000664340&fileSn=0,111616,list\PBLN_000000000094167\2024년 마포구 여성 취창업지원사업 공모 공고.hwp,
PBLN_000000000100475,ok,본문출력파일,[공고] 2024년 새일여성인턴 참여기업 모집 공고문.pdf,pdf,https://www.bizinfo.go.kr/cmm/fms/fileDown.do?atchFileId=FILE_000000000685044&fileSn=0,294309,list\PBLN_000000000100475\[공고] 2024년 새일여성인턴 참여기업 모집 공고문.pdf,
PBLN_000000000100362,ok,본문출력파일,2024년 울진군 신중년 중소기업 소상공인 파트타임 일자리지원사업 참여자 모집 재공고(3차).hwp,hwp,https://www.bizinfo.go.kr/cmm/fms/fileDown.do?atchFileId=FILE_000000000684568&fileSn=0,97792,list\PBLN_000000000100362\2024년 울진군 신중년 중소기업 소상공인 파트타임 일자리지원사업 참여자 모집 재공고(3차).hwp,
PBLN_000000000096404,ok,첨부파일,(연수업체_공고문)+2024년+ICT학점연계프로젝트인턴십+연수업체+모집+공고.pdf,pdf,https://www.bizinfo.go.kr/cmm/fms/fileDown.do?atchFileId=FILE_000000000670788&fileSn=0,345065,list\PBLN_000000000096404\(연수업체_공고문)+2024년+ICT학점연계프로젝트인턴십+연수업체+모집+공고.pdf,
PBLN_000000000099803,ok,본문출력파일,(공고문) 고용근로환경 개선지원 참여기업 모집 공고문.pdf,pdf,https://www.bizinfo.go.kr/cmm/fms/fileDown.do?atchFileId=FILE_000000000682984&fileSn=0,221267,list\PBLN_000000000099803\(공고문) 고용근로환경 개선지원 참여기업 모집 공고문.pdf,
PBLN_000000000098472,ok,본문출력파일,1.(공고문)무재해 사업.pdf,pdf,https://www.bizinfo.go.kr/cmm/fms/fileDown.do?atchFileId=FILE_000000000678629&fileSn=0,431143,list\PBLN_000000000098472\1.(공고문)무재해 사업.pdf,
PBLN_000000000095922,no_doc,,,,,0,,
PBLN_000000000102372,ok,첨부파일,붙임_OJT 신청서.hwp,hwp,https://www.bizinfo.go.kr/cmm/fms/fileDown.do?atchFileId=FILE_000000000692245&fileSn=0,54784,list\PBLN_000000000102372\붙임_OJT 신청서.hwp,
PBLN_000000000097620,ok,본문출력파일,외국인 유학생 일학습병행 지원사업 참여기업 모집공고.hwp,hwp,https://www.bizinfo.go.kr/cmm/fms/fileDown.do?atchFileId=FILE_000000000675758&fileSn=0,94209,list\PBLN_000000000097620\외국인 유학생 일학습병행 지원사업 참여기업 모집공고.hwp,
PBLN_000000000101767,ok,본문출력파일,재공고문(2024년+청년+채용+인건비+지원사업+참여업체+모집_9월).pdf,pdf,https://www.bizinfo.go.kr/cmm/fms/fileDown.do?atchFileId=FILE_000000000690019&fileSn=0,226629,list\PBLN_000000000101767\재공고문(2024년+청년+채용+인건비+지원사업+참여업체+모집_9월).pdf,
PBLN_000000000098790,ok,첨부파일,붙임_OJT 상세내용.pdf,pdf,https://www.bizinfo.go.kr/cmm/fms/fileDown.do?atchFileId=FILE_000000000679781&fileSn=3,79267,list\PBLN_000000000098790\붙임_OJT 상세내용.pdf,
PBLN_000000000093700,ok,본문출력파일,2024년 대구시 1인 자영업자 고용보험 지원사업 공고문.pdf,pdf,https://www.bizinfo.go.kr/cmm/fms/fileDown.do?atchFileId=FILE_000000000663188&fileSn=0,364034,list\PBLN_000000000093700\2024년 대구시 1인 자영업자 고용보험 지원사업 공고문.pdf,
PBLN_000000000098053,ok,본문출력파일,RISE참여기업 공고문(기간 연장).pdf,pdf,https://www.bizinfo.go.kr/cmm/fms/fileDown.do?atchFileId=FILE_000000000677094&fileSn=1,565118,list\PBLN_000000000098053\RISE참여기업 공고문(기간 연장).pdf,
PBLN_000000000099366,no_doc,,,,,0,,
PBLN_000000000099935,ok,본문출력파일,2024년 중장년 취업지원 프로젝트 공고문(2024.8.).pdf,pdf,https://www.bizinfo.go.kr/cmm/fms/fileDown.do?atchFileId=FILE_000000000683445&fileSn=0,114377,list\PBLN_000000000099935\2024년 중장년 취업지원 프로젝트 공고문(2024.8.).pdf,
PBLN_000000000100456,ok,본문출력파일,공고문(천안_ 아산).pdf,pdf,https://www.bizinfo.go.kr/cmm/fms/fileDown.do?atchFileId=FILE_000000000684872&fileSn=0,575571,list\PBLN_000000000100456\공고문(천안_ 아산).pdf,
PBLN_000000000095960,ok,본문출력파일,붙임1. 2024 콘텐츠 맞춤형 인턴십 지원사업 공고문.pdf,pdf,https://www.bizinfo.go.kr/cmm/fms/fileDown.do?atchFileId=FILE_000000000669613&fileSn=0,420112,list\PBLN_000000000095960\붙임1. 2024 콘텐츠 맞춤형 인턴십 지원사업 공고문.pdf,
PBLN_000000000093698,ok,본문출력파일,[안내문 및 신청서] 2024년 미래내일 일경험 지원사업 모집(기업).hwp,hwp,https://www.bizinfo.go.kr/cmm/fms/fileDown.do?atchFileId=FILE_000000000663144&fileSn=0,98304,list\PBLN_000000000093698\[안내문 및 신청서] 2024년 미래내일 일경험 지원사업 모집(기업).hwp,
PBLN_000000000099378,ok,본문출력파일,Step Up ! 청춘일자리 지원사업 참여기업 모집 공고.pdf,pdf,https://www.bizinfo.go.kr/cmm/fms/fileDown.do?atchFileId=FILE_000000000681804&fileSn=0,111873,list\PBLN_000000000099378\Step Up ! 청춘일자리 지원사업 참여기업 모집 공고.pdf,
PBLN_000000000099462,ok,첨부파일,(양식)서울형 뉴딜일자리 사업 구인의뢰서.docx,docx,https://www.bizinfo.go.kr/cmm/fms/fileDown.do?atchFileId=FILE_000000000681955&fileSn=0,24324,list\PBLN_000000000099462\(양식)서울형 뉴딜일자리 사업 구인의뢰서.docx,
PBLN_000000000096987,ok,본문출력파일,[붙임] 2024년 미래내일 일경험(인턴형) 참여기업 모집 공고문.hwp,hwp,https://www.bizinfo.go.kr/cmm/fms/fileDown.do?atchFileId=FILE_000000000673220&fileSn=1,123904,list\PBLN_000000000096987\[붙임] 2024년 미래내일 일경험(인턴형) 참여기업 모집 공고문.hwp,
PBLN_000000000101875,ok,본문출력파일,2024 부산 청년 게임개발자 정착지원사업 공고문 .hwp,hwp,https://www.bizinfo.go.kr/cmm/fms/fileDown.do?atchFileId=FILE_000000000690515&fileSn=0,94910,list\PBLN_000000000101875\2024 부산 청년 게임개발자 정착지원사업 공고문 .hwp,
PBLN_000000000100507,ok,본문출력파일,붙임1. 2024년 청년연계 K디자인 파워업 모집공고문(추가모집)(1).hwp,hwp,https://www.bizinfo.go.kr/cmm/fms/fileDown.do?atchFileId=FILE_000000000685103&fileSn=0,41984,list\PBLN_000000000100507\붙임1. 2024년 청년연계 K디자인 파워업 모집공고문(추가모집)(1).hwp,
PBLN_000000000093671,ok,본문출력파일,2024년 신중년 희망일자리 장려금 지원사업 실시기업 모집공고.hwp,hwp,https://www.bizinfo.go.kr/cmm/fms/fileDown.do?atchFileId=FILE_000000000663035&fileSn=0,85504,list\PBLN_000000000093671\2024년 신중년 희망일자리 장려금 지원사업 실시기업 모집공고.hwp,
PBLN_000000000093983,ok,본문출력파일,[붙임2]2024년 협동조합 전문인력 지원사업 공고문.hwp,hwp,https://www.bizinfo.go.kr/cmm/fms/fileDown.do?atchFileId=FILE_000000000663834&fileSn=0,131584,list\PBLN_000000000093983\[붙임2]2024년 협동조합 전문인력 지원사업 공고문.hwp,
PBLN_000000000097603,ok,본문출력파일,1. 2024년 지역주도형 청년일자리사업 모집공고.hwp,hwp,https://www.bizinfo.go.kr/cmm/fms/fileDown.do?atchFileId=FILE_000000000675620&fileSn=0,1630720,list\PBLN_000000000097603\1. 2024년 지역주도형 청년일자리사업 모집공고.hwp,
PBLN_000000000099723,ok,본문출력파일,공고문.pdf,pdf,https://www.bizinfo.go.kr/cmm/fms/fileDown.do?atchFileId=FILE_000000000682708&fileSn=0,492936,list\PBLN_000000000099723\공고문.pdf,
PBLN_000000000094627,ok,본문출력파일,2024년도 중소기업 연구인력지원사업 시행계획 공고.pdf,pdf,https://www.bizinfo.go.kr/cmm/fms/fileDown.do?atchFileId=FILE_000000000665689&fileSn=0,1349801,list\PBLN_000000000094627\2024년도 중소기업 연구인력지원사업 시행계획 공고.pdf,
PBLN_000000000100904,ok,본문출력파일,★(공고)2024년 지속성장 일자리창출 우수기업 모집 공고문.pdf,pdf,https://www.bizinfo.go.kr/cmm/fms/fileDown.do?atchFileId=FILE_000000000686385&fileSn=0,292452,list\PBLN_000000000100904\★(공고)2024년 지속성장 일자리창출 우수기업 모집 공고문.pdf,
PBLN_000000000103138,ok,본문출력파일,참여기업_모집_안내문.pdf,pdf,https://www.bizinfo.go.kr/cmm/fms/fileDown.do?atchFileId=FILE_000000000696021&fileSn=0,201209,list\PBLN_000000000103138\참여기업_모집_안내문.pdf,
PBLN_000000000094097,ok,본문출력파일,광주시 2024년 현장노동자 휴게시설 개선사업 공고.hwp,hwp,https://www.bizinfo.go.kr/cmm/fms/fileDown.do?atchFileId=FILE_000000000664203&fileSn=0,316928,list\PBLN_000000000094097\광주시 2024년 현장노동자 휴게시설 개선사업 공고.hwp,
PBLN_000000000097559,ok,본문출력파일,[광산구청]2024년광산구중소기업노동환경개선사업공고문.pdf,pdf,https://www.bizinfo.go.kr/cmm/fms/fileDown.do?atchFileId=FILE_000000000675468&fileSn=0,384911,list\PBLN_000000000097559\[광산구청]2024년광산구중소기업노동환경개선사업공고문.pdf,
PBLN_000000000093746,ok,본문출력파일,★ 2024년 일자리창출 소상공인 사회보험료 지원사업 참여기업 모집 공고.hwp,hwp,https://www.bizinfo.go.kr/cmm/fms/fileDown.do?atchFileId=FILE_000000000663211&fileSn=0,88577,list\PBLN_000000000093746\★ 2024년 일자리창출 소상공인 사회보험료 지원사업 참여기업 모집 공고.hwp,
PBLN_000000000101188,ok,본문출력파일,[붙임] 2024년 과학기술분야 R&D 대체인력 활용 지원사업 하반기 추가 모집 연장 공고문.pdf,pdf,https://www.bizinfo.go.kr/cmm/fms/fileDown.do?atchFileId=FILE_000000000687827&fileSn=1,753849,list\PBLN_000000000101188\[붙임] 2024년 과학기술분야 R&D 대체인력 활용 지원사업 하반기 추가 모집 연장 공고문.pdf,
PBLN_000000000100526,ok,본문출력파일,최종 ★2024년 경기지역 자동차산업 플러스 일자리채움 지원금 공고문_24.08.12.pdf,pdf,https://www.bizinfo.go.kr/cmm/fms/fileDown.do?atchFileId=FILE_000000000685138&fileSn=0,691931,list\PBLN_000000000100526\최종 ★2024년 경기지역 자동차산업 플러스 일자리채움 지원금 공고문_24.08.12.pdf,
PBLN_000000000103228,ok,본문출력파일,[붙임]2025년 글로벌 인턴십 지원사업 참가기업 모집 공고.hwp,hwp,https://www.bizinfo.go.kr/cmm/fms/fileDown.do?atchFileId=FILE_000000000696401&fileSn=1,236544,list\PBLN_000000000103228\[붙임]2025년 글로벌 인턴십 지원사업 참가기업 모집 공고.hwp,
PBLN_000000000093972,ok,본문출력파일,[붙임1]_2024년 재직 청년근로자 근속지원사업 모집공고_1차.pdf,pdf,https://www.bizinfo.go.kr/cmm/fms/fileDown.do?atchFileId=FILE_000000000663832&fileSn=0,343764,list\PBLN_000000000093972\[붙임1]_2024년 재직 청년근로자 근속지원사업 모집공고_1차.pdf,
PBLN_000000000096339,ok,본문출력파일,[공고문] 경기도 적합직무 적합직무.pdf,pdf,https://www.bizinfo.go.kr/cmm/fms/fileDown.do?atchFileId=FILE_000000000670632&fileSn=0,302701,list\PBLN_000000000096339\[공고문] 경기도 적합직무 적합직무.pdf,
PBLN_000000000096247,ok,본문출력파일,기업협력프로젝트 기업 모집 공고 및 신청서 양식.hwp,hwp,https://www.bizinfo.go.kr/cmm/fms/fileDown.do?atchFileId=FILE_000000000670299&fileSn=0,87552,list\PBLN_000000000096247\기업협력프로젝트 기업 모집 공고 및 신청서 양식.hwp,
PBLN_000000000098013,ok,본문출력파일,2024년 R&D 프로젝트 기반 전문 연구인재 양성사업 공고문.pdf,pdf,https://www.bizinfo.go.kr/cmm/fms/fileDown.do?atchFileId=FILE_000000000677007&fileSn=0,1527188,list\PBLN_000000000098013\2024년 R&D 프로젝트 기반 전문 연구인재 양성사업 공고문.pdf,
PBLN_000000000102356,ok,본문출력파일,★240913_2024년 부산형 시니어 적합직무 채용 지원사업 확대 공고문_.pdf,pdf,https://www.bizinfo.go.kr/cmm/fms/fileDown.do?atchFileId=FILE_000000000692161&fileSn=0,870930,list\PBLN_000000000102356\★240913_2024년 부산형 시니어 적합직무 채용 지원사업 확대 공고문_.pdf,
PBLN_000000000095365,ok,본문출력파일,2024년+자활기업+전문인력+지원사업+공고문.pdf,pdf,https://www.bizinfo.go.kr/cmm/fms/fileDown.do?atchFileId=FILE_000000000667909&fileSn=0,362919,list\PBLN_000000000095365\2024년+자활기업+전문인력+지원사업+공고문.pdf,
PBLN_000000000095908,ok,본문출력파일,지역주도형 청년일자리사업 참여기업 모집 통합공고.pdf,pdf,https://www.bizinfo.go.kr/cmm/fms/fileDown.do?atchFileId=FILE_000000000669392&fileSn=0,223762,list\PBLN_000000000095908\지역주도형 청년일자리사업 참여기업 모집 통합공고.pdf,
PBLN_000000000100872,ok,본문출력파일,2024년 중소사업장 현장 안전진단 및 컨설팅 참여업체 모집 재공고문.hwp,hwp,https://www.bizinfo.go.kr/cmm/fms/fileDown.do?atchFileId=FILE_000000000686251&fileSn=0,71168,list\PBLN_000000000100872\2024년 중소사업장 현장 안전진단 및 컨설팅 참여업체 모집 재공고문.hwp,
PBLN_000000000098169,ok,본문출력파일,2024년 기업 주도 일자리 창출 패키지 지원사업.hwp,hwp,https://www.bizinfo.go.kr/cmm/fms/fileDown.do?atchFileId=FILE_000000000677477&fileSn=0,119296,list\PBLN_000000000098169\2024년 기업 주도 일자리 창출 패키지 지원사업.hwp,
PBLN_000000000093737,ok,본문출력파일,[공고문]2024이차전지기업맞춤형채용지원사업공고문.hwp,hwp,https://www.bizinfo.go.kr/cmm/fms/fileDown.do?atchFileId=FILE_000000000663269&fileSn=0,73216,list\PBLN_000000000093737\[공고문]2024이차전지기업맞춤형채용지원사업공고문.hwp,
PBLN_000000000095808,ok,본문출력파일,(공고문) 2024 서울우먼업 인턴십 참여기업 모집(최종).hwp,hwp,https://www.bizinfo.go.kr/cmm/fms/fileDown.do?atchFileId=FILE_000000000669099&fileSn=0,168448,list\PBLN_000000000095808\(공고문) 2024 서울우먼업 인턴십 참여기업 모집(최종).hwp,
PBLN_000000000098702,ok,첨부파일,수정_양식2024년_전북_광역소공인특화지원센터_지원사업_진행과정_및_제출서류_안내_.hwp,hwp,https://www.bizinfo.go.kr/cmm/fms/fileDown.do?atchFileId=FILE_000000000679512&fileSn=0,2821632,list\PBLN_000000000098702\수정_양식2024년_전북_광역소공인특화지원센터_지원사업_진행과정_및_제출서류_안내_.hwp,
PBLN_000000000101813,ok,본문출력파일,첨부1 2024년 인천기업 온라인 채용관 참가기업 추가모집 공고.hwp,hwp,https://www.bizinfo.go.kr/cmm/fms/fileDown.do?atchFileId=FILE_000000000690245&fileSn=0,87040,list\PBLN_000000000101813\첨부1 2024년 인천기업 온라인 채용관 참가기업 추가모집 공고.hwp,
PBLN_000000000100472,ok,본문출력파일,공고문(공주_ 청양).pdf,pdf,https://www.bizinfo.go.kr/cmm/fms/fileDown.do?atchFileId=FILE_000000000684986&fileSn=1,588441,list\PBLN_000000000100472\공고문(공주_ 청양).pdf,
PBLN_000000000095696,ok,본문출력파일,붙임1. 2024년도 정보보호 취업박람회 지원사업 참여기업 모집 공고문.hwp,hwp,https://www.bizinfo.go.kr/cmm/fms/fileDown.do?atchFileId=FILE_000000000668815&fileSn=0,1915392,list\PBLN_000000000095696\붙임1. 2024년도 정보보호 취업박람회 지원사업 참여기업 모집 공고문.hwp,
PBLN_000000000098458,ok,본문출력파일,붙임1. 2024년 제주형 청년 R&D인력 육성사업 추가모집 공고.pdf,pdf,https://www.bizinfo.go.kr/cmm/fms/fileDown.do?atchFileId=FILE_000000000678491&fileSn=0,463457,list\PBLN_000000000098458\붙임1. 2024년 제주형 청년 R&D인력 육성사업 추가모집 공고.pdf,
PBLN_000000000100400,ok,본문출력파일,2024 반도체 연관산업 일자리도약 장려금 공고문(0).pdf,pdf,https://www.bizinfo.go.kr/cmm/fms/fileDown.do?atchFileId=FILE_000000000684805&fileSn=1,227324,list\PBLN_000000000100400\2024 반도체 연관산업 일자리도약 장려금 공고문(0).pdf,
PBLN_000000000098390,no_doc,,,,,0,,
PBLN_000000000098675,ok,본문출력파일,(공고문) 2024년 경기청년 일자리 매치업 취업지원 참여기업 추가 모집.pdf,pdf,https://www.bizinfo.go.kr/cmm/fms/fileDown.do?atchFileId=FILE_000000000679474&fileSn=0,411424,list\PBLN_000000000098675\(공고문) 2024년 경기청년 일자리 매치업 취업지원 참여기업 추가 모집.pdf,
PBLN_000000000095451,ok,본문출력파일,붙임1. 2024년도 미래내일 일경험 사업 신규 참여기업 모집 공고_인턴형_최종_2.hwp,hwp,https://www.bizinfo.go.kr/cmm/fms/fileDown.do?atchFileId=FILE_000000000668193&fileSn=0,126976,list\PBLN_000000000095451\붙임1. 2024년도 미래내일 일경험 사업 신규 참여기업 모집 공고_인턴형_최종_2.hwp,
PBLN_000000000094929,ok,본문출력파일,(공고문) 2024년 4050 풀타임 인턴십 참여기업 모집 공고.pdf,pdf,https://www.bizinfo.go.kr/cmm/fms/fileDown.do?atchFileId=FILE_000000000666582&fileSn=0,356446,list\PBLN_000000000094929\(공고문) 2024년 4050 풀타임 인턴십 참여기업 모집 공고.pdf,
PBLN_000000000099068,ok,본문출력파일,2. 2024년 청년 고용지원사업 공고문_ (2).pdf,pdf,https://www.bizinfo.go.kr/cmm/fms/fileDown.do?atchFileId=FILE_000000000680756&fileSn=0,189901,list\PBLN_000000000099068\2. 2024년 청년 고용지원사업 공고문_ (2).pdf,
PBLN_000000000094165,ok,본문출력파일,계룡시 2024년 중소기업 청년 일자리 지원 사업 참여기업 모집 공고.hwp,hwp,https://www.bizinfo.go.kr/cmm/fms/fileDown.do?atchFileId=FILE_000000000664338&fileSn=1,92160,list\PBLN_000000000094165\계룡시 2024년 중소기업 청년 일자리 지원 사업 참여기업 모집 공고.hwp,
PBLN_000000000096694,ok,본문출력파일,(공고문) 소상공인 사회보험료 2024년 1분기분 지원사업.hwp,hwp,https://www.bizinfo.go.kr/cmm/fms/fileDown.do?atchFileId=FILE_000000000672048&fileSn=0,86529,list\PBLN_000000000096694\(공고문) 소상공인 사회보험료 2024년 1분기분 지원사업.hwp,
PBLN_000000000093818,ok,본문출력파일,2024년_중소기업_기술개발_지원사업_통합_공고.pdf,pdf,https://www.bizinfo.go.kr/cmm/fms/fileDown.do?atchFileId=FILE_000000000663472&fileSn=0,480122,list\PBLN_000000000093818\2024년_중소기업_기술개발_지원사업_통합_공고.pdf,
PBLN_000000000103212,ok,본문출력파일,공고문_2024년 청년연계 K디자인 파워업 사업_고용안정지원금.pdf,pdf,https://www.bizinfo.go.kr/cmm/fms/fileDown.do?atchFileId=FILE_000000000696379&fileSn=0,174699,list\PBLN_000000000103212\공고문_2024년 청년연계 K디자인 파워업 사업_고용안정지원금.pdf,
PBLN_000000000099368,ok,본문출력파일,(공고문)2024치기공환경개선사업_2차공고.pdf,pdf,https://www.bizinfo.go.kr/cmm/fms/fileDown.do?atchFileId=FILE_000000000681766&fileSn=0,164265,list\PBLN_000000000099368\(공고문)2024치기공환경개선사업_2차공고.pdf,
PBLN_000000000093793,ok,본문출력파일,2024년 용인시 중소기업 노동자 기숙사 임차비 지원사업 공고문.hwp,hwp,https://www.bizinfo.go.kr/cmm/fms/fileDown.do?atchFileId=FILE_000000000663426&fileSn=0,148992,list\PBLN_000000000093793\2024년 용인시 중소기업 노동자 기숙사 임차비 지원사업 공고문.hwp,
PBLN_000000000099041,ok,본문출력파일,작업환경 개선사업 공고문_하반기.hwp,hwp,https://www.bizinfo.go.kr/cmm/fms/fileDown.do?atchFileId=FILE_000000000680651&fileSn=1,122368,list\PBLN_000000000099041\작업환경 개선사업 공고문_하반기.hwp,
PBLN_000000000101494,ok,본문출력파일,공고문(천안_공주_아산_청양).pdf,pdf,https://www.bizinfo.go.kr/cmm/fms/fileDown.do?atchFileId=FILE_000000000688975&fileSn=0,346070,list\PBLN_000000000101494\공고문(천안_공주_아산_청양).pdf,
PBLN_000000000101043,ok,본문출력파일,2024년 지역주도형 청년일자리 사업 추가모집 통합 공고.pdf,pdf,https://www.bizinfo.go.kr/cmm/fms/fileDown.do?atchFileId=FILE_000000000687161&fileSn=0,393661,list\PBLN_000000000101043\2024년 지역주도형 청년일자리 사업 추가모집 통합 공고.pdf,
PBLN_000000000103216,ok,본문출력파일,2024년 석유화학업종 일자리 도약장려금 지원사업 모집공고.hwp,hwp,https://www.bizinfo.go.kr/cmm/fms/fileDown.do?atchFileId=FILE_000000000696397&fileSn=0,119296,list\PBLN_000000000103216\2024년 석유화학업종 일자리 도약장려금 지원사업 모집공고.hwp,
PBLN_000000000101075,ok,본문출력파일,2024년전남청년근속장려금지원사업참여기업추가모집(4차)공고.pdf,pdf,https://www.bizinfo.go.kr/cmm/fms/fileDown.do?atchFileId=FILE_000000000687353&fileSn=0,160417,list\PBLN_000000000101075\2024년전남청년근속장려금지원사업참여기업추가모집(4차)공고.pdf,
PBLN_000000000101062,ok,본문출력파일,상생협약 확산 지원사업 모집 수정 공고.pdf,pdf,https://www.bizinfo.go.kr/cmm/fms/fileDown.do?atchFileId=FILE_000000000687286&fileSn=1,602645,list\PBLN_000000000101062\상생협약 확산 지원사업 모집 수정 공고.pdf,
PBLN_000000000099712,ok,본문출력파일,2024년 제주관광 일자리채움 지원금 추가모집 공고(2024_1.hwp,hwp,https://www.bizinfo.go.kr/cmm/fms/fileDown.do?atchFileId=FILE_000000000682703&fileSn=0,107008,list\PBLN_000000000099712\2024년 제주관광 일자리채움 지원금 추가모집 공고(2024_1.hwp,
PBLN_000000000102097,ok,본문출력파일,안내문+및+기업+참가신청서.pdf,pdf,https://www.bizinfo.go.kr/cmm/fms/fileDown.do?atchFileId=FILE_000000000691364&fileSn=0,172897,list\PBLN_000000000102097\안내문+및+기업+참가신청서.pdf,
PBLN_000000000094484,ok,본문출력파일,[모집요강 및 양식] 2024 청년디자이너 인턴십 지원 사업(최종).hwp,hwp,https://www.bizinfo.go.kr/cmm/fms/fileDown.do?atchFileId=FILE_000000000665318&fileSn=0,89600,list\PBLN_000000000094484\[모집요강 및 양식] 2024 청년디자이너 인턴십 지원 사업(최종).hwp,
PBLN_000000000094494,ok,본문출력파일,[공고]+신산업+기업체+청년+현장실습비+지원사업+신규+참여기업+모집.pdf,pdf,https://www.bizinfo.go.kr/cmm/fms/fileDown.do?atchFileId=FILE_000000000665380&fileSn=0,245926,list\PBLN_000000000094494\[공고]+신산업+기업체+청년+현장실습비+지원사업+신규+참여기업+모집.pdf,
PBLN_000000000102951,ok,본문출력파일,2024년 전남 청년 근속장려금 지원사업 참여기업 추가모집 공고문 및 신청서.hwp,hwp,https://www.bizinfo.go.kr/cmm/fms/fileDown.do?atchFileId=FILE_000000000694947&fileSn=0,91136,list\PBLN_000000000102951\2024년 전남 청년 근속장려금 지원사업 참여기업 추가모집 공고문 및 신청서.hwp,
PBLN_000000000093961,ok,본문출력파일,(공고문)_2024년_스타트업_AI_기술인력_양성(이어드림_스쿨)_교육생_모집_공고.hwp,hwp,https://www.bizinfo.go.kr/cmm/fms/fileDown.do?atchFileId=FILE_000000000663798&fileSn=0,131584,list\PBLN_000000000093961\(공고문)_2024년_스타트업_AI_기술인력_양성(이어드림_스쿨)_교육생_모집_공고.hwp,
PBLN_000000000103225,ok,본문출력파일,2024년 석유화학업종 일자리 채움 지원금 지원사업 모집 변경공고.pdf,pdf,https://www.bizinfo.go.kr/cmm/fms/fileDown.do?atchFileId=FILE_000000000696362&fileSn=0,474872,list\PBLN_000000000103225\2024년 석유화학업종 일자리 채움 지원금 지원사업 모집 변경공고.pdf,
PBLN_000000000100321,ok,첨부파일,2024 미래내일 청년 일경험 사업 3기 참여기업 모집 공고.hwp,hwp,https://www.bizinfo.go.kr/cmm/fms/fileDown.do?atchFileId=FILE_000000000684439&fileSn=0,48128,list\PBLN_000000000100321\2024 미래내일 청년 일경험 사업 3기 참여기업 모집 공고.hwp,
PBLN_000000000093634,ok,본문출력파일,2024년+고령자친화기업+공고문(최종).pdf,pdf,https://www.bizinfo.go.kr/cmm/fms/fileDown.do?atchFileId=FILE_000000000662933&fileSn=0,731508,list\PBLN_000000000093634\2024년+고령자친화기업+공고문(최종).pdf,
PBLN_000000000095004,ok,본문출력파일,공고문_2024년디자인-기술협업인력지원사업_기업모집.pdf,pdf,https://www.bizinfo.go.kr/cmm/fms/fileDown.do?atchFileId=FILE_000000000666749&fileSn=0,244139,list\PBLN_000000000095004\공고문_2024년디자인-기술협업인력지원사업_기업모집.pdf,
PBLN_000000000095709,ok,본문출력파일,2024년 미래 청년 일자리 사업 참여기업(사업장) 모집 공고문(완)_.hwp,hwp,https://www.bizinfo.go.kr/cmm/fms/fileDown.do?atchFileId=FILE_000000000668835&fileSn=3,207360,list\PBLN_000000000095709\2024년 미래 청년 일자리 사업 참여기업(사업장) 모집 공고문(완)_.hwp,
PBLN_000000000098190,ok,본문출력파일,★ 2024년도 경기도 방송미디어 청년 인턴십 참여기업 모집 공고문_최종.pdf,pdf,https://www.bizinfo.go.kr/cmm/fms/fileDown.do?atchFileId=FILE_000000000677475&fileSn=0,239082,list\PBLN_000000000098190\★ 2024년도 경기도 방송미디어 청년 인턴십 참여기업 모집 공고문_최종.pdf,
PBLN_000000000102418,ok,본문출력파일,붙임_1._모집공고.pdf,pdf,https://www.bizinfo.go.kr/cmm/fms/fileDown.do?atchFileId=FILE_000000000692423&fileSn=0,156210,list\PBLN_000000000102418\붙임_1._모집공고.pdf,
PBLN_000000000101086,ok,본문출력파일,2025년 기업환경 개선사업 수요 조사 공고문.pdf,pdf,https://www.bizinfo.go.kr/cmm/fms/fileDown.do?atchFileId=FILE_000000000687351&fileSn=0,220714,list\PBLN_000000000101086\2025년 기업환경 개선사업 수요 조사 공고문.pdf,
PBLN_000000000103217,ok,첨부파일,2025학년도 전기 신입학 추가 모집요강(계약학과).hwp,hwp,https://www.bizinfo.go.kr/cmm/fms/fileDown.do?atchFileId=FILE_000000000696444&fileSn=0,259584,list\PBLN_000000000103217\2025학년도 전기 신입학 추가 모집요강(계약학과).hwp,
PBLN_000000000093968,ok,본문출력파일,[대구] 2024년 「중소 제조기업 근로자 기숙사 임차비 지원사업」참가기업 모집 공고.pdf,pdf,https://www.bizinfo.go.kr/cmm/fms/fileDown.do?atchFileId=FILE_000000000663812&fileSn=0,350376,list\PBLN_000000000093968\[대구] 2024년 「중소 제조기업 근로자 기숙사 임차비 지원사업」참가기업 모집 공고.pdf,
PBLN_000000000095190,ok,본문출력파일,산업일자리전환 지원금 사업 시행 공고문(게시).hwp,hwp,https://www.bizinfo.go.kr/cmm/fms/fileDown.do?atchFileId=FILE_000000000667389&fileSn=0,118272,list\PBLN_000000000095190\산업일자리전환 지원금 사업 시행 공고문(게시).hwp,
PBLN_000000000102579,ok,본문출력파일,2024년 지역주도형 청년일자리사업 추가모집 공고.pdf,pdf,https://www.bizinfo.go.kr/cmm/fms/fileDown.do?atchFileId=FILE_000000000693210&fileSn=0,232427,list\PBLN_000000000102579\2024년 지역주도형 청년일자리사업 추가모집 공고.pdf,
PBLN_000000000099351,ok,본문출력파일,[붙임] 중소·중견기업 인력파견 사업 공고_20240712.pdf,pdf,https://www.bizinfo.go.kr/cmm/fms/fileDown.do?atchFileId=FILE_000000000681654&fileSn=0,134161,list\PBLN_000000000099351\[붙임] 중소·중견기업 인력파견 사업 공고_20240712.pdf,
PBLN_000000000101945,ok,본문출력파일,20240930104626139_hscity69_[공고문]2024년 신중년 고용지원사업 참여기업 모집 공고.hwp,hwp,https://www.bizinfo.go.kr/cmm/fms/fileDown.do?atchFileId=FILE_000000000690700&fileSn=0,93184,list\PBLN_000000000101945\20240930104626139_hscity69_[공고문]2024년 신중년 고용지원사업 참여기업 모집 공고.hwp,
PBLN_000000000095793,ok,본문출력파일,2024 보건복지부 시니어인턴십 안내.pdf,pdf,https://www.bizinfo.go.kr/cmm/fms/fileDown.do?atchFileId=FILE_000000000669111&fileSn=0,265219,list\PBLN_000000000095793\2024 보건복지부 시니어인턴십 안내.pdf,
PBLN_000000000100364,ok,본문출력파일,[공고] 2024년 「중소기업 청년근로자 기숙사 임차비 지원사업」 참여기업 모집공고(추가).pdf,pdf,https://www.bizinfo.go.kr/cmm/fms/fileDown.do?atchFileId=FILE_000000000684583&fileSn=0,500447,list\PBLN_000000000100364\[공고] 2024년 「중소기업 청년근로자 기숙사 임차비 지원사업」 참여기업 모집공고(추가).pdf,
PBLN_000000000098271,ok,본문출력파일,1.(기업지원)상생_일자리도약_장려금_공고문_및_신청서.hwp,hwp,https://www.bizinfo.go.kr/cmm/fms/fileDown.do?atchFileId=FILE_000000000677880&fileSn=1,212480,list\PBLN_000000000098271\1.(기업지원)상생_일자리도약_장려금_공고문_및_신청서.hwp,
PBLN_000000000094932,ok,본문출력파일,(공고문) 2024년 4050 파트타임 인턴십 참여기업 모집공고문.pdf,pdf,https://www.bizinfo.go.kr/cmm/fms/fileDown.do?atchFileId=FILE_000000000666584&fileSn=0,482206,list\PBLN_000000000094932\(공고문) 2024년 4050 파트타임 인턴십 참여기업 모집공고문.pdf,
PBLN_000000000101700,ok,본문출력파일,대구 자동차부품 상생협약 확산 지원 사업 참여기업 모집공고(3차모집).pdf,pdf,https://www.bizinfo.go.kr/cmm/fms/fileDown.do?atchFileId=FILE_000000000689834&fileSn=0,277003,list\PBLN_000000000101700\대구 자동차부품 상생협약 확산 지원 사업 참여기업 모집공고(3차모집).pdf,
PBLN_000000000098758,ok,첨부파일,(서식)_2024년_벤처기업_공동채용_사업참여_신청서_및_동의서.hwp,hwp,https://www.bizinfo.go.kr/cmm/fms/fileDown.do?atchFileId=FILE_000000000679706&fileSn=1,71680,list\PBLN_000000000098758\(서식)_2024년_벤처기업_공동채용_사업참여_신청서_및_동의서.hwp,
PBLN_000000000103278,ok,본문출력파일,기획사·제작사(펠로우십 지원단체) 공모 공고문.pdf,pdf,https://www.bizinfo.go.kr/cmm/fms/fileDown.do?atchFileId=FILE_000000000696791&fileSn=0,258139,list\PBLN_000000000103278\기획사·제작사(펠로우십 지원단체) 공모 공고문.pdf,
PBLN_000000000096179,ok,본문출력파일,2024년 가족친화경영 지원 공고문.pdf,pdf,https://www.bizinfo.go.kr/cmm/fms/fileDown.do?atchFileId=FILE_000000000670151&fileSn=0,272407,list\PBLN_000000000096179\2024년 가족친화경영 지원 공고문.pdf,
PBLN_000000000097716,ok,본문출력파일,1. 2024 게임기업 맞춤형 인턴십 지원사업(2차모집) 공고문.pdf,pdf,https://www.bizinfo.go.kr/cmm/fms/fileDown.do?atchFileId=FILE_000000000676054&fileSn=0,619836,list\PBLN_000000000097716\1. 2024 게임기업 맞춤형 인턴십 지원사업(2차모집) 공고문.pdf,
PBLN_000000000099872,ok,본문출력파일,공고문(2024년 중소기업 환경개선 지원사업 추가모집_3차).hwp,hwp,https://www.bizinfo.go.kr/cmm/fms/fileDown.do?atchFileId=FILE_000000000683196&fileSn=0,141824,list\PBLN_000000000099872\공고문(2024년 중소기업 환경개선 지원사업 추가모집_3차).hwp,
PBLN_000000000097939,ok,본문출력파일,2024년_포천시가구공예소공인특화지원센터_사업공고_및_신청서식(재공고)_1부.hwp,hwp,https://www.bizinfo.go.kr/cmm/fms/fileDown.do?atchFileId=FILE_000000000676765&fileSn=0,1756672,list\PBLN_000000000097939\2024년_포천시가구공예소공인특화지원센터_사업공고_및_신청서식(재공고)_1부.hwp,
PBLN_000000000102723,ok,본문출력파일,2025년 청년층 인턴형 일자리사업(동계) 참여기업 모집 공고문.hwp,hwp,https://www.bizinfo.go.kr/cmm/fms/fileDown.do?atchFileId=FILE_000000000693799&fileSn=0,178688,list\PBLN_000000000102723\2025년 청년층 인턴형 일자리사업(동계) 참여기업 모집 공고문.hwp,
PBLN_000000000094156,ok,본문출력파일,첨부_2024년도 스마트 안전장비 보조지원 공고문(상시)_최종.pdf,pdf,https://www.bizinfo.go.kr/cmm/fms/fileDown.do?atchFileId=FILE_000000000664359&fileSn=0,1514538,list\PBLN_000000000094156\첨부_2024년도 스마트 안전장비 보조지원 공고문(상시)_최종.pdf,
PBLN_000000000095625,ok,첨부파일,[이노비즈협회] 2023 뉴딜일자리사업_교육 과정(안) 안내.pdf,pdf,https://www.bizinfo.go.kr/cmm/fms/fileDown.do?atchFileId=FILE_000000000668721&fileSn=0,148472,list\PBLN_000000000095625\[이노비즈협회] 2023 뉴딜일자리사업_교육 과정(안) 안내.pdf,
PBLN_000000000095475,ok,본문출력파일,2024년+체계적+현장훈련(S-OJT)+참여기업+모집+공고문.hwp,hwp,https://www.bizinfo.go.kr/cmm/fms/fileDown.do?atchFileId=FILE_000000000668225&fileSn=0,100864,list\PBLN_000000000095475\2024년+체계적+현장훈련(S-OJT)+참여기업+모집+공고문.hwp,
PBLN_000000000095655,ok,본문출력파일,240226 2024년 청년재직자 내일채움공제 가입장려금 공고문.hwp,hwp,https://www.bizinfo.go.kr/cmm/fms/fileDown.do?atchFileId=FILE_000000000668730&fileSn=0,151041,list\PBLN_000000000095655\240226 2024년 청년재직자 내일채움공제 가입장려금 공고문.hwp,
PBLN_000000000100219,ok,본문출력파일,남구다운_창업_지원사업_공고_240724.pdf,pdf,https://www.bizinfo.go.kr/cmm/fms/fileDown.do?atchFileId=FILE_000000000683940&fileSn=0,372213,list\PBLN_000000000100219\남구다운_창업_지원사업_공고_240724.pdf,
PBLN_000000000099257,ok,본문출력파일,공고문.pdf,pdf,https://www.bizinfo.go.kr/cmm/fms/fileDown.do?atchFileId=FILE_000000000681411&fileSn=0,955890,list\PBLN_000000000099257\공고문.pdf,
PBLN_000000000099885,ok,본문출력파일,2024년 민간기업 노인 고용장려금 지원계획 공고문.hwp,hwp,https://www.bizinfo.go.kr/cmm/fms/fileDown.do?atchFileId=FILE_000000000683244&fileSn=0,366080,list\PBLN_000000000099885\2024년 민간기업 노인 고용장려금 지원계획 공고문.hwp,
PBLN_000000000100778,ok,본문출력파일,★금정구고용창출우수기업선정공고문(안).pdf,pdf,https://www.bizinfo.go.kr/cmm/fms/fileDown.do?atchFileId=FILE_000000000685943&fileSn=0,210640,list\PBLN_000000000100778\★금정구고용창출우수기업선정공고문(안).pdf,
PBLN_000000000102289,ok,본문출력파일,[공고]2차_지역발전 우수기업 환경개선.pdf,pdf,https://www.bizinfo.go.kr/cmm/fms/fileDown.do?atchFileId=FILE_000000000691929&fileSn=0,323915,list\PBLN_000000000102289\[공고]2차_지역발전 우수기업 환경개선.pdf,
PBLN_000000000093665,ok,본문출력파일,[공고문]+산학연계+현장실습+지원사업+참여기업+모집+공고문(24년+1학기).hwp,hwp,https://www.bizinfo.go.kr/cmm/fms/fileDown.do?atchFileId=FILE_000000000662857&fileSn=0,1600512,list\PBLN_000000000093665\[공고문]+산학연계+현장실습+지원사업+참여기업+모집+공고문(24년+1학기).hwp,
PBLN_000000000101592,ok,본문출력파일,공고문자동차 부품업종 일자리 도약장려금2차.pdf,pdf,https://www.bizinfo.go.kr/cmm/fms/fileDown.do?atchFileId=FILE_000000000689451&fileSn=0,367121,list\PBLN_000000000101592\공고문자동차 부품업종 일자리 도약장려금2차.pdf,
PBLN_000000000096999,ok,본문출력파일,2024년 노동안전보건 우수기업 인증사업 모집 공고문.pdf,pdf,https://www.bizinfo.go.kr/cmm/fms/fileDown.do?atchFileId=FILE_000000000673322&fileSn=0,230840,list\PBLN_000000000096999\2024년 노동안전보건 우수기업 인증사업 모집 공고문.pdf,
PBLN_000000000101344,ok,본문출력파일,공고문.pdf,pdf,https://www.bizinfo.go.kr/cmm/fms/fileDown.do?atchFileId=FILE_000000000688386&fileSn=0,73340,list\PBLN_000000000101344\공고문.pdf,
PBLN_000000000098096,no_doc,,,,,0,,
PBLN_000000000100571,ok,본문출력파일,1.(기업지원)상생_일자리도약_장려금_공고문_및_신청서(2차).hwp,hwp,https://www.bizinfo.go.kr/cmm/fms/fileDown.do?atchFileId=FILE_000000000685256&fileSn=0,249856,list\PBLN_000000000100571\1.(기업지원)상생_일자리도약_장려금_공고문_및_신청서(2차).hwp,
PBLN_000000000098551,ok,본문출력파일,★_2024년_아임챌린지_모집공고문.pdf,pdf,https://www.bizinfo.go.kr/cmm/fms/fileDown.do?atchFileId=FILE_000000000678868&fileSn=0,197995,list\PBLN_000000000098551\★_2024년_아임챌린지_모집공고문.pdf,
PBLN_000000000094521,ok,본문출력파일,붙임. 2024년 청년연계 K디자인 파워업 모집공고문.pdf,pdf,https://www.bizinfo.go.kr/cmm/fms/fileDown.do?atchFileId=FILE_000000000665397&fileSn=0,369737,list\PBLN_000000000094521\붙임. 2024년 청년연계 K디자인 파워업 모집공고문.pdf,
PBLN_000000000098056,ok,본문출력파일,붙임1. (공고문) 2024년 현장실습지원사업 추가 모집공고문(2024학년도 하계 계절제).pdf,pdf,https://www.bizinfo.go.kr/cmm/fms/fileDown.do?atchFileId=FILE_000000000677134&fileSn=0,351378,list\PBLN_000000000098056\붙임1. (공고문) 2024년 현장실습지원사업 추가 모집공고문(2024학년도 하계 계절제).pdf,
PBLN_000000000096323,ok,본문출력파일,[붙임1] 2024 게임기업 맞춤형 인턴십 지원사업 공고문.pdf,pdf,https://www.bizinfo.go.kr/cmm/fms/fileDown.do?atchFileId=FILE_000000000670516&fileSn=0,602693,list\PBLN_000000000096323\[붙임1] 2024 게임기업 맞춤형 인턴십 지원사업 공고문.pdf,
PBLN_000000000094623,ok,본문출력파일,2024년 FTA 지원사업 통합공고문.pdf,pdf,https://www.bizinfo.go.kr/cmm/fms/fileDown.do?atchFileId=FILE_000000000665669&fileSn=0,906214,list\PBLN_000000000094623\2024년 FTA 지원사업 통합공고문.pdf,
PBLN_000000000096970,ok,본문출력파일,붙임 1. 2024년 경남 청년 메타버스 UX 디자이너 육성지원사업 참여기업 추가모집 공고문(지역주도형 청년일자리사업(지역혁신형)).pdf,pdf,https://www.bizinfo.go.kr/cmm/fms/fileDown.do?atchFileId=FILE_000000000673124&fileSn=0,397182,list\PBLN_000000000096970\붙임 1. 2024년 경남 청년 메타버스 UX 디자이너 육성지원사업 참여기업 추가모집 공고문(지역주도형 청년일자리사업(지역혁신형)).pdf,
PBLN_000000000099915,ok,본문출력파일,붙임1. (공고문) 2024년 현장실습비지원사업 모집 공고문(2024학년도 2학기 학기제).pdf,pdf,https://www.bizinfo.go.kr/cmm/fms/fileDown.do?atchFileId=FILE_000000000683321&fileSn=0,301724,list\PBLN_000000000099915\붙임1. (공고문) 2024년 현장실습비지원사업 모집 공고문(2024학년도 2학기 학기제).pdf,
PBLN_000000000099205,ok,본문출력파일,붙임1.+(공고문)블록체인+지역특화산업+청년일자리+지원사업+모집공고.pdf,pdf,https://www.bizinfo.go.kr/cmm/fms/fileDown.do?atchFileId=FILE_000000000681183&fileSn=0,205894,list\PBLN_000000000099205\붙임1.+(공고문)블록체인+지역특화산업+청년일자리+지원사업+모집공고.pdf,
PBLN_000000000100300,ok,본문출력파일,[붙임1]2024년도 「기업환경개선 사업」 참여 기업체 모집 공고.pdf,pdf,https://www.bizinfo.go.kr/cmm/fms/fileDown.do?atchFileId=FILE_000000000684520&fileSn=0,101701,list\PBLN_000000000100300\[붙임1]2024년도 「기업환경개선 사업」 참여 기업체 모집 공고.pdf,
PBLN_000000000099601,ok,본문출력파일,240812_2024년_항공산업_이중구조_개선사업_참여자_모집_수정_공고_최종★.pdf,pdf,https://www.bizinfo.go.kr/cmm/fms/fileDown.do?atchFileId=FILE_000000000682329&fileSn=2,875534,list\PBLN_000000000099601\240812_2024년_항공산업_이중구조_개선사업_참여자_모집_수정_공고_최종★.pdf,
PBLN_000000000103069,ok,본문출력파일,2024년도_세종시_산업단지_근로자_기숙사_임차비_지원사업_추가모집_연장_공고.pdf,pdf,https://www.bizinfo.go.kr/cmm/fms/fileDown.do?atchFileId=FILE_000000000695544&fileSn=0,605438,list\PBLN_000000000103069\2024년도_세종시_산업단지_근로자_기숙사_임차비_지원사업_추가모집_연장_공고.pdf,
PBLN_000000000103174,ok,본문출력파일,[공고]2024년도+신산업+연계+청년일자리+창출사업+현장실습+지원사업+6차+모집.pdf,pdf,https://www.bizinfo.go.kr/cmm/fms/fileDown.do?atchFileId=FILE_000000000696172&fileSn=0,349489,list\PBLN_000000000103174\[공고]2024년도+신산업+연계+청년일자리+창출사업+현장실습+지원사업+6차+모집.pdf,
PBLN_000000000094485,ok,본문출력파일,2024년도 FTA 지원사업 통합공고.pdf,pdf,https://www.bizinfo.go.kr/cmm/fms/fileDown.do?atchFileId=FILE_000000000665348&fileSn=0,8309935,list\PBLN_000000000094485\2024년도 FTA 지원사업 통합공고.pdf,
PBLN_000000000101358,ok,첨부파일,붙임 2. 역량강화를 위한 재직자 바우처 지원 신청서(재직자).hwp,hwp,https://www.bizinfo.go.kr/cmm/fms/fileDown.do?atchFileId=FILE_000000000688469&fileSn=0,43008,list\PBLN_000000000101358\붙임 2. 역량강화를 위한 재직자 바우처 지원 신청서(재직자).hwp,
PBLN_000000000100092,ok,본문출력파일,2024 3차 퇴직자·재직자 역량강화 지원사업 신청 (경력직 채용 인건비 지원).pdf,pdf,https://www.bizinfo.go.kr/cmm/fms/fileDown.do?atchFileId=FILE_000000000683895&fileSn=0,204745,list\PBLN_000000000100092\2024 3차 퇴직자·재직자 역량강화 지원사업 신청 (경력직 채용 인건비 지원).pdf,
PBLN_000000000096067,ok,본문출력파일,2024 재직자교육프로그램 공고문.pdf,pdf,https://www.bizinfo.go.kr/cmm/fms/fileDown.do?atchFileId=FILE_000000000669838&fileSn=0,96392,list\PBLN_000000000096067\2024 재직자교육프로그램 공고문.pdf,
PBLN_000000000097805,ok,본문출력파일,참여기업 모집 안내문.pdf,pdf,https://www.bizinfo.go.kr/cmm/fms/fileDown.do?atchFileId=FILE_000000000676306&fileSn=0,122747,list\PBLN_000000000097805\참여기업 모집 안내문.pdf,
PBLN_000000000095476,ok,본문출력파일,2024년 일학습병행 학습기업 모집공고.hwp,hwp,https://www.bizinfo.go.kr/cmm/fms/fileDown.do?atchFileId=FILE_000000000668229&fileSn=0,304128,list\PBLN_000000000095476\2024년 일학습병행 학습기업 모집공고.hwp,
PBLN_000000000102550,ok,본문출력파일,2024년 전남 청년 근속장려금 지원사업 참여기업 3차 모집 공고문.pdf,pdf,https://www.bizinfo.go.kr/cmm/fms/fileDown.do?atchFileId=FILE_000000000693102&fileSn=0,468972,list\PBLN_000000000102550\2024년 전남 청년 근속장려금 지원사업 참여기업 3차 모집 공고문.pdf,
PBLN_000000000100217,no_doc,,,,,0,,
PBLN_000000000095559,ok,본문출력파일,2024년 신중년 고용지원사업 참여기업 모집 공고문.pdf,pdf,https://www.bizinfo.go.kr/cmm/fms/fileDown.do?atchFileId=FILE_000000000668484&fileSn=0,270770,list\PBLN_000000000095559\2024년 신중년 고용지원사업 참여기업 모집 공고문.pdf,
PBLN_000000000097889,ok,본문출력파일,[공고] 미래내일 일경험 사업 참여기업 모집 공고_KMA.hwp,hwp,https://www.bizinfo.go.kr/cmm/fms/fileDown.do?atchFileId=FILE_000000000676554&fileSn=0,933888,list\PBLN_000000000097889\[공고] 미래내일 일경험 사업 참여기업 모집 공고_KMA.hwp,
PBLN_000000000094197,ok,본문출력파일,2024년 중소기업 특성화고 인력양성사업 참여기관 모집 공고.pdf,pdf,https://www.bizinfo.go.kr/cmm/fms/fileDown.do?atchFileId=FILE_000000000664456&fileSn=2,687294,list\PBLN_000000000094197\2024년 중소기업 특성화고 인력양성사업 참여기관 모집 공고.pdf,
PBLN_000000000099543,ok,본문출력파일,2024년 IT 기술기반 청년인재 기업매칭 지원사업 참여기업 모집 공고문.pdf,pdf,https://www.bizinfo.go.kr/cmm/fms/fileDown.do?atchFileId=FILE_000000000682192&fileSn=0,81376,list\PBLN_000000000099543\2024년 IT 기술기반 청년인재 기업매칭 지원사업 참여기업 모집 공고문.pdf,
PBLN_000000000095474,ok,본문출력파일,2024년도+사업주+직업능력개발훈련+사업+운영+공고문(최종).hwp,hwp,https://www.bizinfo.go.kr/cmm/fms/fileDown.do?atchFileId=FILE_000000000668221&fileSn=0,233472,list\PBLN_000000000095474\2024년도+사업주+직업능력개발훈련+사업+운영+공고문(최종).hwp,
PBLN_000000000097208,ok,본문출력파일,2024년 신산업플러스 일자리창출 우수기업 지원사업 참여업체 추가모집 공고문.pdf,pdf,https://www.bizinfo.go.kr/cmm/fms/fileDown.do?atchFileId=FILE_000000000674085&fileSn=0,405660,list\PBLN_000000000097208\2024년 신산업플러스 일자리창출 우수기업 지원사업 참여업체 추가모집 공고문.pdf,
PBLN_000000000094498,ok,첨부파일,(서식) 2023년 벤처스타트업 아카데미 사업 구인신청서.hwp,hwp,https://www.bizinfo.go.kr/cmm/fms/fileDown.do?atchFileId=FILE_000000000665390&fileSn=0,91648,list\PBLN_000000000094498\(서식) 2023년 벤처스타트업 아카데미 사업 구인신청서.hwp,
PBLN_000000000095894,ok,본문출력파일,「2024년 농식품 벤처창업 인턴제」 멘토기업 및 인턴모집 공고문.hwp,hwp,https://www.bizinfo.go.kr/cmm/fms/fileDown.do?atchFileId=FILE_000000000669385&fileSn=0,88576,list\PBLN_000000000095894\「2024년 농식품 벤처창업 인턴제」 멘토기업 및 인턴모집 공고문.hwp,
PBLN_000000000101928,ok,본문출력파일,붙임1._전남형_석유화학업종_상생협약_확산_지원사업_추가모집_공고문.hwp,hwp,https://www.bizinfo.go.kr/cmm/fms/fileDown.do?atchFileId=FILE_000000000690674&fileSn=0,150016,list\PBLN_000000000101928\붙임1._전남형_석유화학업종_상생협약_확산_지원사업_추가모집_공고문.hwp,
PBLN_000000000100186,ok,본문출력파일,2024년+전북+자동차업종+상생협약+확산+지원사업_2차+모집공고.pdf,pdf,https://www.bizinfo.go.kr/cmm/fms/fileDown.do?atchFileId=FILE_000000000684093&fileSn=0,273014,list\PBLN_000000000100186\2024년+전북+자동차업종+상생협약+확산+지원사업_2차+모집공고.pdf,
PBLN_000000000099949,ok,본문출력파일,2024년 청년 취업지원 희망프로젝트 사업 공고(24.7월).pdf,pdf,https://www.bizinfo.go.kr/cmm/fms/fileDown.do?atchFileId=FILE_000000000683469&fileSn=0,198938,list\PBLN_000000000099949\2024년 청년 취업지원 희망프로젝트 사업 공고(24.7월).pdf,
PBLN_000000000100546,no_doc,,,,,0,,
PBLN_000000000100578,ok,본문출력파일,2024 부산콘텐츠인력 Grow-up 채용지원사업 추가모집 공고문 및 서식.hwp,hwp,https://www.bizinfo.go.kr/cmm/fms/fileDown.do?atchFileId=FILE_000000000685333&fileSn=1,89600,list\PBLN_000000000100578\2024 부산콘텐츠인력 Grow-up 채용지원사업 추가모집 공고문 및 서식.hwp,
PBLN_000000000101413,ok,본문출력파일,자조모임 운영지원 수정 공고.pdf,pdf,https://www.bizinfo.go.kr/cmm/fms/fileDown.do?atchFileId=FILE_000000000688706&fileSn=0,262276,list\PBLN_000000000101413\자조모임 운영지원 수정 공고.pdf,
PBLN_000000000098399,ok,본문출력파일,2024 현장실무 연수프로그램 추진계획 v2.1.hwp,hwp,https://www.bizinfo.go.kr/cmm/fms/fileDown.do?atchFileId=FILE_000000000678302&fileSn=0,112640,list\PBLN_000000000098399\2024 현장실무 연수프로그램 추진계획 v2.1.hwp,
PBLN_000000000098439,ok,본문출력파일,[공고문]2024이차전지기업맞춤형채용지원사업2차공고문.hwp,hwp,https://www.bizinfo.go.kr/cmm/fms/fileDown.do?atchFileId=FILE_000000000678487&fileSn=0,150528,list\PBLN_000000000098439\[공고문]2024이차전지기업맞춤형채용지원사업2차공고문.hwp,
PBLN_000000000093506,ok,본문출력파일,2024년 기업 정주여건 개선사업 안내문.hwp,hwp,https://www.bizinfo.go.kr/cmm/fms/fileDown.do?atchFileId=FILE_000000000662551&fileSn=0,181760,list\PBLN_000000000093506\2024년 기업 정주여건 개선사업 안내문.hwp,
PBLN_000000000102694,ok,본문출력파일,붙임1._상생_환경개선_지원사업(온열질환예방_화재ㆍ안전사고예방)_공고문_및_신청서_(4차).pdf,pdf,https://www.bizinfo.go.kr/cmm/fms/fileDown.do?atchFileId=FILE_000000000693716&fileSn=0,380617,list\PBLN_000000000102694\붙임1._상생_환경개선_지원사업(온열질환예방_화재ㆍ안전사고예방)_공고문_및_신청서_(4차).pdf,
PBLN_000000000095358,no_doc,,,,,0,,
PBLN_000000000095889,ok,본문출력파일,2024년 서울시 중소기업협동조합 일자리 지원사업 모집 공고문(최종).hwp,hwp,https://www.bizinfo.go.kr/cmm/fms/fileDown.do?atchFileId=FILE_000000000669370&fileSn=0,86016,list\PBLN_000000000095889\2024년 서울시 중소기업협동조합 일자리 지원사업 모집 공고문(최종).hwp,
PBLN_000000000097060,ok,본문출력파일,2024년_상권전문관리자_양성기관_모집공고.hwp,hwp,https://www.bizinfo.go.kr/cmm/fms/fileDown.do?atchFileId=FILE_000000000673478&fileSn=0,134656,list\PBLN_000000000097060\2024년_상권전문관리자_양성기관_모집공고.hwp,
PBLN_000000000101315,ok,첨부파일,[2024 벤처스타트업 SW개발인재 매칭 페스티벌] 기업 참가 안내문.pdf,pdf,https://www.bizinfo.go.kr/cmm/fms/fileDown.do?atchFileId=FILE_000000000688382&fileSn=0,806963,list\PBLN_000000000101315\[2024 벤처스타트업 SW개발인재 매칭 페스티벌] 기업 참가 안내문.pdf,
PBLN_000000000095907,ok,본문출력파일,2024년도 인문계열 졸업청년 취업경로 전환지원사업 참여기업 모집 공고.hwp,hwp,https://www.bizinfo.go.kr/cmm/fms/fileDown.do?atchFileId=FILE_000000000669390&fileSn=0,109568,list\PBLN_000000000095907\2024년도 인문계열 졸업청년 취업경로 전환지원사업 참여기업 모집 공고.hwp,
PBLN_000000000101675,ok,본문출력파일,붙임1-1.외국인유학생기술창업지원사업(창업기업인턴십프로그램)공고문.pdf,pdf,https://www.bizinfo.go.kr/cmm/fms/fileDown.do?atchFileId=FILE_000000000689730&fileSn=0,181402,list\PBLN_000000000101675\붙임1-1.외국인유학생기술창업지원사업(창업기업인턴십프로그램)공고문.pdf,
PBLN_000000000097774,ok,본문출력파일,붙임. [환산협공고 제2024-20호] 「2024년 퇴직전문가 중소기업 기술지원」 참여기업 모집 공고문.hwp,hwp,https://www.bizinfo.go.kr/cmm/fms/fileDown.do?atchFileId=FILE_000000000676196&fileSn=0,229376,list\PBLN_000000000097774\붙임. [환산협공고 제2024-20호] 「2024년 퇴직전문가 중소기업 기술지원」 참여기업 모집 공고문.hwp,
PBLN_000000000102602,ok,본문출력파일,공고문(제출서식포함).pdf,pdf,https://www.bizinfo.go.kr/cmm/fms/fileDown.do?atchFileId=FILE_000000000693222&fileSn=0,275188,list\PBLN_000000000102602\공고문(제출서식포함).pdf,
PBLN_000000000098465,ok,본문출력파일,2024년 대구지역 맞춤형 근로환경개선사업 2차 공고문.pdf,pdf,https://www.bizinfo.go.kr/cmm/fms/fileDown.do?atchFileId=FILE_000000000678518&fileSn=0,308923,list\PBLN_000000000098465\2024년 대구지역 맞춤형 근로환경개선사업 2차 공고문.pdf,
PBLN_000000000101577,no_doc,,,,,0,,
PBLN_000000000094392,ok,본문출력파일,2024년 대전형 노사상생모델 좋은일터 조성사업 참여기업 모집 (공고).hwp,hwp,https://www.bizinfo.go.kr/cmm/fms/fileDown.do?atchFileId=FILE_000000000665166&fileSn=0,112128,list\PBLN_000000000094392\2024년 대전형 노사상생모델 좋은일터 조성사업 참여기업 모집 (공고).hwp,
PBLN_000000000103207,ok,본문출력파일,2024년 석유화학업종 고령자 계속고용장려금 지원사업 모집 변경공고.pdf,pdf,https://www.bizinfo.go.kr/cmm/fms/fileDown.do?atchFileId=FILE_000000000696364&fileSn=0,493121,list\PBLN_000000000103207\2024년 석유화학업종 고령자 계속고용장려금 지원사업 모집 변경공고.pdf,
PBLN_000000000098599,ok,첨부파일,사업신청서_2024년 서울시 뉴딜 일자리.hwp,hwp,https://www.bizinfo.go.kr/cmm/fms/fileDown.do?atchFileId=FILE_000000000679106&fileSn=0,55808,list\PBLN_000000000098599\사업신청서_2024년 서울시 뉴딜 일자리.hwp,
PBLN_000000000098048,ok,본문출력파일,붙임1. [공고] (40~64세 확대) 2024년 「경기도 적합직무 고용지원금」 하반기 참여기업 모집 변경 공고.pdf,pdf,https://www.bizinfo.go.kr/cmm/fms/fileDown.do?atchFileId=FILE_000000000677072&fileSn=1,669925,list\PBLN_000000000098048\붙임1. [공고] (40~64세 확대) 2024년 「경기도 적합직무 고용지원금」 하반기 참여기업 모집 변경 공고.pdf,
PBLN_000000000096198,ok,본문출력파일,[붙임] 2024년 소공인 작업장 위험성 진단 참여기업 모집공고.pdf,pdf,https://www.bizinfo.go.kr/cmm/fms/fileDown.do?atchFileId=FILE_000000000670224&fileSn=0,248590,list\PBLN_000000000096198\[붙임] 2024년 소공인 작업장 위험성 진단 참여기업 모집공고.pdf,
PBLN_000000000100669,ok,본문출력파일,(공고문)2024년+전남+청년+근속장려금+지원사업+참여기업+및+청년근로자+2차+모집.hwp,hwp,https://www.bizinfo.go.kr/cmm/fms/fileDown.do?atchFileId=FILE_000000000685522&fileSn=0,108544,list\PBLN_000000000100669\(공고문)2024년+전남+청년+근속장려금+지원사업+참여기업+및+청년근로자+2차+모집.hwp,
PBLN_000000000094501,ok,본문출력파일,(공고문) 2024년 산업전문인력 AI역량강화사업.pdf,pdf,https://www.bizinfo.go.kr/cmm/fms/fileDown.do?atchFileId=FILE_000000000665365&fileSn=1,203708,list\PBLN_000000000094501\(공고문) 2024년 산업전문인력 AI역량강화사업.pdf,
PBLN_000000000093455,no_doc,,,,,0,,
PBLN_000000000095450,ok,본문출력파일,2024년 경상남도 사회적기업 시설장비비 지원사업 공고문(안).hwp,hwp,https://www.bizinfo.go.kr/cmm/fms/fileDown.do?atchFileId=FILE_000000000668186&fileSn=0,89601,list\PBLN_000000000095450\2024년 경상남도 사회적기업 시설장비비 지원사업 공고문(안).hwp,
PBLN_000000000093831,ok,본문출력파일,2024년_중소기업_기술개발_지원사업_통합_공고.pdf,pdf,https://www.bizinfo.go.kr/cmm/fms/fileDown.do?atchFileId=FILE_000000000663473&fileSn=0,480122,list\PBLN_000000000093831\2024년_중소기업_기술개발_지원사업_통합_공고.pdf,
PBLN_000000000098188,ok,본문출력파일,2024년 소규모 사업장 안전시설물 보강 지원사업 모집공고.hwp,hwp,https://www.bizinfo.go.kr/cmm/fms/fileDown.do?atchFileId=FILE_000000000677426&fileSn=0,412160,list\PBLN_000000000098188\2024년 소규모 사업장 안전시설물 보강 지원사업 모집공고.hwp,
PBLN_000000000100890,ok,본문출력파일,경기_북부_뿌리산업_성장지원_참여기업_모집_공고(안).pdf,pdf,https://www.bizinfo.go.kr/cmm/fms/fileDown.do?atchFileId=FILE_000000000686381&fileSn=0,437436,list\PBLN_000000000100890\경기_북부_뿌리산업_성장지원_참여기업_모집_공고(안).pdf,
PBLN_000000000094066,ok,본문출력파일,2024년 중소기업 환경개선사업 참가업체 모집공고.hwp,hwp,https://www.bizinfo.go.kr/cmm/fms/fileDown.do?atchFileId=FILE_000000000664168&fileSn=0,422400,list\PBLN_000000000094066\2024년 중소기업 환경개선사업 참가업체 모집공고.hwp,
PBLN_000000000097157,ok,본문출력파일,2024 안전보건 우수기업 인센티브 지원 공고문(3차).hwp,hwp,https://www.bizinfo.go.kr/cmm/fms/fileDown.do?atchFileId=FILE_000000000673787&fileSn=0,131072,list\PBLN_000000000097157\2024 안전보건 우수기업 인센티브 지원 공고문(3차).hwp,
PBLN_000000000098580,ok,본문출력파일,참여기업_모집_안내문.pdf,pdf,https://www.bizinfo.go.kr/cmm/fms/fileDown.do?atchFileId=FILE_000000000679010&fileSn=0,275541,list\PBLN_000000000098580\참여기업_모집_안내문.pdf,
PBLN_000000000094959,ok,본문출력파일,붙임1_24년 청년일자리 우수기업 지원사업 공고문.pdf,pdf,https://www.bizinfo.go.kr/cmm/fms/fileDown.do?atchFileId=FILE_000000000666732&fileSn=0,138996,list\PBLN_000000000094959\붙임1_24년 청년일자리 우수기업 지원사업 공고문.pdf,
PBLN_000000000097062,ok,본문출력파일,서울시 안전보건지킴이 위험성평가 컨설팅 사업 대상 모집 공고.pdf,pdf,https://www.bizinfo.go.kr/cmm/fms/fileDown.do?atchFileId=FILE_000000000673469&fileSn=0,106003,list\PBLN_000000000097062\서울시 안전보건지킴이 위험성평가 컨설팅 사업 대상 모집 공고.pdf,
PBLN_000000000094787,ok,본문출력파일,(공고문)2024년_정년퇴직자_고용연장_중소기업_지원사업_20240215.pdf,pdf,https://www.bizinfo.go.kr/cmm/fms/fileDown.do?atchFileId=FILE_000000000666136&fileSn=0,279774,list\PBLN_000000000094787\(공고문)2024년_정년퇴직자_고용연장_중소기업_지원사업_20240215.pdf,
PBLN_000000000093960,ok,본문출력파일,2024년 남양주형 내일채움공제 공고문.hwp,hwp,https://www.bizinfo.go.kr/cmm/fms/fileDown.do?atchFileId=FILE_000000000663828&fileSn=0,140800,list\PBLN_000000000093960\2024년 남양주형 내일채움공제 공고문.hwp,
PBLN_000000000100403,ok,본문출력파일,2024년「마을기업 사무장 지원사업」하반기 모집2차 공고문 및 서식.pdf,pdf,https://www.bizinfo.go.kr/cmm/fms/fileDown.do?atchFileId=FILE_000000000684705&fileSn=0,396788,list\PBLN_000000000100403\2024년「마을기업 사무장 지원사업」하반기 모집2차 공고문 및 서식.pdf,
PBLN_000000000102192,ok,본문출력파일,2._2024년_항공산업_이중구조_개선사업_일가정친화인센티브_참여자_모집_수정_공고_241015_최종★.pdf,pdf,https://www.bizinfo.go.kr/cmm/fms/fileDown.do?atchFileId=FILE_000000000691687&fileSn=0,218973,list\PBLN_000000000102192\2._2024년_항공산업_이중구조_개선사업_일가정친화인센티브_참여자_모집_수정_공고_241015_최종★.pdf,
PBLN_000000000094630,ok,본문출력파일,2024년도 중소기업 연구인력지원사업 시행계획 공고.pdf,pdf,https://www.bizinfo.go.kr/cmm/fms/fileDown.do?atchFileId=FILE_000000000665694&fileSn=0,1349801,list\PBLN_000000000094630\2024년도 중소기업 연구인력지원사업 시행계획 공고.pdf,
PBLN_000000000101308,no_doc,,,,,0,,
PBLN_000000000099124,ok,본문출력파일,대구 자동차부품 상생협약 확산 지원 사업 참여기업 모집공고(최종).pdf,pdf,https://www.bizinfo.go.kr/cmm/fms/fileDown.do?atchFileId=FILE_000000000680975&fileSn=3,272889,list\PBLN_000000000099124\대구 자동차부품 상생협약 확산 지원 사업 참여기업 모집공고(최종).pdf,
PBLN_000000000096267,ok,본문출력파일,인경총_2024_087_청년도약기지(기업공고).pdf,pdf,https://www.bizinfo.go.kr/cmm/fms/fileDown.do?atchFileId=FILE_000000000670348&fileSn=0,376924,list\PBLN_000000000096267\인경총_2024_087_청년도약기지(기업공고).pdf,
PBLN_000000000094205,ok,본문출력파일,2024년 출향청년 채용 전주기업 취업지원 사업 참여기업 모집공고.hwp,hwp,https://www.bizinfo.go.kr/cmm/fms/fileDown.do?atchFileId=FILE_000000000664534&fileSn=0,168448,list\PBLN_000000000094205\2024년 출향청년 채용 전주기업 취업지원 사업 참여기업 모집공고.hwp,
PBLN_000000000101714,no_doc,,,,,0,,
PBLN_000000000095503,ok,본문출력파일,2024년여성친화기업환경개선사업모집공고.hwp,hwp,https://www.bizinfo.go.kr/cmm/fms/fileDown.do?atchFileId=FILE_000000000668261&fileSn=0,38400,list\PBLN_000000000095503\2024년여성친화기업환경개선사업모집공고.hwp,
PBLN_000000000099511,ok,본문출력파일,24년 뉴딜 인턴신기업하반기 모집안내문.pdf,pdf,https://www.bizinfo.go.kr/cmm/fms/fileDown.do?atchFileId=FILE_000000000682145&fileSn=0,91966,list\PBLN_000000000099511\24년 뉴딜 인턴신기업하반기 모집안내문.pdf,
PBLN_000000000096033,ok,본문출력파일,붙임1. 2024 뿌리 일자리 채움 취업지원금 지원사업 공고문.pdf,pdf,https://www.bizinfo.go.kr/cmm/fms/fileDown.do?atchFileId=FILE_000000000669749&fileSn=0,163197,list\PBLN_000000000096033\붙임1. 2024 뿌리 일자리 채움 취업지원금 지원사업 공고문.pdf,
PBLN_000000000098947,ok,본문출력파일,원자력 전공자 인턴 정규직 전환 지원사업.pdf,pdf,https://www.bizinfo.go.kr/cmm/fms/fileDown.do?atchFileId=FILE_000000000680358&fileSn=0,159973,list\PBLN_000000000098947\원자력 전공자 인턴 정규직 전환 지원사업.pdf,
PBLN_000000000099387,ok,본문출력파일,2024년 부산시 시니어일자리창출 우수기업 환경개선비 지원사업 3차 공고.pdf,pdf,https://www.bizinfo.go.kr/cmm/fms/fileDown.do?atchFileId=FILE_000000000681768&fileSn=2,471602,list\PBLN_000000000099387\2024년 부산시 시니어일자리창출 우수기업 환경개선비 지원사업 3차 공고.pdf,
PBLN_000000000097311,ok,본문출력파일,지역혁신중심 대학지원체계(RISE).hwp,hwp,https://www.bizinfo.go.kr/cmm/fms/fileDown.do?atchFileId=FILE_000000000674552&fileSn=0,583168,list\PBLN_000000000097311\지역혁신중심 대학지원체계(RISE).hwp,
PBLN_000000000097699,ok,본문출력파일,공고문(2024년 진주시 현장노동자 휴게시설 개선사업).hwp,hwp,https://www.bizinfo.go.kr/cmm/fms/fileDown.do?atchFileId=FILE_000000000676038&fileSn=0,119808,list\PBLN_000000000097699\공고문(2024년 진주시 현장노동자 휴게시설 개선사업).hwp,
PBLN_000000000099586,ok,본문출력파일,공고문자동차 부품업종 일자리 도약장려금.hwp,hwp,https://www.bizinfo.go.kr/cmm/fms/fileDown.do?atchFileId=FILE_000000000682308&fileSn=0,95232,list\PBLN_000000000099586\공고문자동차 부품업종 일자리 도약장려금.hwp,
PBLN_000000000093618,ok,본문출력파일,2024 공예업체 인턴지원사업 희망업체 모집 공고문(최종).hwp,hwp,https://www.bizinfo.go.kr/cmm/fms/fileDown.do?atchFileId=FILE_000000000662838&fileSn=0,67584,list\PBLN_000000000093618\2024 공예업체 인턴지원사업 희망업체 모집 공고문(최종).hwp,
PBLN_000000000101876,ok,본문출력파일,3차)_상생_환경개선_지원사업(복지)_공고문_및_신청서(3차).pdf,pdf,https://www.bizinfo.go.kr/cmm/fms/fileDown.do?atchFileId=FILE_000000000690518&fileSn=1,418672,list\PBLN_000000000101876\3차)_상생_환경개선_지원사업(복지)_공고문_및_신청서(3차).pdf,
PBLN_000000000096418,ok,본문출력파일,24년+북구+작업안전환경개선지원사업+참가업체+모집공고.hwp,hwp,https://www.bizinfo.go.kr/cmm/fms/fileDown.do?atchFileId=FILE_000000000670910&fileSn=0,87040,list\PBLN_000000000096418\24년+북구+작업안전환경개선지원사업+참가업체+모집공고.hwp,
PBLN_000000000096185,ok,본문출력파일,2024년 사회적경제·가치 인식제고 교육 지원사업 재공고.hwp,hwp,https://www.bizinfo.go.kr/cmm/fms/fileDown.do?atchFileId=FILE_000000000670163&fileSn=0,79361,list\PBLN_000000000096185\2024년 사회적경제·가치 인식제고 교육 지원사업 재공고.hwp,
PBLN_000000000098719,ok,본문출력파일,[붙임1] 2024년 사회적기업가 육성사업 후속지원사업 참여기업 모집공고.pdf,pdf,https://www.bizinfo.go.kr/cmm/fms/fileDown.do?atchFileId=FILE_000000000679603&fileSn=0,127373,list\PBLN_000000000098719\[붙임1] 2024년 사회적기업가 육성사업 후속지원사업 참여기업 모집공고.pdf,
PBLN_000000000100619,ok,본문출력파일,첨부_인천_뿌리기업_근로환경개선사업(블루워싱)_참여기업_모집_공고.pdf,pdf,https://www.bizinfo.go.kr/cmm/fms/fileDown.do?atchFileId=FILE_000000000685431&fileSn=0,256161,list\PBLN_000000000100619\첨부_인천_뿌리기업_근로환경개선사업(블루워싱)_참여기업_모집_공고.pdf,
PBLN_000000000093948,ok,본문출력파일,제15기 드림터(참여사업장) 모집 공고문.hwp,hwp,https://www.bizinfo.go.kr/cmm/fms/fileDown.do?atchFileId=FILE_000000000663776&fileSn=0,148993,list\PBLN_000000000093948\제15기 드림터(참여사업장) 모집 공고문.hwp,
PBLN_000000000100380,ok,본문출력파일,1. 2024년 공정채용 우수기업 어워즈 공고문(고용노동부 공고 제2024-342호)★.pdf,pdf,https://www.bizinfo.go.kr/cmm/fms/fileDown.do?atchFileId=FILE_000000000684681&fileSn=0,234598,list\PBLN_000000000100380\1. 2024년 공정채용 우수기업 어워즈 공고문(고용노동부 공고 제2024-342호)★.pdf,
PBLN_000000000095679,ok,본문출력파일,2024년_중소기업_채용+파견+연구인력지원사업.pdf,pdf,https://www.bizinfo.go.kr/cmm/fms/fileDown.do?atchFileId=FILE_000000000668792&fileSn=0,1002631,list\PBLN_000000000095679\2024년_중소기업_채용+파견+연구인력지원사업.pdf,
PBLN_000000000099078,no_doc,,,,,0,,
PBLN_000000000098249,no_doc,,,,,0,,
PBLN_000000000103357,no_doc,,,,,0,,
PBLN_000000000093431,ok,본문출력파일,붙임1. 24년 초등입학기10시출근제도입중소사업장장려금사업공고.hwp,hwp,https://www.bizinfo.go.kr/cmm/fms/fileDown.do?atchFileId=FILE_000000000662337&fileSn=0,86528,list\PBLN_000000000093431\붙임1. 24년 초등입학기10시출근제도입중소사업장장려금사업공고.hwp,
PBLN_000000000099025,ok,본문출력파일,2024년(4기) 경북사랑 내일채움공제 지원사업 공고.hwp,hwp,https://www.bizinfo.go.kr/cmm/fms/fileDown.do?atchFileId=FILE_000000000680633&fileSn=0,138752,list\PBLN_000000000099025\2024년(4기) 경북사랑 내일채움공제 지원사업 공고.hwp,
PBLN_000000000098606,ok,본문출력파일,[붙임1] 2024년도 충북 지역혁신클러스터지원사업 방문형교육 수혜기업 모집공고문.hwp,hwp,https://www.bizinfo.go.kr/cmm/fms/fileDown.do?atchFileId=FILE_000000000679091&fileSn=0,1631744,list\PBLN_000000000098606\[붙임1] 2024년도 충북 지역혁신클러스터지원사업 방문형교육 수혜기업 모집공고문.hwp,
PBLN_000000000096044,ok,본문출력파일,붙임1. 2024 인천 뿌리기업 근로환경 개선 지원사업 공고문.pdf,pdf,https://www.bizinfo.go.kr/cmm/fms/fileDown.do?atchFileId=FILE_000000000669771&fileSn=0,183555,list\PBLN_000000000096044\붙임1. 2024 인천 뿌리기업 근로환경 개선 지원사업 공고문.pdf,
PBLN_000000000095977,ok,본문출력파일,작업환경 개선사업 공고문_게시용.hwp,hwp,https://www.bizinfo.go.kr/cmm/fms/fileDown.do?atchFileId=FILE_000000000669631&fileSn=0,148992,list\PBLN_000000000095977\작업환경 개선사업 공고문_게시용.hwp,
PBLN_000000000100911,no_doc,,,,,0,,
PBLN_000000000102676,ok,본문출력파일,가족돌봄청(소)년 전담지원 시범사업 모집공고_(기업 및 사업장)_2차.pdf,pdf,https://www.bizinfo.go.kr/cmm/fms/fileDown.do?atchFileId=FILE_000000000693735&fileSn=0,147347,list\PBLN_000000000102676\가족돌봄청(소)년 전담지원 시범사업 모집공고_(기업 및 사업장)_2차.pdf,
PBLN_000000000093866,ok,본문출력파일,2024년 제1차 (예비)사회적기업 일자리창출사업 공고(최종).hwp,hwp,https://www.bizinfo.go.kr/cmm/fms/fileDown.do?atchFileId=FILE_000000000663566&fileSn=0,119808,list\PBLN_000000000093866\2024년 제1차 (예비)사회적기업 일자리창출사업 공고(최종).hwp,
PBLN_000000000096546,ok,첨부파일,인큐베이팅 설립계획서.hwp,hwp,https://www.bizinfo.go.kr/cmm/fms/fileDown.do?atchFileId=FILE_000000000671598&fileSn=0,49664,list\PBLN_000000000096546\인큐베이팅 설립계획서.hwp,
PBLN_000000000096722,ok,본문출력파일,★외국인 유학생 기술창업 지원사업(창업기업 인턴십 프로그램) 공고문.pdf,pdf,https://www.bizinfo.go.kr/cmm/fms/fileDown.do?atchFileId=FILE_000000000672112&fileSn=0,198571,list\PBLN_000000000096722\★외국인 유학생 기술창업 지원사업(창업기업 인턴십 프로그램) 공고문.pdf,
PBLN_000000000100260,ok,본문출력파일,[공고] 2024년 대구 자동차부품 상생협약 확산 지원사업 2차 수혜기업 및 근로자 모집.pdf,pdf,https://www.bizinfo.go.kr/cmm/fms/fileDown.do?atchFileId=FILE_000000000684279&fileSn=0,243320,list\PBLN_000000000100260\[공고] 2024년 대구 자동차부품 상생협약 확산 지원사업 2차 수혜기업 및 근로자 모집.pdf,
PBLN_000000000096437,ok,본문출력파일,충북청년_바이오인재_취업연계사업_모집_공고문.hwp,hwp,https://www.bizinfo.go.kr/cmm/fms/fileDown.do?atchFileId=FILE_000000000671329&fileSn=0,67584,list\PBLN_000000000096437\충북청년_바이오인재_취업연계사업_모집_공고문.hwp,
PBLN_000000000096358,ok,본문출력파일,공고문(최종).pdf,pdf,https://www.bizinfo.go.kr/cmm/fms/fileDown.do?atchFileId=FILE_000000000670670&fileSn=0,282826,list\PBLN_000000000096358\공고문(최종).pdf,
PBLN_000000000097033,ok,본문출력파일,한국핀테크지원센터 2024 핀테크 인턴십 지원사업 참여기업.pdf,pdf,https://www.bizinfo.go.kr/cmm/fms/fileDown.do?atchFileId=FILE_000000000673346&fileSn=1,1371199,list\PBLN_000000000097033\한국핀테크지원센터 2024 핀테크 인턴십 지원사업 참여기업.pdf,
PBLN_000000000094311,ok,본문출력파일,(모집공고문) 2024년 경기청년 일자리 매치업 취업지원 참여기업 모집.pdf,pdf,https://www.bizinfo.go.kr/cmm/fms/fileDown.do?atchFileId=FILE_000000000664839&fileSn=0,423989,list\PBLN_000000000094311\(모집공고문) 2024년 경기청년 일자리 매치업 취업지원 참여기업 모집.pdf,
PBLN_000000000094411,ok,본문출력파일,2024년 중장년 취업지원 프로젝트 공고문.hwp,hwp,https://www.bizinfo.go.kr/cmm/fms/fileDown.do?atchFileId=FILE_000000000665174&fileSn=0,105985,list\PBLN_000000000094411\2024년 중장년 취업지원 프로젝트 공고문.hwp,
PBLN_000000000100073,ok,본문출력파일,1. 2024년 여성과학기술인 R&D 경력복귀지원사업 하반기 공고.pdf,pdf,https://www.bizinfo.go.kr/cmm/fms/fileDown.do?atchFileId=FILE_000000000683653&fileSn=0,729761,list\PBLN_000000000100073\1. 2024년 여성과학기술인 R&D 경력복귀지원사업 하반기 공고.pdf,
PBLN_000000000101034,no_doc,,,,,0,,
PBLN_000000000100453,ok,본문출력파일,붙임1.+(공고문)블록체인+지역특화산업+청년일자리+지원사업+모집공고.pdf,pdf,https://www.bizinfo.go.kr/cmm/fms/fileDown.do?atchFileId=FILE_000000000684866&fileSn=0,206382,list\PBLN_000000000100453\붙임1.+(공고문)블록체인+지역특화산업+청년일자리+지원사업+모집공고.pdf,
PBLN_000000000094987,ok,본문출력파일,[공고문]2024이차전지기업맞춤형채용지원사업연장공고.hwp,hwp,https://www.bizinfo.go.kr/cmm/fms/fileDown.do?atchFileId=FILE_000000000666760&fileSn=0,76800,list\PBLN_000000000094987\[공고문]2024이차전지기업맞춤형채용지원사업연장공고.hwp,
PBLN_000000000101481,ok,본문출력파일,2025년 중소기업 노동자 기숙사 임차비 지원사업 공고문.hwp,hwp,https://www.bizinfo.go.kr/cmm/fms/fileDown.do?atchFileId=FILE_000000000688869&fileSn=0,73728,list\PBLN_000000000101481\2025년 중소기업 노동자 기숙사 임차비 지원사업 공고문.hwp,
PBLN_000000000100561,ok,본문출력파일,[공고문] 2024년 경북 소상공인 출산장려 아이보듬 사업.hwp,hwp,https://www.bizinfo.go.kr/cmm/fms/fileDown.do?atchFileId=FILE_000000000685216&fileSn=1,262144,list\PBLN_000000000100561\[공고문] 2024년 경북 소상공인 출산장려 아이보듬 사업.hwp,
PBLN_000000000102165,ok,본문출력파일,자동차 부품업종 복지+ 지원사업 추가모집 공고.pdf,pdf,https://www.bizinfo.go.kr/cmm/fms/fileDown.do?atchFileId=FILE_000000000691565&fileSn=0,404320,list\PBLN_000000000102165\자동차 부품업종 복지+ 지원사업 추가모집 공고.pdf,
PBLN_000000000097152,ok,본문출력파일,★외국인 유학생 기술창업 지원사업(창업기업 인턴십 프로그램) 추가 공고문.pdf,pdf,https://www.bizinfo.go.kr/cmm/fms/fileDown.do?atchFileId=FILE_000000000673777&fileSn=0,179925,list\PBLN_000000000097152\★외국인 유학생 기술창업 지원사업(창업기업 인턴십 프로그램) 추가 공고문.pdf,
PBLN_000000000100354,ok,본문출력파일,2024-5813_2024년 경기도 자동차정비업 지원계획 공고(2차).pdf,pdf,https://www.bizinfo.go.kr/cmm/fms/fileDown.do?atchFileId=FILE_000000000684585&fileSn=0,125659,list\PBLN_000000000100354\2024-5813_2024년 경기도 자동차정비업 지원계획 공고(2차).pdf,
PBLN_000000000095376,ok,본문출력파일,2024년 원자력생태계 지원사업 인턴 및 신입 채용 인건비 지원사업 참여기업 모집.pdf,pdf,https://www.bizinfo.go.kr/cmm/fms/fileDown.do?atchFileId=FILE_000000000668028&fileSn=0,324567,list\PBLN_000000000095376\2024년 원자력생태계 지원사업 인턴 및 신입 채용 인건비 지원사업 참여기업 모집.pdf,
PBLN_000000000098888,ok,본문출력파일,[공고]2024년+산단+노동자+휴게시설+설치+지원사업+참여기업+2차모집.hwp,hwp,https://www.bizinfo.go.kr/cmm/fms/fileDown.do?atchFileId=FILE_000000000680131&fileSn=0,77312,list\PBLN_000000000098888\[공고]2024년+산단+노동자+휴게시설+설치+지원사업+참여기업+2차모집.hwp,
PBLN_000000000096695,ok,본문출력파일,[붙임2-1]개별공고_지역발전 우수기업 환경개선.pdf,pdf,https://www.bizinfo.go.kr/cmm/fms/fileDown.do?atchFileId=FILE_000000000672081&fileSn=0,235527,list\PBLN_000000000096695\[붙임2-1]개별공고_지역발전 우수기업 환경개선.pdf,
PBLN_000000000096170,ok,본문출력파일,2024년도 한-일 인력교류사업 신규과제 공모.hwp,hwp,https://www.bizinfo.go.kr/cmm/fms/fileDown.do?atchFileId=FILE_000000000670098&fileSn=0,130048,list\PBLN_000000000096170\2024년도 한-일 인력교류사업 신규과제 공모.hwp,
PBLN_000000000094441,ok,본문출력파일,2024년 안산시 중소기업 노동자 기숙사 임차비 지원사업 참여기업 모집.pdf,pdf,https://www.bizinfo.go.kr/cmm/fms/fileDown.do?atchFileId=FILE_000000000665218&fileSn=0,229641,list\PBLN_000000000094441\2024년 안산시 중소기업 노동자 기숙사 임차비 지원사업 참여기업 모집.pdf,
PBLN_000000000100359,ok,본문출력파일,붙임2.+2024년+두드림+매칭+프로그램+모집공고.hwp,hwp,https://www.bizinfo.go.kr/cmm/fms/fileDown.do?atchFileId=FILE_000000000684614&fileSn=0,78336,list\PBLN_000000000100359\붙임2.+2024년+두드림+매칭+프로그램+모집공고.hwp,
PBLN_000000000094025,ok,본문출력파일,[전북] 전주시 2024년 「청년취업 2000 사업」 참여기업 모집 공고.pdf,pdf,https://www.bizinfo.go.kr/cmm/fms/fileDown.do?atchFileId=FILE_000000000664026&fileSn=1,212218,list\PBLN_000000000094025\[전북] 전주시 2024년 「청년취업 2000 사업」 참여기업 모집 공고.pdf,
PBLN_000000000102141,ok,본문출력파일,[공고]2024년도 신산업 연계 청년일자리 창출사업 현장실습 지원사업 4차 모집.pdf,pdf,https://www.bizinfo.go.kr/cmm/fms/fileDown.do?atchFileId=FILE_000000000691513&fileSn=0,326086,list\PBLN_000000000102141\[공고]2024년도 신산업 연계 청년일자리 창출사업 현장실습 지원사업 4차 모집.pdf,
PBLN_000000000097865,ok,본문출력파일,2.4050인턴십(파트타임) 2차 참여기업 모집_공고문(연장)_최종.pdf,pdf,https://www.bizinfo.go.kr/cmm/fms/fileDown.do?atchFileId=FILE_000000000676521&fileSn=0,314001,list\PBLN_000000000097865\2.4050인턴십(파트타임) 2차 참여기업 모집_공고문(연장)_최종.pdf,
PBLN_000000000096850,ok,본문출력파일,(공고문) AI 융합 프로젝트 교육 참여기업 모집.hwp,hwp,https://www.bizinfo.go.kr/cmm/fms/fileDown.do?atchFileId=FILE_000000000672709&fileSn=0,103936,list\PBLN_000000000096850\(공고문) AI 융합 프로젝트 교육 참여기업 모집.hwp,
PBLN_000000000100760,ok,본문출력파일,공고문.pdf,pdf,https://www.bizinfo.go.kr/cmm/fms/fileDown.do?atchFileId=FILE_000000000685881&fileSn=0,101874,list\PBLN_000000000100760\공고문.pdf,
PBLN_000000000096615,ok,본문출력파일,2024년_스타트업_AI_기술인력_양성(이어드림_스쿨)_교육생_2차_모집_공고(수정).pdf,pdf,https://www.bizinfo.go.kr/cmm/fms/fileDown.do?atchFileId=FILE_000000000671846&fileSn=0,2599845,list\PBLN_000000000096615\2024년_스타트업_AI_기술인력_양성(이어드림_스쿨)_교육생_2차_모집_공고(수정).pdf,
PBLN_000000000098244,ok,본문출력파일,[공고]2024년도 신산업 연계 청년일자리 창출사업 현장실습 지원사업 3차 모집.pdf,pdf,https://www.bizinfo.go.kr/cmm/fms/fileDown.do?atchFileId=FILE_000000000677733&fileSn=0,244676,list\PBLN_000000000098244\[공고]2024년도 신산업 연계 청년일자리 창출사업 현장실습 지원사업 3차 모집.pdf,
PBLN_000000000099235,ok,본문출력파일,2024년 제3차 (예비)사회적기업 일자리창출사업 공고(최종본).hwp,hwp,https://www.bizinfo.go.kr/cmm/fms/fileDown.do?atchFileId=FILE_000000000681279&fileSn=0,134656,list\PBLN_000000000099235\2024년 제3차 (예비)사회적기업 일자리창출사업 공고(최종본).hwp,
PBLN_000000000101372,ok,본문출력파일,붙임1.+[모집공고]+GCC사관학교+1기+기업+연계+인턴십+지원+연장공고.pdf,pdf,https://www.bizinfo.go.kr/cmm/fms/fileDown.do?atchFileId=FILE_000000000688466&fileSn=1,393977,list\PBLN_000000000101372\붙임1.+[모집공고]+GCC사관학교+1기+기업+연계+인턴십+지원+연장공고.pdf,
PBLN_000000000093517,ok,본문출력파일,2024년 여성기업육성사업 통합공고.pdf,pdf,https://www.bizinfo.go.kr/cmm/fms/fileDown.do?atchFileId=FILE_000000000662572&fileSn=0,754847,list\PBLN_000000000093517\2024년 여성기업육성사업 통합공고.pdf,
PBLN_000000000094009,ok,본문출력파일,(공고)_2024년_해외인력_취업매칭지원(K-tech_college)_교육운영사_모집_공고.pdf,pdf,https://www.bizinfo.go.kr/cmm/fms/fileDown.do?atchFileId=FILE_000000000663935&fileSn=0,904482,list\PBLN_000000000094009\(공고)_2024년_해외인력_취업매칭지원(K-tech_college)_교육운영사_모집_공고.pdf,
PBLN_000000000098950,ok,본문출력파일,2024년 의류제조업체 작업환경개선사업 공고문_00.hwp,hwp,https://www.bizinfo.go.kr/cmm/fms/fileDown.do?atchFileId=FILE_000000000680376&fileSn=0,69633,list\PBLN_000000000098950\2024년 의류제조업체 작업환경개선사업 공고문_00.hwp,
PBLN_000000000096969,ok,본문출력파일,붙임 1. 2024년 경남 청년 멀티미디어 디자이너 육성지원사업 참여기업 추가모집 공고문(지역주도형 청년일자리사업(지역혁신형)).pdf,pdf,https://www.bizinfo.go.kr/cmm/fms/fileDown.do?atchFileId=FILE_000000000673122&fileSn=0,369353,list\PBLN_000000000096969\붙임 1. 2024년 경남 청년 멀티미디어 디자이너 육성지원사업 참여기업 추가모집 공고문(지역주도형 청년일자리사업(지역혁신형)).pdf,
PBLN_000000000097182,no_doc,,,,,0,,
PBLN_000000000099136,ok,본문출력파일,(공고문) 소상공인 사회보험료 2024년 2분기분 지원사업.pdf,pdf,https://www.bizinfo.go.kr/cmm/fms/fileDown.do?atchFileId=FILE_000000000681015&fileSn=0,196222,list\PBLN_000000000099136\(공고문) 소상공인 사회보험료 2024년 2분기분 지원사업.pdf,
PBLN_000000000098698,no_doc,,,,,0,,
PBLN_000000000097586,ok,본문출력파일,기업협력프로젝트 기업 추가모집 공고 및 신청서 양식.hwp,hwp,https://www.bizinfo.go.kr/cmm/fms/fileDown.do?atchFileId=FILE_000000000675486&fileSn=0,88576,list\PBLN_000000000097586\기업협력프로젝트 기업 추가모집 공고 및 신청서 양식.hwp,
PBLN_000000000096245,ok,본문출력파일,공고문(2차 전주형 내일채움공제 지원사업).hwp,hwp,https://www.bizinfo.go.kr/cmm/fms/fileDown.do?atchFileId=FILE_000000000670290&fileSn=0,189952,list\PBLN_000000000096245\공고문(2차 전주형 내일채움공제 지원사업).hwp,
PBLN_000000000099390,ok,본문출력파일,[공고문]2024이차전지기업맞춤형채용지원사업2차연장공고문.pdf,pdf,https://www.bizinfo.go.kr/cmm/fms/fileDown.do?atchFileId=FILE_000000000681778&fileSn=0,166626,list\PBLN_000000000099390\[공고문]2024이차전지기업맞춤형채용지원사업2차연장공고문.pdf,
PBLN_000000000093758,ok,본문출력파일,2024년 장애인 고용촉진장려금 지원 사업 공고.hwp,hwp,https://www.bizinfo.go.kr/cmm/fms/fileDown.do?atchFileId=FILE_000000000663309&fileSn=0,86016,list\PBLN_000000000093758\2024년 장애인 고용촉진장려금 지원 사업 공고.hwp,
PBLN_000000000094160,ok,본문출력파일,(붙임1) 24년 추락방지용 안전시설 지원사업 공고문_최종.pdf,pdf,https://www.bizinfo.go.kr/cmm/fms/fileDown.do?atchFileId=FILE_000000000664360&fileSn=0,973203,list\PBLN_000000000094160\(붙임1) 24년 추락방지용 안전시설 지원사업 공고문_최종.pdf,
PBLN_000000000098382,ok,본문출력파일,붙임 1. 2024 반도체 연관산업 일자리도약 장려금 공고문.pdf,pdf,https://www.bizinfo.go.kr/cmm/fms/fileDown.do?atchFileId=FILE_000000000678193&fileSn=0,386306,list\PBLN_000000000098382\붙임 1. 2024 반도체 연관산업 일자리도약 장려금 공고문.pdf,
PBLN_000000000094963,ok,본문출력파일,001_붙임1. 공고문.hwp,hwp,https://www.bizinfo.go.kr/cmm/fms/fileDown.do?atchFileId=FILE_000000000666634&fileSn=0,103424,list\PBLN_000000000094963\001_붙임1. 공고문.hwp,
PBLN_000000000095500,ok,본문출력파일,2024 방위산업 맞춤형 인재육성 사업 공고문.pdf,pdf,https://www.bizinfo.go.kr/cmm/fms/fileDown.do?atchFileId=FILE_000000000668342&fileSn=0,216682,list\PBLN_000000000095500\2024 방위산업 맞춤형 인재육성 사업 공고문.pdf,
PBLN_000000000099369,ok,본문출력파일,★(240715)2024년+경상남도+고용우수기업+인증(중견기업군)+계획+추가+공고.pdf,pdf,https://www.bizinfo.go.kr/cmm/fms/fileDown.do?atchFileId=FILE_000000000681772&fileSn=0,660152,list\PBLN_000000000099369\★(240715)2024년+경상남도+고용우수기업+인증(중견기업군)+계획+추가+공고.pdf,
PBLN_000000000099678,ok,본문출력파일,2024년 일하는 청년 보금자리 지원사업 추가 공고.pdf,pdf,https://www.bizinfo.go.kr/cmm/fms/fileDown.do?atchFileId=FILE_000000000682648&fileSn=0,122597,list\PBLN_000000000099678\2024년 일하는 청년 보금자리 지원사업 추가 공고.pdf,
PBLN_000000000102422,ok,본문출력파일,[공고문]+산학연계+현장실습+지원사업+참여기업+모집+공고문(24년+동계학기).hwp,hwp,https://www.bizinfo.go.kr/cmm/fms/fileDown.do?atchFileId=FILE_000000000692414&fileSn=0,970752,list\PBLN_000000000102422\[공고문]+산학연계+현장실습+지원사업+참여기업+모집+공고문(24년+동계학기).hwp,
PBLN_000000000103334,ok,첨부파일,★2025 참여기업 협약서.hwp,hwp,https://www.bizinfo.go.kr/cmm/fms/fileDown.do?atchFileId=FILE_000000000697130&fileSn=1,77312,list\PBLN_000000000103334\★2025 참여기업 협약서.hwp,
PBLN_000000000102057,no_doc,,,,,0,,
PBLN_000000000096631,ok,본문출력파일,[서울기업_온택트_채용관]_모집공고문_2024_최종(1).hwp,hwp,https://www.bizinfo.go.kr/cmm/fms/fileDown.do?atchFileId=FILE_000000000671885&fileSn=0,71680,list\PBLN_000000000096631\[서울기업_온택트_채용관]_모집공고문_2024_최종(1).hwp,
PBLN_000000000093854,ok,본문출력파일,2024년+소상공인신규인건비지원사업+공고문.hwp,hwp,https://www.bizinfo.go.kr/cmm/fms/fileDown.do?atchFileId=FILE_000000000663543&fileSn=0,110080,list\PBLN_000000000093854\2024년+소상공인신규인건비지원사업+공고문.hwp,
PBLN_000000000096121,ok,본문출력파일,2024년 미래 청년 일자리 사업 참여기업(사업장) 모집 공고문(완).hwp,hwp,https://www.bizinfo.go.kr/cmm/fms/fileDown.do?atchFileId=FILE_000000000669947&fileSn=3,104448,list\PBLN_000000000096121\2024년 미래 청년 일자리 사업 참여기업(사업장) 모집 공고문(완).hwp,
PBLN_000000000101395,ok,첨부파일,2024년_기업_채용_연계_청년일자리_지원사업_상시_모집_안내문.hwp,hwp,https://www.bizinfo.go.kr/cmm/fms/fileDown.do?atchFileId=FILE_000000000688647&fileSn=1,129536,list\PBLN_000000000101395\2024년_기업_채용_연계_청년일자리_지원사업_상시_모집_안내문.hwp,
PBLN_000000000095842,ok,본문출력파일,(수정)붙임1. (공고문) 2024년 현장실습비지원사업 모집공고문(2024학년도 1학기 학기제).hwp,hwp,https://www.bizinfo.go.kr/cmm/fms/fileDown.do?atchFileId=FILE_000000000669246&fileSn=0,278528,list\PBLN_000000000095842\(수정)붙임1. (공고문) 2024년 현장실습비지원사업 모집공고문(2024학년도 1학기 학기제).hwp,
PBLN_000000000097224,ok,본문출력파일,붙임1. 2024년 수출전문인력 취업지원 사업 공고.pdf,pdf,https://www.bizinfo.go.kr/cmm/fms/fileDown.do?atchFileId=FILE_000000000674081&fileSn=0,269572,list\PBLN_000000000097224\붙임1. 2024년 수출전문인력 취업지원 사업 공고.pdf,
PBLN_000000000096255,ok,본문출력파일,공고문_2024년 청년일자리창출 우수기업 지원사업.pdf,pdf,https://www.bizinfo.go.kr/cmm/fms/fileDown.do?atchFileId=FILE_000000000670322&fileSn=0,270826,list\PBLN_000000000096255\공고문_2024년 청년일자리창출 우수기업 지원사업.pdf,
PBLN_000000000094046,ok,본문출력파일,[붙임] 2024년 화학안전 사업장 조성 지원사업 공고문.pdf,pdf,https://www.bizinfo.go.kr/cmm/fms/fileDown.do?atchFileId=FILE_000000000664034&fileSn=0,260556,list\PBLN_000000000094046\[붙임] 2024년 화학안전 사업장 조성 지원사업 공고문.pdf,
PBLN_000000000102597,ok,본문출력파일,[공고]2024년도+신산업+연계+청년일자리+창출사업+현장실습+지원사업+5차+모집.pdf,pdf,https://www.bizinfo.go.kr/cmm/fms/fileDown.do?atchFileId=FILE_000000000693347&fileSn=0,325184,list\PBLN_000000000102597\[공고]2024년도+신산업+연계+청년일자리+창출사업+현장실습+지원사업+5차+모집.pdf,
PBLN_000000000096264,ok,본문출력파일,2024년 충청남도 청년인턴 사업 충전 참여 기업 모집공고(제2024-31호).pdf,pdf,https://www.bizinfo.go.kr/cmm/fms/fileDown.do?atchFileId=FILE_000000000670356&fileSn=0,151781,list\PBLN_000000000096264\2024년 충청남도 청년인턴 사업 충전 참여 기업 모집공고(제2024-31호).pdf,
PBLN_000000000095699,ok,본문출력파일,2024년 출향청년 채용 전주기업 취업지원 사업 참여기업 모집 재공고.hwp,hwp,https://www.bizinfo.go.kr/cmm/fms/fileDown.do?atchFileId=FILE_000000000668837&fileSn=0,174592,list\PBLN_000000000095699\2024년 출향청년 채용 전주기업 취업지원 사업 참여기업 모집 재공고.hwp,
PBLN_000000000093986,ok,본문출력파일,공고문.hwp,hwp,https://www.bizinfo.go.kr/cmm/fms/fileDown.do?atchFileId=FILE_000000000663860&fileSn=0,59392,list\PBLN_000000000093986\공고문.hwp,
PBLN_000000000101702,ok,본문출력파일,환경개선+기업모집+공고문.hwp,hwp,https://www.bizinfo.go.kr/cmm/fms/fileDown.do?atchFileId=FILE_000000000689803&fileSn=0,77312,list\PBLN_000000000101702\환경개선+기업모집+공고문.hwp,
PBLN_000000000101703,ok,본문출력파일,2024년 중소기업 노동자 기숙사 임차비 지원사업 공고(9차).pdf,pdf,https://www.bizinfo.go.kr/cmm/fms/fileDown.do?atchFileId=FILE_000000000689804&fileSn=0,210899,list\PBLN_000000000101703\2024년 중소기업 노동자 기숙사 임차비 지원사업 공고(9차).pdf,
PBLN_000000000094124,ok,본문출력파일,2024년중소기업환경개선사업신청공고문.hwp,hwp,https://www.bizinfo.go.kr/cmm/fms/fileDown.do?atchFileId=FILE_000000000664225&fileSn=0,93696,list\PBLN_000000000094124\2024년중소기업환경개선사업신청공고문.hwp,
PBLN_000000000101350,ok,본문출력파일,[붙임1]+2024+식품외식기업+인턴십+지원사업+참가기업+추가모집+공고.pdf,pdf,https://www.bizinfo.go.kr/cmm/fms/fileDown.do?atchFileId=FILE_000000000688442&fileSn=0,364742,list\PBLN_000000000101350\[붙임1]+2024+식품외식기업+인턴십+지원사업+참가기업+추가모집+공고.pdf,
PBLN_000000000100722,ok,본문출력파일,2024년 기업 채용 연계 청년일자리 사업 모집 안내문.pdf,pdf,https://www.bizinfo.go.kr/cmm/fms/fileDown.do?atchFileId=FILE_000000000685682&fileSn=0,151369,list\PBLN_000000000100722\2024년 기업 채용 연계 청년일자리 사업 모집 안내문.pdf,
PBLN_000000000099735,ok,본문출력파일,2024년 신중년 고용창출 우수기업 근로환경개선 지원사업 공고.pdf,pdf,https://www.bizinfo.go.kr/cmm/fms/fileDown.do?atchFileId=FILE_000000000682847&fileSn=0,186773,list\PBLN_000000000099735\2024년 신중년 고용창출 우수기업 근로환경개선 지원사업 공고.pdf,
PBLN_000000000095515,ok,본문출력파일,붙임1. 공고문.pdf,pdf,https://www.bizinfo.go.kr/cmm/fms/fileDown.do?atchFileId=FILE_000000000668330&fileSn=0,193857,list\PBLN_000000000095515\붙임1. 공고문.pdf,
PBLN_000000000098807,ok,본문출력파일,참여기업 모집공고(창업지원시설 스타트업 청년인턴 지원).hwp,hwp,https://www.bizinfo.go.kr/cmm/fms/fileDown.do?atchFileId=FILE_000000000679860&fileSn=1,178688,list\PBLN_000000000098807\참여기업 모집공고(창업지원시설 스타트업 청년인턴 지원).hwp,
PBLN_000000000097533,ok,본문출력파일,(공고문) 2024년 현장실습지원사업 모집공고문(2024학년도 하계 계절제).hwp,hwp,https://www.bizinfo.go.kr/cmm/fms/fileDown.do?atchFileId=FILE_000000000675351&fileSn=0,8192000,list\PBLN_000000000097533\(공고문) 2024년 현장실습지원사업 모집공고문(2024학년도 하계 계절제).hwp,
PBLN_000000000102901,ok,본문출력파일,1. 2024 재난안전산업 진흥시설 조성지원사업 현장맞춤형 교육 참여기업 모집 공고.pdf,pdf,https://www.bizinfo.go.kr/cmm/fms/fileDown.do?atchFileId=FILE_000000000694730&fileSn=0,162107,list\PBLN_000000000102901\1. 2024 재난안전산업 진흥시설 조성지원사업 현장맞춤형 교육 참여기업 모집 공고.pdf,
PBLN_000000000099479,ok,본문출력파일,[공고문] 2024 Boost up 新기술 디자인 청년일자리지원사업 참여기업 모집공고.pdf,pdf,https://www.bizinfo.go.kr/cmm/fms/fileDown.do?atchFileId=FILE_000000000682069&fileSn=0,119858,list\PBLN_000000000099479\[공고문] 2024 Boost up 新기술 디자인 청년일자리지원사업 참여기업 모집공고.pdf,
PBLN_000000000100776,no_doc,,,,,0,,
PBLN_000000000098764,ok,본문출력파일,공고2348 2024년 신중년 고용지원사업 참여기업 모집 공고.pdf,pdf,https://www.bizinfo.go.kr/cmm/fms/fileDown.do?atchFileId=FILE_000000000679732&fileSn=0,261568,list\PBLN_000000000098764\공고2348 2024년 신중년 고용지원사업 참여기업 모집 공고.pdf,
PBLN_000000000102503,ok,본문출력파일,[붙임1]_2024년 미취업청년 취업연계 일경험 지원사업 참여기업 모집공고_채용형.pdf,pdf,https://www.bizinfo.go.kr/cmm/fms/fileDown.do?atchFileId=FILE_000000000692873&fileSn=0,198143,list\PBLN_000000000102503\[붙임1]_2024년 미취업청년 취업연계 일경험 지원사업 참여기업 모집공고_채용형.pdf,
PBLN_000000000099449,ok,본문출력파일,2024해운항만물류산업+재취업+지원사업+공고문.pdf,pdf,https://www.bizinfo.go.kr/cmm/fms/fileDown.do?atchFileId=FILE_000000000681937&fileSn=0,267106,list\PBLN_000000000099449\2024해운항만물류산업+재취업+지원사업+공고문.pdf,
PBLN_000000000095547,ok,본문출력파일,2-1.+기업방문+맞춤형+인력양성과정+참여기업+모집+공고.hwp,hwp,https://www.bizinfo.go.kr/cmm/fms/fileDown.do?atchFileId=FILE_000000000668384&fileSn=0,84480,list\PBLN_000000000095547\2-1.+기업방문+맞춤형+인력양성과정+참여기업+모집+공고.hwp,
PBLN_000000000100081,ok,본문출력파일,[붙임1] 2024년 재직 청년근로자 근속지원사업 모집공고(2차).pdf,pdf,https://www.bizinfo.go.kr/cmm/fms/fileDown.do?atchFileId=FILE_000000000683823&fileSn=0,343173,list\PBLN_000000000100081\[붙임1] 2024년 재직 청년근로자 근속지원사업 모집공고(2차).pdf,
PBLN_000000000102822,ok,본문출력파일,2024년 전남 청년 근속장려금 지원사업 참여기업 추가 모집 공고.pdf,pdf,https://www.bizinfo.go.kr/cmm/fms/fileDown.do?atchFileId=FILE_000000000694292&fileSn=0,474910,list\PBLN_000000000102822\2024년 전남 청년 근속장려금 지원사업 참여기업 추가 모집 공고.pdf,
PBLN_000000000099268,ok,본문출력파일,[붙임1]_2024년 미취업청년 취업연계 일경험 지원사업 참여기업 모집공고_변경.pdf,pdf,https://www.bizinfo.go.kr/cmm/fms/fileDown.do?atchFileId=FILE_000000000681336&fileSn=0,197574,list\PBLN_000000000099268\[붙임1]_2024년 미취업청년 취업연계 일경험 지원사업 참여기업 모집공고_변경.pdf,
PBLN_000000000094481,ok,본문출력파일,2024년 충청북도 기숙사임차비지원사업 모집공고문.pdf,pdf,https://www.bizinfo.go.kr/cmm/fms/fileDown.do?atchFileId=FILE_000000000665342&fileSn=0,300748,list\PBLN_000000000094481\2024년 충청북도 기숙사임차비지원사업 모집공고문.pdf,
PBLN_000000000101114,ok,첨부파일,미래내일 일경험사업_인턴형_참여기업 신청 서식.hwp,hwp,https://www.bizinfo.go.kr/cmm/fms/fileDown.do?atchFileId=FILE_000000000687558&fileSn=0,212992,list\PBLN_000000000101114\미래내일 일경험사업_인턴형_참여기업 신청 서식.hwp,
PBLN_000000000102224,ok,본문출력파일,어선어업 경영안정 지원사업 신청자 추가모집  공고문.hwp,hwp,https://www.bizinfo.go.kr/cmm/fms/fileDown.do?atchFileId=FILE_000000000691834&fileSn=0,95744,list\PBLN_000000000102224\어선어업 경영안정 지원사업 신청자 추가모집  공고문.hwp,
PBLN_000000000094391,no_doc,,,,,0,,
PBLN_000000000095052,ok,본문출력파일,1.+공고문_채용장려금지원사업.hwp,hwp,https://www.bizinfo.go.kr/cmm/fms/fileDown.do?atchFileId=FILE_000000000666912&fileSn=0,328192,list\PBLN_000000000095052\1.+공고문_채용장려금지원사업.hwp,
PBLN_000000000095650,ok,첨부파일,[별첨] 구인구직관련 W브릿지 활용 방법.pdf,pdf,https://www.bizinfo.go.kr/cmm/fms/fileDown.do?atchFileId=FILE_000000000668736&fileSn=1,1179870,list\PBLN_000000000095650\[별첨] 구인구직관련 W브릿지 활용 방법.pdf,
PBLN_000000000096303,ok,본문출력파일,공고문_이차전지.소재산업_확장을_위한_기술지원_및_재직자_스킬업_지원.pdf,pdf,https://www.bizinfo.go.kr/cmm/fms/fileDown.do?atchFileId=FILE_000000000670484&fileSn=0,319894,list\PBLN_000000000096303\공고문_이차전지.소재산업_확장을_위한_기술지원_및_재직자_스킬업_지원.pdf,
PBLN_000000000100230,no_doc,,,,,0,,
PBLN_000000000096956,ok,본문출력파일,24년 뉴딜 인턴신기업 모집안내.pdf,pdf,https://www.bizinfo.go.kr/cmm/fms/fileDown.do?atchFileId=FILE_000000000673172&fileSn=0,91350,list\PBLN_000000000096956\24년 뉴딜 인턴신기업 모집안내.pdf,
PBLN_000000000100979,ok,본문출력파일,1. 첨단소재부품기술 고도화 사업 해외 교육 프로그램 지원사업 공고문(AMTC).pdf,pdf,https://www.bizinfo.go.kr/cmm/fms/fileDown.do?atchFileId=FILE_000000000686961&fileSn=0,273466,list\PBLN_000000000100979\1. 첨단소재부품기술 고도화 사업 해외 교육 프로그램 지원사업 공고문(AMTC).pdf,
PBLN_000000000097698,ok,본문출력파일,01.(공고문) 2024년 광주시 스마트제조(생산레벨업) 지원사업 2차 모집.pdf,pdf,https://www.bizinfo.go.kr/cmm/fms/fileDown.do?atchFileId=FILE_000000000676034&fileSn=0,246479,list\PBLN_000000000097698\01.(공고문) 2024년 광주시 스마트제조(생산레벨업) 지원사업 2차 모집.pdf,
PBLN_000000000099218,ok,본문출력파일,2024년 제3차 (예비)사회적기업 전문인력 지원사업 참여기업 모집 공고(최종본).hwp,hwp,https://www.bizinfo.go.kr/cmm/fms/fileDown.do?atchFileId=FILE_000000000681280&fileSn=0,101377,list\PBLN_000000000099218\2024년 제3차 (예비)사회적기업 전문인력 지원사업 참여기업 모집 공고(최종본).hwp,
PBLN_000000000095394,ok,본문출력파일,2024 원자력 생태계 지원사업 경력직 채용 인건비 지원사업 참여기업 모집.pdf,pdf,https://www.bizinfo.go.kr/cmm/fms/fileDown.do?atchFileId=FILE_000000000668027&fileSn=0,1857466,list\PBLN_000000000095394\2024 원자력 생태계 지원사업 경력직 채용 인건비 지원사업 참여기업 모집.pdf,
PBLN_000000000098405,ok,본문출력파일,1._2024_KQIC_인턴십_프로그램(3기)_참여기업_모집_안내문.pdf,pdf,https://www.bizinfo.go.kr/cmm/fms/fileDown.do?atchFileId=FILE_000000000678294&fileSn=0,204644,list\PBLN_000000000098405\1._2024_KQIC_인턴십_프로그램(3기)_참여기업_모집_안내문.pdf,
PBLN_000000000093385,ok,본문출력파일,240102(양식)_24년_소상공인_지원사업_통합공고(최종).pdf,pdf,https://www.bizinfo.go.kr/cmm/fms/fileDown.do?atchFileId=FILE_000000000662169&fileSn=0,428487,list\PBLN_000000000093385\240102(양식)_24년_소상공인_지원사업_통합공고(최종).pdf,
PBLN_000000000096604,ok,본문출력파일,[공고문]신발+디지털트랜스포메이션(DX)+청년슈잡(2024)_참여기업_모집공고(안).hwp,hwp,https://www.bizinfo.go.kr/cmm/fms/fileDown.do?atchFileId=FILE_000000000671749&fileSn=0,103936,list\PBLN_000000000096604\[공고문]신발+디지털트랜스포메이션(DX)+청년슈잡(2024)_참여기업_모집공고(안).hwp,
PBLN_000000000097500,ok,본문출력파일,[전국]2024년 미래내일 일경험사업 참여기업 모집공고_IT사무경영식품.hwp,hwp,https://www.bizinfo.go.kr/cmm/fms/fileDown.do?atchFileId=FILE_000000000675301&fileSn=0,192512,list\PBLN_000000000097500\[전국]2024년 미래내일 일경험사업 참여기업 모집공고_IT사무경영식품.hwp,
PBLN_000000000096362,ok,본문출력파일,2024년 제주특별자치도 지역형 플러스 일자리 사업 참여기관 모집 공고(최종).hwp,hwp,https://www.bizinfo.go.kr/cmm/fms/fileDown.do?atchFileId=FILE_000000000670628&fileSn=1,82432,list\PBLN_000000000096362\2024년 제주특별자치도 지역형 플러스 일자리 사업 참여기관 모집 공고(최종).hwp,
PBLN_000000000102317,ok,본문출력파일,170103808592_[붙임1] 2024년도 충북 지역혁신클러스터지원사업 방문형교육 수혜기업 모집공고문.hwp,hwp,https://www.bizinfo.go.kr/cmm/fms/fileDown.do?atchFileId=FILE_000000000692048&fileSn=0,1643520,list\PBLN_000000000102317\170103808592_[붙임1] 2024년도 충북 지역혁신클러스터지원사업 방문형교육 수혜기업 모집공고문.hwp,
PBLN_000000000099059,ok,본문출력파일,(공고문)24-2학기+현장실습+참여기업+모집+공고.hwp,hwp,https://www.bizinfo.go.kr/cmm/fms/fileDown.do?atchFileId=FILE_000000000680787&fileSn=0,1617920,list\PBLN_000000000099059\(공고문)24-2학기+현장실습+참여기업+모집+공고.hwp,
PBLN_000000000093630,ok,본문출력파일,2024년_자영업자고용보험료지원사업_공고.pdf,pdf,https://www.bizinfo.go.kr/cmm/fms/fileDown.do?atchFileId=FILE_000000000662904&fileSn=0,209100,list\PBLN_000000000093630\2024년_자영업자고용보험료지원사업_공고.pdf,
PBLN_000000000102994,ok,본문출력파일,2024년 서천군 지역주도형 청년일자리사업 기업 및 청년 추가모집 공고문_(11월).hwp,hwp,https://www.bizinfo.go.kr/cmm/fms/fileDown.do?atchFileId=FILE_000000000695208&fileSn=0,123904,list\PBLN_000000000102994\2024년 서천군 지역주도형 청년일자리사업 기업 및 청년 추가모집 공고문_(11월).hwp,
PBLN_000000000096316,ok,본문출력파일,첨부1_2024년_인천기업_온라인_채용관_참가기업_모집_공고.hwp,hwp,https://www.bizinfo.go.kr/cmm/fms/fileDown.do?atchFileId=FILE_000000000670524&fileSn=0,1114112,list\PBLN_000000000096316\첨부1_2024년_인천기업_온라인_채용관_참가기업_모집_공고.hwp,
PBLN_000000000098406,ok,본문출력파일,공고문.hwp,hwp,https://www.bizinfo.go.kr/cmm/fms/fileDown.do?atchFileId=FILE_000000000678296&fileSn=0,109056,list\PBLN_000000000098406\공고문.hwp,
PBLN_000000000101434,ok,본문출력파일,공고문.pdf,pdf,https://www.bizinfo.go.kr/cmm/fms/fileDown.do?atchFileId=FILE_000000000688800&fileSn=0,169670,list\PBLN_000000000101434\공고문.pdf,
PBLN_000000000101496,ok,본문출력파일,★2024년 군민채용제 참여기업 모집 공고(3차).pdf,pdf,https://www.bizinfo.go.kr/cmm/fms/fileDown.do?atchFileId=FILE_000000000688987&fileSn=0,347368,list\PBLN_000000000101496\★2024년 군민채용제 참여기업 모집 공고(3차).pdf,
PBLN_000000000104013,ok,본문출력파일,[붙임]_2025년_공동안전관리자_지원사업_2차_공고문.pdf,pdf,https://www.bizinfo.go.kr/cmm/fms/fileDown.do?atchFileId=FILE_000000000699427&fileSn=0,786122,list\PBLN_000000000104013\[붙임]_2025년_공동안전관리자_지원사업_2차_공고문.pdf,
PBLN_000000000103954,ok,첨부파일,[붙임1] 구인신청서.hwp,hwp,https://www.bizinfo.go.kr/cmm/fms/fileDown.do?atchFileId=FILE_000000000699209&fileSn=2,54272,list\PBLN_000000000103954\[붙임1] 구인신청서.hwp,
PBLN_000000000105472,ok,본문출력파일,본문 서류 (2025년 청년일자리도약장려금 사업 안내).pdf,pdf,https://www.bizinfo.go.kr/cmm/fms/fileDown.do?atchFileId=FILE_000000000703611&fileSn=0,650250,list\PBLN_000000000105472\본문 서류 (2025년 청년일자리도약장려금 사업 안내).pdf,
PBLN_000000000103860,ok,본문출력파일,대전+소상공인+산후건강+관리+지원사업(모집공고+신청서).pdf,pdf,https://www.bizinfo.go.kr/cmm/fms/fileDown.do?atchFileId=FILE_000000000699027&fileSn=0,458221,list\PBLN_000000000103860\대전+소상공인+산후건강+관리+지원사업(모집공고+신청서).pdf,
PBLN_000000000103527,ok,본문출력파일,2025년 청년인턴 일자리지원사업 참여기업 모집 공고.pdf,pdf,https://www.bizinfo.go.kr/cmm/fms/fileDown.do?atchFileId=FILE_000000000698089&fileSn=0,275873,list\PBLN_000000000103527\2025년 청년인턴 일자리지원사업 참여기업 모집 공고.pdf,
PBLN_000000000105527,ok,본문출력파일,공고 2025년 전북형 청년친화기업 육성 사업 사업장 모집공고.pdf,pdf,https://www.bizinfo.go.kr/cmm/fms/fileDown.do?atchFileId=FILE_000000000703657&fileSn=0,147621,list\PBLN_000000000105527\공고 2025년 전북형 청년친화기업 육성 사업 사업장 모집공고.pdf,
PBLN_000000000104868,ok,본문출력파일,★25년모집공고계획서 및 제출 서류(서식).hwp,hwp,https://www.bizinfo.go.kr/cmm/fms/fileDown.do?atchFileId=FILE_000000000701834&fileSn=0,111104,list\PBLN_000000000104868\★25년모집공고계획서 및 제출 서류(서식).hwp,
PBLN_000000000103698,ok,본문출력파일,2025년 과학기술분야 R&D 대체인력 활용 지원사업 1차 모집 공고문.pdf,pdf,https://www.bizinfo.go.kr/cmm/fms/fileDown.do?atchFileId=FILE_000000000698538&fileSn=0,759293,list\PBLN_000000000103698\2025년 과학기술분야 R&D 대체인력 활용 지원사업 1차 모집 공고문.pdf,
PBLN_000000000103640,ok,본문출력파일,2025년 고용창출장려금 및 고용안정장려금 사업 공고문.pdf,pdf,https://www.bizinfo.go.kr/cmm/fms/fileDown.do?atchFileId=FILE_000000000698400&fileSn=0,402229,list\PBLN_000000000103640\2025년 고용창출장려금 및 고용안정장려금 사업 공고문.pdf,
PBLN_000000000105593,ok,본문출력파일,[붙임1] 2025년 과학기술분야 R&D 대체인력 활용 지원사업 2차 모집 공고문.pdf,pdf,https://www.bizinfo.go.kr/cmm/fms/fileDown.do?atchFileId=FILE_000000000703889&fileSn=0,760592,list\PBLN_000000000105593\[붙임1] 2025년 과학기술분야 R&D 대체인력 활용 지원사업 2차 모집 공고문.pdf,
PBLN_000000000105198,ok,본문출력파일,2025년+서울시+자영업자+고용보험료+지원사업+공고.pdf,pdf,https://www.bizinfo.go.kr/cmm/fms/fileDown.do?atchFileId=FILE_000000000702899&fileSn=0,476217,list\PBLN_000000000105198\2025년+서울시+자영업자+고용보험료+지원사업+공고.pdf,
PBLN_000000000103889,ok,첨부파일,[붙임] 1. 미래내일 일경험 인턴형 참여 기업 모집 세부 안내 (1).pdf,pdf,https://www.bizinfo.go.kr/cmm/fms/fileDown.do?atchFileId=FILE_000000000699210&fileSn=3,243673,list\PBLN_000000000103889\[붙임] 1. 미래내일 일경험 인턴형 참여 기업 모집 세부 안내 (1).pdf,
PBLN_000000000103417,ok,본문출력파일,(대전상공회의소) 대전상공회의소 회원사 대상 안전관리체계구축 지원 참여기업 모집.pdf,pdf,https://www.bizinfo.go.kr/cmm/fms/fileDown.do?atchFileId=FILE_000000000697640&fileSn=0,89641,list\PBLN_000000000103417\(대전상공회의소) 대전상공회의소 회원사 대상 안전관리체계구축 지원 참여기업 모집.pdf,
PBLN_000000000105502,ok,본문출력파일,(250226)+2025년+인건비지원사업+모집+공고문(게시).hwp,hwp,https://www.bizinfo.go.kr/cmm/fms/fileDown.do?atchFileId=FILE_000000000703641&fileSn=0,264192,list\PBLN_000000000105502\(250226)+2025년+인건비지원사업+모집+공고문(게시).hwp,
PBLN_000000000105105,ok,본문출력파일,붙임1_공고문.hwp,hwp,https://www.bizinfo.go.kr/cmm/fms/fileDown.do?atchFileId=FILE_000000000702571&fileSn=0,95776,list\PBLN_000000000105105\붙임1_공고문.hwp,
PBLN_000000000106022,ok,본문출력파일,[최종] 2025년 자동차산업 중소기업 근로환경개선 지원 사업 공고문.pdf,pdf,https://www.bizinfo.go.kr/cmm/fms/fileDown.do?atchFileId=FILE_000000000704877&fileSn=2,466376,list\PBLN_000000000106022\[최종] 2025년 자동차산업 중소기업 근로환경개선 지원 사업 공고문.pdf,
PBLN_000000000104063,ok,본문출력파일,★(제2025-37호)_2025년_스타트업_AI_기술인력_양성(이어드림_스쿨)_교육생_모집_공고.pdf,pdf,https://www.bizinfo.go.kr/cmm/fms/fileDown.do?atchFileId=FILE_000000000699511&fileSn=0,450385,list\PBLN_000000000104063\★(제2025-37호)_2025년_스타트업_AI_기술인력_양성(이어드림_스쿨)_교육생_모집_공고.pdf,
PBLN_000000000103687,ok,본문출력파일,붙임1 (공고문) 2025년 현장실습 지원사업 표준현장실습 계절제(동계) 참여기업 모집 공고문_배포용.hwp,hwp,https://www.bizinfo.go.kr/cmm/fms/fileDown.do?atchFileId=FILE_000000000698494&fileSn=0,278528,list\PBLN_000000000103687\붙임1 (공고문) 2025년 현장실습 지원사업 표준현장실습 계절제(동계) 참여기업 모집 공고문_배포용.hwp,
PBLN_000000000103672,ok,본문출력파일,제17기 드림터(참여사업장) 모집 공고문.pdf,pdf,https://www.bizinfo.go.kr/cmm/fms/fileDown.do?atchFileId=FILE_000000000698510&fileSn=0,175075,list\PBLN_000000000103672\제17기 드림터(참여사업장) 모집 공고문.pdf,
PBLN_000000000106452,ok,본문출력파일,[붙임1] 2025년 충청북도 기숙사임차비지원사업 모집공고문.pdf,pdf,https://www.bizinfo.go.kr/cmm/fms/fileDown.do?atchFileId=FILE_000000000705989&fileSn=0,299157,list\PBLN_000000000106452\[붙임1] 2025년 충청북도 기숙사임차비지원사업 모집공고문.pdf,
PBLN_000000000106539,ok,본문출력파일,공고문.hwp,hwp,https://www.bizinfo.go.kr/cmm/fms/fileDown.do?atchFileId=FILE_000000000706276&fileSn=1,244224,list\PBLN_000000000106539\공고문.hwp,
PBLN_000000000106264,ok,본문출력파일,공고문2025년 자동차 부품업종 일자리 도약장려금.hwp,hwp,https://www.bizinfo.go.kr/cmm/fms/fileDown.do?atchFileId=FILE_000000000705440&fileSn=0,104448,list\PBLN_000000000106264\공고문2025년 자동차 부품업종 일자리 도약장려금.hwp,
PBLN_000000000104477,ok,본문출력파일,1.2025년 미래 내일 일경험 참여기업 모집 공고문(인턴형)_UXUI(참여기업).hwp,hwp,https://www.bizinfo.go.kr/cmm/fms/fileDown.do?atchFileId=FILE_000000000700609&fileSn=3,190976,list\PBLN_000000000104477\1.2025년 미래 내일 일경험 참여기업 모집 공고문(인턴형)_UXUI(참여기업).hwp,
PBLN_000000000106456,ok,본문출력파일,[붙임] 2025 식품제조업 빈일자리 기업 및 근로자 지원금 지원사업 모집공고.pdf,pdf,https://www.bizinfo.go.kr/cmm/fms/fileDown.do?atchFileId=FILE_000000000706055&fileSn=0,446134,list\PBLN_000000000106456\[붙임] 2025 식품제조업 빈일자리 기업 및 근로자 지원금 지원사업 모집공고.pdf,
PBLN_000000000104958,ok,본문출력파일,석유화학 플랜트 매출 감소기업 고용안정 지원(R&Dㆍ공정개선) 모집 공고.pdf,pdf,https://www.bizinfo.go.kr/cmm/fms/fileDown.do?atchFileId=FILE_000000000702219&fileSn=1,598137,list\PBLN_000000000104958\석유화학 플랜트 매출 감소기업 고용안정 지원(R&Dㆍ공정개선) 모집 공고.pdf,
PBLN_000000000103865,ok,본문출력파일,2025년 새일여성인턴 참여기업체 및 참여자 모집 공고.pdf,pdf,https://www.bizinfo.go.kr/cmm/fms/fileDown.do?atchFileId=FILE_000000000698989&fileSn=0,433807,list\PBLN_000000000103865\2025년 새일여성인턴 참여기업체 및 참여자 모집 공고.pdf,
PBLN_000000000106380,ok,본문출력파일,25년 1분기 (최초) 고령자 고용지원금 신청서 접수 공고.hwp,hwp,https://www.bizinfo.go.kr/cmm/fms/fileDown.do?atchFileId=FILE_000000000705811&fileSn=0,171520,list\PBLN_000000000106380\25년 1분기 (최초) 고령자 고용지원금 신청서 접수 공고.hwp,
PBLN_000000000105414,ok,본문출력파일,경영환경개선점포환경ㆍ위생환경 공고문.hwp,hwp,https://www.bizinfo.go.kr/cmm/fms/fileDown.do?atchFileId=FILE_000000000703443&fileSn=0,105472,list\PBLN_000000000105414\경영환경개선점포환경ㆍ위생환경 공고문.hwp,
PBLN_000000000106354,ok,본문출력파일,식품3. 식품제조업 워라밸 지원사업 모집공고.hwp,hwp,https://www.bizinfo.go.kr/cmm/fms/fileDown.do?atchFileId=FILE_000000000705679&fileSn=0,175616,list\PBLN_000000000106354\식품3. 식품제조업 워라밸 지원사업 모집공고.hwp,
PBLN_000000000106265,ok,본문출력파일,[공고문]2025년 숙련퇴직자 재취업지원금 1차 참여기업 모집.pdf,pdf,https://www.bizinfo.go.kr/cmm/fms/fileDown.do?atchFileId=FILE_000000000705453&fileSn=0,153253,list\PBLN_000000000106265\[공고문]2025년 숙련퇴직자 재취업지원금 1차 참여기업 모집.pdf,
PBLN_000000000106160,ok,본문출력파일,2025년 석유화학업종 복지+ 지원사업 모집공고.hwp,hwp,https://www.bizinfo.go.kr/cmm/fms/fileDown.do?atchFileId=FILE_000000000705288&fileSn=0,140800,list\PBLN_000000000106160\2025년 석유화학업종 복지+ 지원사업 모집공고.hwp,
PBLN_000000000104841,ok,본문출력파일,2025년 한국형 퀵스타트 프로그램 사업 추가 공고.pdf,pdf,https://www.bizinfo.go.kr/cmm/fms/fileDown.do?atchFileId=FILE_000000000701803&fileSn=0,387014,list\PBLN_000000000104841\2025년 한국형 퀵스타트 프로그램 사업 추가 공고.pdf,
PBLN_000000000103717,ok,본문출력파일,붙임_전남_청년_희망_일자리_지원사업_참여자_모집_공고문(3차)(최종_확정)_1부.hwp,hwp,https://www.bizinfo.go.kr/cmm/fms/fileDown.do?atchFileId=FILE_000000000698647&fileSn=0,145920,list\PBLN_000000000103717\붙임_전남_청년_희망_일자리_지원사업_참여자_모집_공고문(3차)(최종_확정)_1부.hwp,
PBLN_000000000104573,ok,본문출력파일,(제2025-48호)_2025년도_산학연_Collabo_RD사업(일반형)_시행계획_공고.pdf,pdf,https://www.bizinfo.go.kr/cmm/fms/fileDown.do?atchFileId=FILE_000000000700958&fileSn=0,526671,list\PBLN_000000000104573\(제2025-48호)_2025년도_산학연_Collabo_RD사업(일반형)_시행계획_공고.pdf,
PBLN_000000000104709,ok,본문출력파일,붙임. 2025년 청년연계 K디자인 파워업 모집공고문.hwp,hwp,https://www.bizinfo.go.kr/cmm/fms/fileDown.do?atchFileId=FILE_000000000701384&fileSn=0,43008,list\PBLN_000000000104709\붙임. 2025년 청년연계 K디자인 파워업 모집공고문.hwp,
PBLN_000000000104241,ok,본문출력파일,2025년 기업인력애로센터 활용 취업 지원 사업 구인기업 및 구직자 모집 공고(최종).pdf,pdf,https://www.bizinfo.go.kr/cmm/fms/fileDown.do?atchFileId=FILE_000000000699999&fileSn=0,285059,list\PBLN_000000000104241\2025년 기업인력애로센터 활용 취업 지원 사업 구인기업 및 구직자 모집 공고(최종).pdf,
PBLN_000000000103443,ok,본문출력파일,[공고문] 2025년 달성 4050플러스 경력형일자리 고용장려금 지원사업 참여기업 모집공고.hwp,hwp,https://www.bizinfo.go.kr/cmm/fms/fileDown.do?atchFileId=FILE_000000000697672&fileSn=0,41984,list\PBLN_000000000103443\[공고문] 2025년 달성 4050플러스 경력형일자리 고용장려금 지원사업 참여기업 모집공고.hwp,
PBLN_000000000106744,ok,본문출력파일,1. 2025년 ai 사관학교 견습생 프로그램(채용연계형) 참여기업 모집 공고문.hwp,hwp,https://www.bizinfo.go.kr/cmm/fms/fileDown.do?atchFileId=FILE_000000000706650&fileSn=0,115200,list\PBLN_000000000106744\1. 2025년 ai 사관학교 견습생 프로그램(채용연계형) 참여기업 모집 공고문.hwp,
PBLN_000000000106025,ok,본문출력파일,붙임1.2025년도우수인재유치및우수경력자인건비지원사업수혜기업모집공고.pdf,pdf,https://www.bizinfo.go.kr/cmm/fms/fileDown.do?atchFileId=FILE_000000000704883&fileSn=0,342364,list\PBLN_000000000106025\붙임1.2025년도우수인재유치및우수경력자인건비지원사업수혜기업모집공고.pdf,
PBLN_000000000105238,ok,본문출력파일,외국인+근로자+산재예방+통역앱+지원사업+모집공고.hwp,hwp,https://www.bizinfo.go.kr/cmm/fms/fileDown.do?atchFileId=FILE_000000000702985&fileSn=0,147968,list\PBLN_000000000105238\외국인+근로자+산재예방+통역앱+지원사업+모집공고.hwp,
PBLN_000000000103670,ok,본문출력파일,2025년 고용창출장려금 및 고용안정장려금 사업 공고문.pdf,pdf,https://www.bizinfo.go.kr/cmm/fms/fileDown.do?atchFileId=FILE_000000000698502&fileSn=0,402229,list\PBLN_000000000103670\2025년 고용창출장려금 및 고용안정장려금 사업 공고문.pdf,
PBLN_000000000103691,ok,본문출력파일,2025년 고용창출장려금 및 고용안정장려금 사업 공고문.pdf,pdf,https://www.bizinfo.go.kr/cmm/fms/fileDown.do?atchFileId=FILE_000000000698512&fileSn=0,402229,list\PBLN_000000000103691\2025년 고용창출장려금 및 고용안정장려금 사업 공고문.pdf,
PBLN_000000000106471,ok,본문출력파일,사업공고문.hwp,hwp,https://www.bizinfo.go.kr/cmm/fms/fileDown.do?atchFileId=FILE_000000000706109&fileSn=0,113664,list\PBLN_000000000106471\사업공고문.hwp,
PBLN_000000000103494,ok,본문출력파일,2025년 공예업체 인턴지원사업 희망업체 모집 공고문.pdf,pdf,https://www.bizinfo.go.kr/cmm/fms/fileDown.do?atchFileId=FILE_000000000697958&fileSn=0,325417,list\PBLN_000000000103494\2025년 공예업체 인턴지원사업 희망업체 모집 공고문.pdf,
PBLN_000000000106254,ok,본문출력파일,[공고 및 신청서] 2025년 충북 기업문화 향상 지원사업.hwp,hwp,https://www.bizinfo.go.kr/cmm/fms/fileDown.do?atchFileId=FILE_000000000705481&fileSn=0,53776,list\PBLN_000000000106254\[공고 및 신청서] 2025년 충북 기업문화 향상 지원사업.hwp,
PBLN_000000000105147,ok,본문출력파일,첨부서류) 2025년 미래내일 일경험 프로젝트형 최종.pdf,pdf,https://www.bizinfo.go.kr/cmm/fms/fileDown.do?atchFileId=FILE_000000000702716&fileSn=0,87126,list\PBLN_000000000105147\첨부서류) 2025년 미래내일 일경험 프로젝트형 최종.pdf,
PBLN_000000000104155,ok,본문출력파일,소상공인 아이돌봄 서비스 지원 2차 사업 참여자 모집 공고문.pdf,pdf,https://www.bizinfo.go.kr/cmm/fms/fileDown.do?atchFileId=FILE_000000000699857&fileSn=1,525590,list\PBLN_000000000104155\소상공인 아이돌봄 서비스 지원 2차 사업 참여자 모집 공고문.pdf,
PBLN_000000000105374,ok,본문출력파일,2025년 중소기업 근로자 기숙사 임차비 지원 참여기업 모집공고.hwp,hwp,https://www.bizinfo.go.kr/cmm/fms/fileDown.do?atchFileId=FILE_000000000703268&fileSn=0,128000,list\PBLN_000000000105374\2025년 중소기업 근로자 기숙사 임차비 지원 참여기업 모집공고.hwp,
PBLN_000000000104601,ok,본문출력파일,2025년 서울 농업인 농업기계 구매 지원사업 신청자 모집 공고문.pdf,pdf,https://www.bizinfo.go.kr/cmm/fms/fileDown.do?atchFileId=FILE_000000000700998&fileSn=0,168513,list\PBLN_000000000104601\2025년 서울 농업인 농업기계 구매 지원사업 신청자 모집 공고문.pdf,
PBLN_000000000104042,ok,본문출력파일,붙임1.25년+초등학부모10시출근제도입중소사업장장려금사업공고.pdf,pdf,https://www.bizinfo.go.kr/cmm/fms/fileDown.do?atchFileId=FILE_000000000699464&fileSn=0,396301,list\PBLN_000000000104042\붙임1.25년+초등학부모10시출근제도입중소사업장장려금사업공고.pdf,
PBLN_000000000103926,ok,본문출력파일,★2025 청년일자리도약장려금 사업안내 공고문_0120.pdf,pdf,https://www.bizinfo.go.kr/cmm/fms/fileDown.do?atchFileId=FILE_000000000699185&fileSn=0,201298,list\PBLN_000000000103926\★2025 청년일자리도약장려금 사업안내 공고문_0120.pdf,
PBLN_000000000105273,ok,본문출력파일,청년 근속장려금 지원사업 참여기업 모집 공고.pdf,pdf,https://www.bizinfo.go.kr/cmm/fms/fileDown.do?atchFileId=FILE_000000000703061&fileSn=0,177852,list\PBLN_000000000105273\청년 근속장려금 지원사업 참여기업 모집 공고.pdf,
PBLN_000000000104269,ok,본문출력파일,2025년 현장노동자 휴게시설 개선 지원사업 공고문.hwp,hwp,https://www.bizinfo.go.kr/cmm/fms/fileDown.do?atchFileId=FILE_000000000700079&fileSn=0,182784,list\PBLN_000000000104269\2025년 현장노동자 휴게시설 개선 지원사업 공고문.hwp,
PBLN_000000000104543,ok,본문출력파일,공고문(2025년 수산시장시설개선).hwp,hwp,https://www.bizinfo.go.kr/cmm/fms/fileDown.do?atchFileId=FILE_000000000700840&fileSn=0,182784,list\PBLN_000000000104543\공고문(2025년 수산시장시설개선).hwp,
PBLN_000000000103884,ok,본문출력파일,2025년 『청년취업 2000 사업』 참여기업 모집공고.pdf,pdf,https://www.bizinfo.go.kr/cmm/fms/fileDown.do?atchFileId=FILE_000000000699058&fileSn=0,210392,list\PBLN_000000000103884\2025년 『청년취업 2000 사업』 참여기업 모집공고.pdf,
PBLN_000000000103444,ok,본문출력파일,2025 홍콩 선물용품 전시회 한국관 참가기업 모집 안내.pdf,pdf,https://www.bizinfo.go.kr/cmm/fms/fileDown.do?atchFileId=FILE_000000000697682&fileSn=1,154905,list\PBLN_000000000103444\2025 홍콩 선물용품 전시회 한국관 참가기업 모집 안내.pdf,
PBLN_000000000106396,ok,본문출력파일,(공고문)2025년 청년 일경험(인턴) 지원사업 참여기업 모집.hwp,hwp,https://www.bizinfo.go.kr/cmm/fms/fileDown.do?atchFileId=FILE_000000000705815&fileSn=0,116736,list\PBLN_000000000106396\(공고문)2025년 청년 일경험(인턴) 지원사업 참여기업 모집.hwp,
PBLN_000000000105359,ok,본문출력파일,작업장 환경개선 지원사업 공고문.pdf,pdf,https://www.bizinfo.go.kr/cmm/fms/fileDown.do?atchFileId=FILE_000000000703291&fileSn=1,484465,list\PBLN_000000000105359\작업장 환경개선 지원사업 공고문.pdf,
PBLN_000000000103768,ok,본문출력파일,2025-124_2025년 사회적기업 사회보험료 지원사업 참여기업 모집 공고문.pdf,pdf,https://www.bizinfo.go.kr/cmm/fms/fileDown.do?atchFileId=FILE_000000000698753&fileSn=0,188994,list\PBLN_000000000103768\2025-124_2025년 사회적기업 사회보험료 지원사업 참여기업 모집 공고문.pdf,
PBLN_000000000106623,ok,본문출력파일,모집공고-2025년+대전+소상공인+건강검진+지원사업.hwp,hwp,https://www.bizinfo.go.kr/cmm/fms/fileDown.do?atchFileId=FILE_000000000706420&fileSn=0,85504,list\PBLN_000000000106623\모집공고-2025년+대전+소상공인+건강검진+지원사업.hwp,
PBLN_000000000106074,ok,본문출력파일,2025년 미래 내일 일경험 참여기업 모집 공고문(인턴형)_콘텐츠 디자인.hwp,hwp,https://www.bizinfo.go.kr/cmm/fms/fileDown.do?atchFileId=FILE_000000000705044&fileSn=0,225792,list\PBLN_000000000106074\2025년 미래 내일 일경험 참여기업 모집 공고문(인턴형)_콘텐츠 디자인.hwp,
PBLN_000000000104160,ok,본문출력파일,[신진 연구인력 채용지원]2025년_중소기업_연구인력지원사업.pdf,pdf,https://www.bizinfo.go.kr/cmm/fms/fileDown.do?atchFileId=FILE_000000000699846&fileSn=1,431298,list\PBLN_000000000104160\[신진 연구인력 채용지원]2025년_중소기업_연구인력지원사업.pdf,
PBLN_000000000104550,ok,본문출력파일,공고문(2025년 수산물 가공품 포장기자재 자원사업).hwp,hwp,https://www.bizinfo.go.kr/cmm/fms/fileDown.do?atchFileId=FILE_000000000700846&fileSn=0,112640,list\PBLN_000000000104550\공고문(2025년 수산물 가공품 포장기자재 자원사업).hwp,
PBLN_000000000105242,ok,본문출력파일,(공고)_2025년_해외인력_취업매칭지원(K-Tech_college)_운영사_모집_공고.pdf,pdf,https://www.bizinfo.go.kr/cmm/fms/fileDown.do?atchFileId=FILE_000000000702946&fileSn=0,1063833,list\PBLN_000000000105242\(공고)_2025년_해외인력_취업매칭지원(K-Tech_college)_운영사_모집_공고.pdf,
PBLN_000000000106372,ok,본문출력파일,2025년 출향청년 채용 전주기업 취업지원 사업 참여기업 모집 재공고.hwp,hwp,https://www.bizinfo.go.kr/cmm/fms/fileDown.do?atchFileId=FILE_000000000705754&fileSn=0,172544,list\PBLN_000000000106372\2025년 출향청년 채용 전주기업 취업지원 사업 참여기업 모집 재공고.hwp,
PBLN_000000000105701,ok,본문출력파일,2025년도 비정규직고용개선사업 - 휴게시설개선사업 공고.hwp,hwp,https://www.bizinfo.go.kr/cmm/fms/fileDown.do?atchFileId=FILE_000000000704072&fileSn=0,87552,list\PBLN_000000000105701\2025년도 비정규직고용개선사업 - 휴게시설개선사업 공고.hwp,
PBLN_000000000105583,ok,본문출력파일,2025년 미래 청년 일자리 사업 참여기업(사업장) 모집 공고문.pdf,pdf,https://www.bizinfo.go.kr/cmm/fms/fileDown.do?atchFileId=FILE_000000000703840&fileSn=0,434896,list\PBLN_000000000105583\2025년 미래 청년 일자리 사업 참여기업(사업장) 모집 공고문.pdf,
